category,stock_code,abc_class,monthly_velocity,pick_frequency,total_sales,slotting_score,rank_in_category
Others,85123A,A,4557.4545454545454,2803,136346.098907709,4557.4545454545454,1
Others,85099B,A,3853.9090909090909,1674,77096.2000346184,3853.9090909090909,2
Others,22423,A,1303.2500000000000,1647,128397.198662758,1303.2500000000000,3
Others,21212,A,4786.0000000000000,1590,27158.8900848031,4786.0000000000000,4
Others,21232,A,2118.3636363636363,1446,29443.8594110012,2118.3636363636363,5
Others,20725,A,1729.5454545454545,1342,32094.290084362,1729.5454545454545,6
Others,84991,A,3048.0909090909090,1180,16681.3300765753,3048.0909090909090,7
Others,21754,A,389.0909090909090,1136,26205.7592077255,389.0909090909090,8
Others,84879,A,3133.1818181818181,1117,55824.4818072319,3133.1818181818181,9
Others,21080,A,1499.7272727272727,1038,12943.3300831318,1499.7272727272727,10
Others,20914,A,1028.6363636363636,1011,31325.7099065781,1028.6363636363636,11
Others,21977,A,2557.9090909090909,999,14274.4000703692,2557.9090909090909,12
Others,21931,A,1248.4545454545454,995,26207.8901538849,1248.4545454545454,13
Others,82494L,A,691.4545454545454,975,21813.950019598,691.4545454545454,14
Others,22138,A,401.8181818181818,975,21652.189450264,401.8181818181818,14
Others,22383,A,1156.5000000000000,973,19089.7199854851,1156.5000000000000,16
Others,21755,A,297.1818181818181,970,20246.8693962097,297.1818181818181,17
Others,48138,A,514.9090909090909,955,36589.1392903328,514.9090909090909,18
Others,85099F,A,1620.0000000000000,948,32696.0400619507,1620.0000000000000,19
Others,20727,A,1213.0909090909090,947,21274.9201472998,1213.0909090909090,20
Others,22139,A,477.0909090909090,936,25379.2695026398,477.0909090909090,21
Others,20685,A,468.5454545454545,919,34396.8893823624,468.5454545454545,22
Others,22384,A,979.3000000000000,916,15838.279950738,979.3000000000000,23
Others,22386,A,1585.9000000000000,906,29278.2701060772,1585.9000000000000,24
Others,47566,A,850.7272727272727,902,46271.6004900932,850.7272727272727,25
Others,22382,A,910.1000000000000,889,14846.2199430466,910.1000000000000,26
Others,21843,A,351.0909090909090,886,40650.7793874741,351.0909090909090,27
Others,22411,A,1279.4000000000000,880,23987.9401783943,1279.4000000000000,28
Others,20724,A,1175.4545454545454,873,11742.0102926493,1175.4545454545454,29
Others,21231,A,1046.2727272727272,856,14218.6697289944,1046.2727272727272,30
Others,22090,A,785.4545454545454,843,26124.9799461365,785.4545454545454,31
Others,21733,A,763.9090909090909,833,23430.2499880791,763.9090909090909,32
Others,22469,A,1216.1428571428571,831,14274.4899332523,1216.1428571428571,33
Others,21034,B,154.9090909090909,827,1618.79997968674,154.9090909090909,34
Others,85099C,A,1376.2727272727272,827,27877.1800742149,1376.2727272727272,34
Others,22470,A,884.4285714285714,825,17923.950160265,884.4285714285714,36
Others,20728,A,1110.5454545454545,817,19502.0401260853,1110.5454545454545,37
Others,84970S,A,1429.2727272727272,812,12769.4201945066,1429.2727272727272,38
Others,21790,A,939.5454545454545,801,8614.34025323391,939.5454545454545,39
Others,20726,A,1042.1818181818181,800,18812.4600836039,1042.1818181818181,40
Others,21181,A,980.8181818181818,777,21365.389670372,980.8181818181818,41
Others,82482,A,625.9090909090909,774,16283.0395092964,625.9090909090909,42
Others,21621,A,357.0909090909090,770,34119.8698482513,357.0909090909090,43
Others,22355,A,1046.9090909090909,757,12499.1002219915,1046.9090909090909,44
Others,84992,A,1668.1818181818181,755,9265.83003139496,1668.1818181818181,45
Others,22356,A,865.2727272727272,750,8536.20021486282,865.2727272727272,46
Others,84836,A,1133.7272727272727,749,15094.6497858763,1133.7272727272727,47
Others,22114,A,410.7272727272727,731,18909.3501355648,410.7272727272727,48
Others,22379,A,757.8000000000000,730,16175.4497352839,757.8000000000000,49
Others,21175,A,694.0909090909090,729,15061.139721632,694.0909090909090,50
Others,22197,A,2038.0909090909090,719,17895.9105921984,2038.0909090909090,51
Others,21535,A,373.3636363636363,713,10364.6797597408,373.3636363636363,52
Others,21213,A,2056.8181818181818,708,11528.8100670576,2056.8181818181818,53
Others,22189,A,623.2727272727272,699,22752.0201592445,623.2727272727272,54
Others,48194,A,367.7272727272727,687,24590.429599762,367.7272727272727,55
Others,22111,A,328.7272727272727,687,18162.7096710205,328.7272727272727,55
Others,84946,A,1230.2727272727272,676,17523.8396314383,1230.2727272727272,57
Others,85152,A,663.4545454545454,674,13885.7297754288,663.4545454545454,58
Others,22083,A,728.9090909090909,673,22593.3999123573,728.9090909090909,59
Others,21929,A,1241.1818181818181,655,24628.7600049973,1241.1818181818181,60
Others,20719,A,916.6363636363636,655,9595.12021827698,916.6363636363636,60
Others,22149,A,467.5454545454545,652,10705.1997025013,467.5454545454545,62
Others,22178,A,1026.2727272727272,649,14033.6897902489,1026.2727272727272,63
Others,21928,A,1138.8181818181818,645,22660.5999927521,1138.8181818181818,64
Others,22077,A,584.5454545454545,642,10827.2899160385,584.5454545454545,65
Others,20972,A,1012.0909090909090,641,13206.4697406292,1012.0909090909090,66
Others,82580,A,619.0909090909090,635,3657.97002756596,619.0909090909090,67
Others,21975,A,1604.6363636363636,628,8466.00002491474,1604.6363636363636,68
Others,84978,A,758.2727272727272,626,10877.8298091888,758.2727272727272,69
Others,22112,A,314.4545454545454,626,17145.2696943283,314.4545454545454,69
Others,22457,A,610.7500000000000,621,14433.0200788975,610.7500000000000,71
Others,84520B,A,618.9090909090909,618,5901.51003921032,618.9090909090909,72
Others,21527,A,237.8181818181818,616,19266.8696451187,237.8181818181818,73
Others,21210,A,762.4545454545454,616,12018.710287571,762.4545454545454,73
Others,47591D,A,484.0909090909090,611,9929.79011905193,484.0909090909090,75
Others,21524,A,294.0909090909090,610,20317.1896343231,294.0909090909090,76
Others,48187,A,287.1818181818181,597,19726.1796264648,287.1818181818181,77
Others,82486,A,211.0909090909090,595,17661.7295331955,211.0909090909090,78
Others,84755,A,2120.1818181818181,593,14221.1599330902,2120.1818181818181,79
Others,21429,A,342.8181818181818,589,6469.159943223,342.8181818181818,80
Others,21791,A,742.8181818181818,585,9821.72979569435,742.8181818181818,81
Others,85150,A,359.3636363636363,584,9964.51976799965,359.3636363636363,82
Others,20723,A,675.8181818181818,583,6713.11016845703,675.8181818181818,83
Others,22352,A,330.0909090909090,581,9069.54977083206,330.0909090909090,84
Others,21166,A,745.3636363636363,577,14656.0703904629,745.3636363636363,85
Others,21485,A,270.0909090909090,575,14281.4496831894,270.0909090909090,86
Others,22381,A,506.9000000000000,574,10629.229780674,506.9000000000000,87
Others,21731,A,1157.3636363636363,574,20881.120118618,1157.3636363636363,87
Others,82600,A,526.5454545454545,572,11257.3298473358,526.5454545454545,89
Others,20718,A,687.0909090909090,569,9440.32979416847,687.0909090909090,90
Others,21559,A,347.1818181818181,568,9417.14975047112,347.1818181818181,91
Others,84997B,A,423.3636363636363,565,17396.800154686,423.3636363636363,92
Others,84970L,A,945.6363636363636,562,9869.28005760908,945.6363636363636,93
Others,21533,A,163.6363636363636,561,8997.32978010178,163.6363636363636,94
Others,48185,A,274.1818181818181,560,20097.8796405792,274.1818181818181,95
Others,22326,A,569.8000000000000,559,16393.9399995804,569.8000000000000,96
Others,22585,A,1083.3750000000000,553,10830.6298789978,1083.3750000000000,97
Others,84997C,A,425.6363636363636,553,17112.730162859,425.6363636363636,97
Others,72741,A,1137.8181818181818,552,17273.0402562618,1137.8181818181818,99
Others,20713,A,737.7272727272727,549,15298.7700669765,737.7272727272727,100
Others,71459,A,1703.6363636363636,547,15367.9004992247,1703.6363636363636,101
Others,22528,A,720.8750000000000,546,7457.20988798141,720.8750000000000,102
Others,15056N,A,626.1818181818181,545,33687.8791246414,626.1818181818181,103
Others,84029E,A,378.6363636363636,540,14602.9601659775,378.6363636363636,104
Others,22348,A,700.2727272727272,536,6433.79018974304,700.2727272727272,105
Others,21523,A,299.5454545454545,534,21610.4795970917,299.5454545454545,106
Others,21930,A,577.3636363636363,532,12031.5700993538,577.3636363636363,107
Others,22086,A,774.5454545454545,529,24566.4898412228,774.5454545454545,108
Others,84997D,A,459.1818181818181,526,18301.2902011871,459.1818181818181,109
Others,22219,A,448.1818181818181,524,4588.10009074211,448.1818181818181,110
Others,37503,A,273.8888888888888,522,25428.3297939301,273.8888888888888,111
Others,22029,A,757.6363636363636,522,3455.51996845007,757.6363636363636,111
Others,22297,A,757.9090909090909,519,10727.0099437237,757.9090909090909,113
Others,20971,A,824.9090909090909,519,10982.5197687149,824.9090909090909,113
Others,21868,A,560.1818181818181,512,7312.47994041443,560.1818181818181,115
Others,22147,A,497.0000000000000,511,7624.81015372276,497.0000000000000,116
Others,21217,A,143.8181818181818,509,15709.9396982193,143.8181818181818,117
Others,21174,A,450.7272727272727,509,9044.42010045052,450.7272727272727,117
Others,22328,A,532.1000000000000,507,14854.7099692822,532.1000000000000,119
Others,22367,A,351.0000000000000,501,6692.93009209633,351.0000000000000,120
Others,21936,A,335.5454545454545,500,10714.850007534,335.5454545454545,121
Others,22551,A,717.2500000000000,499,9397.54997885227,717.2500000000000,122
Others,85232B,A,236.9090909090909,497,13209.1996679306,236.9090909090909,123
Others,82483,A,194.6363636363636,497,11907.9196062088,194.6363636363636,123
Others,21955,A,239.7272727272727,496,15743.899728775,239.7272727272727,125
Others,22417,A,1148.2000000000000,496,5824.00002551079,1148.2000000000000,125
Others,84406B,A,410.4545454545454,495,13613.4299993515,410.4545454545454,127
Others,21622,A,291.0000000000000,493,17335.7194818258,291.0000000000000,128
Others,85014B,A,364.4545454545454,491,18417.3795871735,364.4545454545454,129
Others,22385,A,743.4000000000000,489,13561.3000619411,743.4000000000000,130
Others,21976,A,765.9090909090909,488,4408.24002426863,765.9090909090909,131
Others,21156,A,427.8181818181818,488,8661.63007879257,427.8181818181818,131
Others,22556,A,706.0000000000000,486,9080.41997659206,706.0000000000000,133
Others,21035,A,256.3636363636363,485,8503.60004878044,256.3636363636363,134
Others,84378,A,429.1818181818181,481,6103.13996529579,429.1818181818181,135
Others,15056BL,A,565.0000000000000,477,29048.7392034531,565.0000000000000,136
Others,22087,A,347.4545454545454,474,11913.5599822998,347.4545454545454,137
Others,21531,A,202.9090909090909,473,5693.23986363411,202.9090909090909,138
Others,22294,A,862.9090909090909,473,11754.7798745632,862.9090909090909,138
Others,21238,A,479.7272727272727,472,4443.01012516022,479.7272727272727,140
Others,82581,A,395.2727272727272,471,2391.95003503561,395.2727272727272,141
Others,82583,A,433.4545454545454,471,9337.10990428925,433.4545454545454,141
Others,20712,A,664.0909090909090,470,13926.6900837421,664.0909090909090,143
Others,20754,A,303.9090909090909,469,6725.87991762161,303.9090909090909,144
Others,20711,A,572.4545454545454,468,12005.6000692844,572.4545454545454,145
Others,84270,A,2064.4545454545454,468,4776.62986183167,2064.4545454545454,145
Others,22353,A,270.7272727272727,468,7758.97980618477,270.7272727272727,145
Others,22055,A,296.2727272727272,467,5602.11999642849,296.2727272727272,148
Others,84692,A,931.9090909090909,467,4484.93987882137,931.9090909090909,148
Others,20676,A,462.1818181818181,463,6228.53988361359,462.1818181818181,150
Others,84988,A,334.1818181818181,463,5711.02013468742,334.1818181818181,150
Others,21218,A,237.7272727272727,456,9817.10002350807,237.7272727272727,152
Others,20750,A,159.1818181818181,455,12771.4297456741,159.1818181818181,153
Others,21314,A,558.9090909090909,451,12663.2998790741,558.9090909090909,154
Others,47590B,A,300.0909090909090,450,16692.4398856163,300.0909090909090,155
Others,21165,A,427.4545454545454,448,7374.52022171021,427.4545454545454,156
Others,21172,A,339.8181818181818,446,5362.47011828423,339.8181818181818,157
Others,22198,A,434.6363636363636,439,8237.67997026443,434.6363636363636,158
Others,22196,A,284.1818181818181,438,2834.2000656724,284.1818181818181,159
Others,22557,A,541.2500000000000,434,7016.24001836777,541.2500000000000,160
Others,21121,A,660.1818181818181,433,8869.5399107933,660.1818181818181,161
Others,48111,A,265.1818181818181,433,16912.0297336578,265.1818181818181,161
Others,21155,A,301.8181818181818,433,6576.04991054535,301.8181818181818,161
Others,20975,A,918.0000000000000,433,6530.87982869148,918.0000000000000,161
Others,22554,A,581.5000000000000,433,7684.92996537685,581.5000000000000,161
Others,22027,A,546.6363636363636,432,2561.93995890021,546.6363636363636,166
Others,22624,A,184.3333333333333,431,9460.88001823425,184.3333333333333,167
Others,21908,A,490.1818181818181,431,10285.3998682499,490.1818181818181,167
Others,22082,A,354.7272727272727,429,6329.84997475147,354.7272727272727,169
Others,21985,A,1456.3636363636363,429,6021.43993514776,1456.3636363636363,169
Others,22296,A,529.4545454545454,428,9516.98995625973,529.4545454545454,171
Others,21539,A,147.0000000000000,426,8108.70984363556,147.0000000000000,172
Others,21889,A,442.8181818181818,425,6348.83991765976,442.8181818181818,173
Others,47556B,A,225.0909090909090,425,7286.15006542206,225.0909090909090,173
Others,84987,A,415.8181818181818,424,6640.08017849922,415.8181818181818,175
Others,22487,A,94.8750000000000,424,7577.74988079071,94.8750000000000,175
Others,21122,A,567.1818181818181,419,7599.66992807388,567.1818181818181,177
Others,15036,A,1706.7272727272727,416,13149.4696811438,1706.7272727272727,178
Others,21498,A,1302.2727272727272,415,5796.49985805154,1302.2727272727272,179
Others,22558,A,681.5714285714285,415,5716.01988148689,681.5714285714285,179
Others,82552,A,345.5454545454545,413,4643.2499396801,345.5454545454545,181
Others,21974,A,417.0000000000000,411,6675.53014755249,417.0000000000000,182
Others,21094,A,901.9090909090909,411,7695.44000768662,901.9090909090909,182
Others,47568,A,264.8888888888888,410,4983.01989126205,264.8888888888888,184
Others,84077,A,3784.6363636363636,407,8546.60995782912,3784.6363636363636,185
Others,22413,A,298.7000000000000,406,7959.57005143166,298.7000000000000,186
Others,22271,A,224.0000000000000,406,7056.91005659103,224.0000000000000,186
Others,22173,A,194.6363636363636,406,6279.95003342628,194.6363636363636,186
Others,21078,A,398.0909090909090,406,3576.0100351572,398.0909090909090,186
Others,21239,A,370.7272727272727,405,3480.18009287119,370.7272727272727,190
Others,84050,A,549.2727272727272,404,8854.68996286392,549.2727272727272,191
Others,22617,A,219.1250000000000,404,8421.78977489471,219.1250000000000,191
Others,21240,A,346.0000000000000,403,3234.06008690596,346.0000000000000,193
Others,21154,A,327.2727272727272,401,4814.32992959023,327.2727272727272,194
Others,21900,A,433.0909090909090,400,3103.53988409042,433.0909090909090,195
Others,22273,A,206.6363636363636,399,6579.370033741,206.6363636363636,196
Others,22666,A,430.0000000000000,397,5131.60004138947,430.0000000000000,197
Others,22561,A,626.1250000000000,396,8198.0199649334,626.1250000000000,198
Others,21164,A,351.1818181818181,395,10474.8300085068,351.1818181818181,199
Others,82484,A,434.7142857142857,395,16527.6101446152,434.7142857142857,199
Others,22553,A,349.6250000000000,395,4588.27996659279,349.6250000000000,199
Others,21481,A,327.7272727272727,395,10261.6799557209,327.7272727272727,199
Others,84839,A,138.4545454545454,393,8747.05013751984,138.4545454545454,203
Others,71477,A,607.3636363636363,393,19253.2499933243,607.3636363636363,203
Others,22064,A,388.7272727272727,393,7047.93003165722,388.7272727272727,203
Others,21937,A,210.3636363636363,389,6912.11999607086,210.3636363636363,206
Others,82551,A,242.4545454545454,387,3453.96998286247,242.4545454545454,207
Others,22646,A,637.8333333333333,387,5558.81012868881,637.8333333333333,207
Others,22464,A,490.3750000000000,385,6640.50995790958,490.3750000000000,209
Others,48184,A,209.9090909090909,384,14203.1097192764,209.9090909090909,210
Others,22150,A,394.1818181818181,384,7719.74002456665,394.1818181818181,210
Others,22502,A,250.0000000000000,381,7390.73998069763,250.0000000000000,212
Others,22295,A,445.9090909090909,379,8040.60995018482,445.9090909090909,213
Others,84029G,A,210.6363636363636,379,8655.08013677597,210.6363636363636,213
Others,21870,A,352.4545454545454,378,4742.93992733955,352.4545454545454,215
Others,47559B,A,250.1818181818181,376,3425.24995565414,250.1818181818181,216
Others,85014A,A,301.1818181818181,374,14335.9097099304,301.1818181818181,217
Others,20677,A,349.0909090909090,374,4687.00990605354,349.0909090909090,217
Others,21673,A,492.6363636363636,373,6879.40987634659,492.6363636363636,219
Others,21672,A,531.1818181818181,373,7259.91986823082,531.1818181818181,219
Others,22607,A,164.2857142857142,371,9869.97000789642,164.2857142857142,221
Others,22073,A,147.3636363636363,371,6456.86003494263,147.3636363636363,221
Others,22507,A,223.1250000000000,371,8384.86978816986,223.1250000000000,221
Others,22212,A,186.3636363636363,369,4179.03985929489,186.3636363636363,224
Others,21912,A,147.8181818181818,365,6327.10003709793,147.8181818181818,225
Others,21086,A,759.5454545454545,365,5207.44978260994,759.5454545454545,225
Others,82578,B,304.0000000000000,365,1801.5900169611,304.0000000000000,225
Others,85066,A,97.2727272727272,363,13179.5299444199,97.2727272727272,228
Others,21918,A,621.7272727272727,362,2810.48996853828,621.7272727272727,229
Others,22195,A,247.9090909090909,361,4647.21997153759,247.9090909090909,230
Others,48188,A,240.1818181818181,361,15237.9397592545,240.1818181818181,230
Others,21888,A,138.3636363636363,361,5992.34002542496,138.3636363636363,230
Others,20974,A,442.9090909090909,361,3257.71989774704,442.9090909090909,230
Others,47566B,A,277.7272727272727,360,13013.1301455498,277.7272727272727,234
Others,21670,A,386.0000000000000,360,5580.41993093491,386.0000000000000,234
Others,84380,A,372.1818181818181,359,5179.83991599083,372.1818181818181,236
Others,22088,A,215.5454545454545,359,6995.94001197815,215.5454545454545,236
Others,22505,A,234.6250000000000,359,8972.33978748322,234.6250000000000,236
Others,21871,A,503.6363636363636,358,6306.68999266624,503.6363636363636,239
Others,22030,A,562.0909090909090,358,2530.77996945381,562.0909090909090,239
Others,21907,A,255.1000000000000,358,5324.49981784821,255.1000000000000,239
Others,79321,A,362.1818181818181,358,18924.3398752213,362.1818181818181,239
Others,22131,A,267.1818181818181,357,5455.09002661705,267.1818181818181,243
Others,22630,A,1016.5000000000000,354,7602.04007411003,1016.5000000000000,244
Others,21877,A,731.4545454545454,354,8296.6799697876,731.4545454545454,244
Others,22555,A,590.0000000000000,353,7522.52999329567,590.0000000000000,246
Others,21935,A,321.9090909090909,352,6422.8800330162,321.9090909090909,247
Others,21124,A,481.3636363636363,351,6460.70994448662,481.3636363636363,248
Others,22301,A,234.9090909090909,351,6556.47984290123,234.9090909090909,248
Others,21668,A,401.0909090909090,351,5810.34993624687,401.0909090909090,248
Others,22380,A,338.2000000000000,350,6829.11987006664,338.2000000000000,251
Others,79323W,A,300.4000000000000,349,18048.719622612,300.4000000000000,252
Others,71053,A,228.9090909090909,346,9345.56017398834,228.9090909090909,253
Others,22061,A,137.7272727272727,345,14156.6899328232,137.7272727272727,254
Others,21390,A,609.3636363636363,345,8277.22992610931,609.3636363636363,254
Others,21411,A,109.5454545454545,345,4931.46999835968,109.5454545454545,254
Others,22488,A,406.2500000000000,343,5470.01997590065,406.2500000000000,257
Others,21669,A,450.0000000000000,343,6242.24989509583,450.0000000000000,257
Others,79029,A,327.1111111111111,343,5473.82002568245,327.1111111111111,257
Others,22499,A,156.1111111111111,341,8488.65974922478,156.1111111111111,260
Others,22444,A,965.2500000000000,341,10023.8799564838,965.2500000000000,260
Others,22329,A,332.0000000000000,340,5379.55002236366,332.0000000000000,262
Others,22629,A,1062.0000000000000,340,7879.04008865356,1062.0000000000000,262
Others,20679,A,378.0909090909090,337,18399.3895730972,378.0909090909090,264
Others,85049E,A,258.0909090909090,337,3684.99997615814,258.0909090909090,264
Others,35961,A,721.7272727272727,335,6410.36019361019,721.7272727272727,266
Others,22188,A,426.4545454545454,335,13495.5299696922,426.4545454545454,266
Others,22508,A,134.8750000000000,334,4242.3600127697,134.8750000000000,268
Others,21901,A,355.9090909090909,334,2514.72990345955,355.9090909090909,268
Others,21385,A,597.9090909090909,332,5580.85015070438,597.9090909090909,270
Others,37448,A,276.5454545454545,332,4537.14001464844,276.5454545454545,270
Others,22084,A,310.2727272727272,331,9371.22000217438,310.2727272727272,272
Others,22625,A,143.0000000000000,331,7413.65000867844,143.0000000000000,272
Others,22151,A,1004.0909090909090,330,4639.69991722703,1004.0909090909090,274
Others,20675,A,280.5454545454545,330,3759.92993688583,280.5454545454545,274
Others,20749,A,102.1818181818181,329,8273.77983283997,102.1818181818181,276
Others,21891,A,305.0000000000000,328,4201.12995433807,305.0000000000000,277
Others,22584,A,320.8750000000000,328,6496.15983486176,320.8750000000000,277
Others,22227,A,311.7272727272727,328,2462.23991847038,311.7272727272727,277
Others,21484,A,165.6363636363636,327,6226.30008745193,165.6363636363636,280
Others,22467,A,408.0000000000000,326,7591.60975337029,408.0000000000000,281
Others,21380,A,199.4545454545454,326,6516.05006456375,199.4545454545454,281
Others,21216,A,145.4545454545454,326,7901.90987491608,145.4545454545454,281
Others,21509,B,412.7272727272727,325,1840.50998455286,412.7272727272727,284
Others,84949,A,518.3636363636363,325,9111.36005985737,518.3636363636363,284
Others,21114,A,355.1818181818181,325,4986.01998329163,355.1818181818181,284
Others,22333,A,426.5454545454545,324,7287.65008163452,426.5454545454545,287
Others,20979,A,342.2727272727272,323,4732.24995040894,342.2727272727272,288
Others,22910,A,2065.5000000000000,322,11547.3899953365,2065.5000000000000,289
Others,21260,A,198.0000000000000,321,7265.24004650116,198.0000000000000,290
Others,22605,A,143.8571428571428,321,11605.4298839569,143.8571428571428,290
Others,82582,A,261.9000000000000,320,5322.32986688614,261.9000000000000,292
Others,21671,A,434.8181818181818,318,5877.5898911953,434.8181818181818,293
Others,22236,A,71.3636363636363,318,9907.41995048523,71.3636363636363,293
Others,22358,A,187.9000000000000,318,5561.93000531197,187.9000000000000,293
Others,22327,A,176.0000000000000,318,5207.18002080917,176.0000000000000,293
Others,21242,A,324.5454545454545,317,5920.11017918587,324.5454545454545,297
Others,21777,A,84.8181818181818,317,7555.88981533051,84.8181818181818,297
Others,22274,A,195.2727272727272,315,5962.48001074791,195.2727272727272,299
Others,22080,A,216.7272727272727,315,3983.90996146202,216.7272727272727,299
Others,20828,A,260.1818181818181,314,6841.18979811668,260.1818181818181,301
Others,35004C,A,206.0000000000000,313,12368.9401507378,206.0000000000000,302
Others,22366,A,159.2000000000000,312,10081.4398293495,159.2000000000000,303
Others,21980,A,2117.0000000000000,312,6145.14994117618,2117.0000000000000,303
Others,20983,A,255.0909090909090,311,2461.34006226063,255.0909090909090,305
Others,22275,A,79.6363636363636,311,7338.98002815247,79.6363636363636,305
Others,20717,A,287.7272727272727,310,3853.4199347496,287.7272727272727,307
Others,72760B,A,100.9090909090909,309,10590.6297702789,100.9090909090909,308
Others,79067,A,119.1818181818181,308,5113.97002744675,119.1818181818181,309
Others,21915,A,1035.6363636363636,308,13058.7996165752,1035.6363636363636,309
Others,21506,A,503.8181818181818,308,2272.13998168707,503.8181818181818,309
Others,21892,A,286.0909090909090,308,4001.60995221138,286.0909090909090,309
Others,82599,A,159.0909090909090,308,3705.71989631653,159.0909090909090,309
Others,21259,A,83.7272727272727,307,5534.04984092712,83.7272727272727,314
Others,37449,A,173.6666666666666,307,14869.5299272537,173.6666666666666,314
Others,21844,A,296.4545454545454,306,9354.80999422073,296.4545454545454,316
Others,22072,A,127.8181818181818,306,5784.83003330231,127.8181818181818,316
Others,84832,A,285.4545454545454,305,2793.61006855965,285.4545454545454,318
Others,22456,A,315.6250000000000,305,11179.5499391556,315.6250000000000,318
Others,21186,A,398.9090909090909,305,7109.74005329609,398.9090909090909,318
Others,22570,A,213.5000000000000,304,6632.53005838394,213.5000000000000,321
Others,22645,A,414.8333333333333,304,4056.00008964539,414.8333333333333,321
Others,48129,A,188.4545454545454,304,12495.129776001,188.4545454545454,321
Others,22952,A,4684.5000000000000,304,4803.58001995087,4684.5000000000000,321
Others,35400,A,96.8181818181818,303,10165.4698228836,96.8181818181818,325
Others,22569,A,220.1250000000000,303,6607.06005239487,220.1250000000000,325
Others,21508,B,355.2727272727272,303,1629.8199826777,355.2727272727272,325
Others,22079,A,246.0909090909090,301,4443.26997792721,246.0909090909090,328
Others,21108,A,216.2727272727272,300,6386.18987250328,216.2727272727272,329
Others,22568,A,177.8750000000000,300,5343.45003843308,177.8750000000000,329
Others,21558,A,160.3636363636363,299,4456.08989095688,160.3636363636363,331
Others,22242,A,332.7272727272727,298,5846.40001904964,332.7272727272727,332
Others,48173C,A,198.8181818181818,298,12789.7797875404,198.8181818181818,332
Others,85049B,A,179.4545454545454,298,2465.81999063492,179.4545454545454,332
Others,84997A,A,218.3636363636363,298,8988.9100921154,218.3636363636363,332
Others,37370,A,356.7272727272727,296,6055.81978702545,356.7272727272727,336
Others,22300,A,219.1818181818181,294,6005.73985099792,219.1818181818181,337
Others,21899,A,335.1818181818181,294,2360.82990968227,335.1818181818181,337
Others,21911,A,212.9090909090909,293,3718.87994623184,212.9090909090909,339
Others,21989,A,545.5454545454545,293,4381.38999319077,545.5454545454545,339
Others,20682,A,151.0000000000000,292,5390.65999627113,151.0000000000000,341
Others,22245,A,285.2727272727272,292,2731.90007090569,285.2727272727272,341
Others,21507,B,410.0000000000000,292,1870.55997872353,410.0000000000000,341
Others,21258,A,60.4545454545454,292,9640.41994380951,60.4545454545454,341
Others,21136,A,416.7272727272727,292,7657.3802523613,416.7272727272727,341
Others,21544,A,349.3636363636363,291,3142.29003632069,349.3636363636363,346
Others,85042,A,244.0000000000000,291,12229.6097993851,244.0000000000000,346
Others,15060B,A,74.6363636363636,289,4101.17004776001,74.6363636363636,348
Others,22169,A,86.9090909090909,289,8130.04002380371,86.9090909090909,348
Others,21714,A,235.1818181818181,288,3112.96997404099,235.1818181818181,350
Others,22492,A,2459.5000000000000,288,9450.65972721577,2459.5000000000000,350
Others,21519,B,344.6363636363636,288,1648.12997716665,344.6363636363636,350
Others,22667,A,349.2500000000000,287,3962.75002884865,349.2500000000000,353
Others,21561,A,143.5454545454545,286,3898.57990169525,143.5454545454545,354
Others,21381,A,236.3636363636363,284,4402.16013026237,236.3636363636363,355
Others,22909,A,2634.5000000000000,283,4103.2600351572,2634.5000000000000,356
Others,22113,A,155.9090909090909,282,6172.68007564545,155.9090909090909,357
Others,21916,B,401.7272727272727,281,1887.38996136189,401.7272727272727,358
Others,21700,A,378.1818181818181,281,4090.94010937214,378.1818181818181,358
Others,85061W,A,355.5454545454545,281,3350.4000467062,355.5454545454545,358
Others,21407,A,80.6363636363636,281,3955.21000862122,80.6363636363636,358
Others,22489,A,901.8750000000000,280,2955.84996446967,901.8750000000000,362
Others,22303,A,238.2727272727272,278,6358.2798306942,238.2727272727272,363
Others,79000,A,647.3636363636363,278,5834.79000651836,647.3636363636363,363
Others,72351B,A,298.1818181818181,277,6391.34992074966,298.1818181818181,365
Others,21431,A,134.6363636363636,277,2508.0599796772,134.6363636363636,365
Others,21624,A,135.3636363636363,277,8881.3698682785,135.3636363636363,365
Others,22560,A,708.2500000000000,276,6691.78987455368,708.2500000000000,368
Others,22109,A,128.5454545454545,276,5662.98006868362,128.5454545454545,368
Others,22156,A,313.0909090909090,275,2978.55008125305,313.0909090909090,370
Others,21934,A,182.7272727272727,275,3426.17001497746,182.7272727272727,370
Others,21874,A,270.5454545454545,275,3562.47991323471,270.5454545454545,370
Others,21590,A,307.0909090909090,274,4053.77994918823,307.0909090909090,373
Others,22694,A,459.0000000000000,274,3807.41986942291,459.0000000000000,373
Others,22170,A,104.9090909090909,274,7611.37991142273,104.9090909090909,373
Others,21982,A,2077.2727272727272,274,7413.93996143341,2077.2727272727272,373
Others,21704,A,865.1818181818181,274,7305.6702555418,865.1818181818181,373
Others,22185,A,201.0909090909090,273,3637.62998712063,201.0909090909090,378
Others,18098c,A,98.9090909090909,271,3137.24001026154,98.9090909090909,379
Others,22659,A,391.2500000000000,271,5825.14003276825,391.2500000000000,379
Others,84880,A,116.5454545454545,270,7127.3197593689,116.5454545454545,381
Others,21756,A,91.7142857142857,270,3954.07988166809,91.7142857142857,381
Others,20982,B,203.1818181818181,270,1962.21005022526,203.1818181818181,381
Others,22501,A,139.5000000000000,269,8697.90988540649,139.5000000000000,384
Others,22549,A,320.1250000000000,269,3782.66009688377,320.1250000000000,384
Others,48116,A,167.4545454545454,269,10804.2998123169,167.4545454545454,384
Others,22158,A,264.3636363636363,268,8272.3400425911,264.3636363636363,387
Others,85049A,A,209.8181818181818,267,3022.63998436928,209.8181818181818,388
Others,22023,B,314.9090909090909,266,1414.27999195457,314.9090909090909,389
Others,85175,A,823.3636363636363,266,3817.45994397998,823.3636363636363,389
Others,22665,A,269.5000000000000,265,3305.70001792908,269.5000000000000,391
Others,22276,A,132.7272727272727,265,3684.82990932465,132.7272727272727,391
Others,22644,A,364.3333333333333,265,3324.58007788658,364.3333333333333,391
Others,79323P,A,227.7000000000000,264,13760.9297142029,227.7000000000000,394
Others,47590A,A,234.4545454545454,264,12719.3399915695,234.4545454545454,394
Others,85049D,A,151.5454545454545,264,2081.70999145508,151.5454545454545,394
Others,22089,A,179.4545454545454,264,5521.54001498222,179.4545454545454,394
Others,84971S,A,413.6363636363636,264,3788.60006928444,413.6363636363636,394
Others,21243,A,294.8181818181818,263,5247.87016320229,294.8181818181818,399
Others,22431,A,133.4444444444444,263,2552.55004501343,133.4444444444444,399
Others,21890,A,146.2727272727272,262,4755.94003653526,146.2727272727272,401
Others,21770,A,135.1000000000000,262,6873.46995735168,135.1000000000000,401
Others,22620,A,415.1666666666666,261,3187.92999005318,415.1666666666666,403
Others,21500,A,809.0909090909090,261,3579.99991625547,809.0909090909090,403
Others,22218,A,111.5454545454545,261,5344.4100227356,111.5454545454545,403
Others,21241,B,201.1818181818181,260,1869.07005190849,201.1818181818181,406
Others,21430,A,113.8181818181818,260,4801.23004674912,113.8181818181818,406
Others,84032A,A,172.6363636363636,259,4016.75999927521,172.6363636363636,408
Others,21623,A,239.4444444444444,257,16841.3900136948,239.4444444444444,409
Others,85065,A,56.3636363636363,256,7524.43994998932,56.3636363636363,410
Others,20970,A,108.2727272727272,256,4453.4300339222,108.2727272727272,410
Others,21071,A,279.3636363636363,255,3341.62996864319,279.3636363636363,412
Others,22059,A,257.9090909090909,254,4076.8200070858,257.9090909090909,413
Others,10002,A,622.4545454545454,254,5427.18017435074,622.4545454545454,413
Others,22357,A,154.1000000000000,254,6854.72997093201,154.1000000000000,413
Others,22621,A,425.5000000000000,254,3692.51009583473,425.5000000000000,413
Others,21577,A,155.0000000000000,253,3734.38999915123,155.0000000000000,417
Others,20966,A,161.6363636363636,253,2514.21999120712,161.6363636363636,417
Others,84947,A,539.8181818181818,253,6979.19983506203,539.8181818181818,417
Others,22215,A,66.4545454545454,253,6245.04001331329,66.4545454545454,417
Others,20829,A,270.9090909090909,253,6132.80982065201,270.9090909090909,417
Others,21169,A,356.0909090909090,253,6096.74019813538,356.0909090909090,417
Others,84792,A,121.5454545454545,252,5594.96002960205,121.5454545454545,423
Others,22424,A,100.6666666666666,252,7814.59994888306,100.6666666666666,423
Others,21746,A,241.0000000000000,252,3430.31996655464,241.0000000000000,423
Others,21745,A,151.0000000000000,252,5338.71002292633,151.0000000000000,423
Others,22627,A,109.1666666666666,251,5646.77000617981,109.1666666666666,427
Others,21658,A,99.5454545454545,251,4502.03007411957,99.5454545454545,427
Others,48189,A,116.7272727272727,251,7849.36985206604,116.7272727272727,427
Others,22115,A,117.3636363636363,251,3500.04001164436,117.3636363636363,427
Others,20681,A,105.0909090909090,250,3824.49999713898,105.0909090909090,431
Others,20977,A,164.4545454545454,249,2417.44999504089,164.4545454545454,432
Others,22623,A,178.6666666666666,249,5192.56985187531,178.6666666666666,432
Others,22622,A,200.3333333333333,248,11282.7698707581,200.3333333333333,434
Others,22699,A,789.0000000000000,248,6692.73001527786,789.0000000000000,434
Others,84032B,A,173.5454545454545,247,3924.08000779152,173.5454545454545,436
Others,21363,A,67.7000000000000,245,3527.17988967896,67.7000000000000,437
Others,85049C,A,146.4545454545454,245,2034.32999897003,146.4545454545454,437
Others,22045,A,653.6363636363636,243,2979.79991406202,653.6363636363636,439
Others,22534,A,895.7500000000000,243,2948.00996154547,895.7500000000000,439
Others,21116,A,51.4545454545454,243,3323.07995700836,51.4545454545454,439
Others,22427,A,157.0000000000000,242,5656.51982307434,157.0000000000000,442
Others,84375,A,249.1818181818181,242,5301.09006333351,249.1818181818181,442
Others,21715,A,195.3636363636363,241,5271.28988480568,195.3636363636363,444
Others,22652,A,675.0000000000000,241,4417.41997539997,675.0000000000000,444
Others,21914,A,267.8181818181818,241,3852.27999973297,267.8181818181818,444
Others,22521,B,200.3750000000000,240,1394.58003628254,200.3750000000000,447
Others,21033,A,231.7272727272727,240,4955.2100148201,231.7272727272727,447
Others,84945,A,780.7272727272727,240,6933.96022820473,780.7272727272727,447
Others,20969,A,97.3636363636363,240,4029.76003336906,97.3636363636363,447
Others,21488,A,130.6363636363636,240,5563.79007148743,130.6363636363636,447
Others,22037,B,249.2727272727272,239,1169.62996989489,249.2727272727272,452
Others,21479,A,111.2727272727272,239,5057.48006010056,111.2727272727272,452
Others,21326,A,519.4545454545454,239,3710.61992967129,519.4545454545454,452
Others,22179,A,86.4545454545454,239,6414.26992034912,86.4545454545454,452
Others,21875,A,420.9090909090909,239,5263.23995780945,420.9090909090909,452
Others,22331,A,156.9090909090909,239,2874.48998773098,156.9090909090909,452
Others,20751,A,154.8181818181818,238,3631.01985692978,154.8181818181818,458
Others,22365,A,144.0000000000000,238,8786.83985137939,144.0000000000000,458
Others,22078,A,200.1818181818181,238,4635.49984002113,200.1818181818181,458
Others,22865,A,932.5000000000000,238,4042.82985544205,932.5000000000000,458
Others,22697,A,592.0000000000000,238,5329.35998749733,592.0000000000000,458
Others,21115,A,56.9090909090909,238,4349.26997184753,56.9090909090909,458
Others,22244,A,240.0909090909090,237,5050.89004564285,240.0909090909090,464
Others,22649,A,218.5000000000000,237,6406.93983459473,218.5000000000000,464
Others,21716,A,201.5454545454545,237,5330.70988559723,201.5454545454545,464
Others,21876,A,145.6363636363636,237,2131.02998828888,145.6363636363636,464
Others,21472,A,81.4545454545454,235,3451.05000257492,81.4545454545454,468
Others,22567,A,351.5000000000000,235,3315.67992806435,351.5000000000000,468
Others,21042,A,80.7272727272727,235,5210.94989776611,80.7272727272727,468
Others,37450,A,140.1818181818181,234,4394.1999874115,140.1818181818181,471
Others,84580,A,52.0909090909090,234,2206.82001018524,52.0909090909090,471
Others,21486,A,84.9090909090909,234,2934.73002386093,84.9090909090909,471
Others,84510A,B,105.2727272727272,233,1575.15999746323,105.2727272727272,474
Others,20674,A,159.7272727272727,233,2207.20998215675,159.7272727272727,474
Others,21432,A,85.0909090909090,232,5386.66982269287,85.0909090909090,476
Others,21718,A,227.9090909090909,232,3094.36998307705,227.9090909090909,476
Others,22636,A,139.1666666666666,232,6767.94000434875,139.1666666666666,476
Others,85047,A,95.0000000000000,232,6626.23000669479,95.0000000000000,476
Others,22207,A,129.0000000000000,232,6029.26998519897,129.0000000000000,476
Others,21781,A,39.6363636363636,231,6679.09993171692,39.6363636363636,481
Others,37495,A,95.9090909090909,231,3891.54001092911,95.9090909090909,481
Others,84536A,B,156.7272727272727,231,780.959979474545,156.7272727272727,481
Others,22635,A,135.0000000000000,231,7596.56991291046,135.0000000000000,481
Others,21100,A,220.9090909090909,231,3491.9800093174,220.9090909090909,481
Others,84691,A,227.7272727272727,231,2051.0000616312,227.7272727272727,481
Others,22171,A,102.0000000000000,231,8232.91006278992,102.0000000000000,481
Others,21491,A,243.1818181818181,231,5014.36006069183,243.1818181818181,481
Others,22435,A,268.1428571428571,230,2375.86999297142,268.1428571428571,489
Others,20981,A,227.1818181818181,230,2115.48005890846,227.1818181818181,489
Others,16156S,A,919.1818181818181,230,3932.61993291974,919.1818181818181,489
Others,22520,B,186.8750000000000,230,1318.75003349781,186.8750000000000,489
Others,22378,A,133.4000000000000,230,2880.97992360592,133.4000000000000,489
Others,21497,A,752.2727272727272,229,3285.49993112683,752.2727272727272,494
Others,22241,A,215.7272727272727,229,3221.72998762131,215.7272727272727,494
Others,22335,A,513.0000000000000,228,3503.11995792389,513.0000000000000,496
Others,72351A,A,195.1818181818181,228,4308.42993354797,195.1818181818181,496
Others,22662,A,650.0000000000000,228,4105.44001913071,650.0000000000000,496
Others,22412,A,131.6000000000000,228,2837.23992371559,131.6000000000000,496
Others,21244,A,242.5454545454545,228,4315.81013727188,242.5454545454545,496
Others,37447,A,171.8181818181818,227,2935.74000549316,171.8181818181818,501
Others,20978,A,167.8181818181818,227,2445.11998534203,167.8181818181818,501
Others,22616,A,1313.0000000000000,227,2290.77994757891,1313.0000000000000,501
Others,22525,B,166.5000000000000,226,1899.6999874115,166.5000000000000,504
Others,21981,A,1828.6363636363636,226,5284.14996445179,1828.6363636363636,504
Others,22432,A,191.6666666666666,225,3203.37002778053,191.6666666666666,506
Others,48197,A,112.2500000000000,225,5905.63989448547,112.2500000000000,506
Others,22866,A,1101.0000000000000,225,4569.70986270905,1101.0000000000000,506
Others,21986,A,777.8181818181818,225,3267.41996905208,777.8181818181818,506
Others,20973,A,545.5000000000000,225,2892.21992325783,545.5000000000000,506
Others,21713,A,174.5454545454545,225,3264.6699296236,174.5454545454545,506
Others,21137,A,521.6363636363636,225,19935.8505268097,521.6363636363636,506
Others,21902,B,276.2727272727272,225,1909.77992427349,276.2727272727272,506
Others,16237,B,398.9090909090909,225,959.879974171519,398.9090909090909,506
Others,22759,A,840.3333333333333,223,4134.68998277187,840.3333333333333,515
Others,22588,A,442.5000000000000,223,4405.95989704132,442.5000000000000,515
Others,85040A,B,94.1818181818181,223,1834.08998024464,94.1818181818181,515
Others,22203,A,86.1818181818181,223,3771.91001200676,86.1818181818181,515
Others,22318,A,92.6363636363636,223,3123.70003414154,92.6363636363636,515
Others,21866,B,108.4545454545454,223,1927.22998142242,108.4545454545454,515
Others,22498,A,86.7777777777777,222,4672.4398651123,86.7777777777777,521
Others,22465,A,256.2500000000000,222,3411.05997061729,256.2500000000000,521
Others,84884A,A,119.9090909090909,222,4724.61004447937,119.9090909090909,521
Others,21499,A,656.8181818181818,221,2906.4999319613,656.8181818181818,524
Others,22180,A,51.9090909090909,221,5795.25990772247,51.9090909090909,524
Others,20961,A,155.1818181818181,221,2202.40998101234,155.1818181818181,524
Others,22063,A,150.9090909090909,220,4793.84997558594,150.9090909090909,527
Others,85049G,A,182.5454545454545,219,2448.13997507095,182.5454545454545,528
Others,21578,A,117.6363636363636,219,3025.41999673843,117.6363636363636,528
Others,20658,B,97.8181818181818,218,1490.37999629974,97.8181818181818,530
Others,21833,A,259.4545454545454,218,4933.45013904572,259.4545454545454,530
Others,21703,B,403.7272727272727,218,1806.91999170184,403.7272727272727,530
Others,22429,A,118.0000000000000,218,4013.92000961304,118.0000000000000,530
Others,22130,A,356.6363636363636,218,3439.85009515285,356.6363636363636,530
Others,35970,A,394.6250000000000,218,5147.41011476517,394.6250000000000,530
Others,22734,A,1830.0000000000000,218,8792.74975395203,1830.0000000000000,530
Others,21328,B,67.9090909090909,218,1459.24997663498,67.9090909090909,530
Others,21041,A,132.6363636363636,217,4261.08000564575,132.6363636363636,538
Others,22441,A,179.5000000000000,217,3071.12988615036,179.5000000000000,538
Others,21592,A,296.2727272727272,217,3845.74993133545,296.2727272727272,538
Others,21906,A,102.8181818181818,216,7861.4100151062,102.8181818181818,541
Others,22595,A,1110.2500000000000,216,3645.16010868549,1110.2500000000000,541
Others,22867,A,980.5000000000000,215,4087.36988306046,980.5000000000000,543
Others,20963,A,143.6363636363636,215,2062.48998093605,143.6363636363636,543
Others,82597,A,109.9090909090909,214,2565.44992685318,109.9090909090909,545
Others,37446,A,263.2500000000000,214,3011.81003069878,263.2500000000000,545
Others,21257,A,69.3636363636363,213,6042.55983066559,69.3636363636363,547
Others,21917,B,329.2727272727272,213,1521.02996340394,329.2727272727272,547
Others,22634,A,124.8333333333333,213,7024.74991703033,124.8333333333333,547
Others,22028,B,252.3636363636363,213,1145.43998599052,252.3636363636363,547
Others,22272,A,90.8181818181818,212,2774.54001760483,90.8181818181818,551
Others,22371,A,60.6666666666666,212,2950.63996267319,60.6666666666666,551
Others,22199,A,116.5454545454545,212,5196.28003311157,116.5454545454545,551
Others,21179,A,202.0909090909090,212,2040.19998645782,202.0909090909090,551
Others,22243,A,349.5454545454545,212,5964.80007171631,349.5454545454545,551
Others,22224,A,116.4545454545454,211,4050.06002402306,116.4545454545454,556
Others,22606,A,102.2857142857142,211,9618.52991199493,102.2857142857142,556
Others,22698,A,703.3333333333333,211,5954.66001415253,703.3333333333333,556
Others,22468,A,124.7500000000000,210,6422.8199005127,124.7500000000000,559
Others,85064,A,79.8181818181818,210,4399.42998981476,79.8181818181818,559
Others,21098,A,235.4545454545454,210,3849.89993429184,235.4545454545454,559
Others,47580,A,104.7272727272727,210,2857.16992235184,104.7272727272727,559
Others,22583,A,136.0000000000000,210,2844.90994429588,136.0000000000000,559
Others,22132,B,196.2727272727272,209,1908.78004789352,196.2727272727272,564
Others,72008,B,340.7272727272727,209,1501.57998979092,340.7272727272727,564
Others,84975,A,180.1818181818181,208,3252.88009476662,180.1818181818181,566
Others,22332,A,273.9090909090909,208,4644.13006365299,273.9090909090909,566
Others,85049F,B,135.2727272727272,207,1879.01999974251,135.2727272727272,568
Others,22349,A,94.8181818181818,207,4099.97001647949,94.8181818181818,568
Others,22283,A,62.4545454545454,206,5424.23986530304,62.4545454545454,570
Others,21135,A,255.7272727272727,205,4825.37016010284,255.7272727272727,571
Others,21933,A,128.9090909090909,205,4047.5799806118,128.9090909090909,571
Others,21988,A,473.5454545454545,205,3740.279992342,473.5454545454545,571
Others,21679,A,324.1818181818181,205,2855.96009147167,324.1818181818181,571
Others,22361,A,110.6250000000000,204,2787.13998866081,110.6250000000000,575
Others,22418,A,738.8333333333333,204,3736.38010597229,738.8333333333333,575
Others,22377,A,217.2000000000000,204,4498.64995384216,217.2000000000000,575
Others,22035,B,214.8181818181818,204,1003.95998120308,214.8181818181818,575
Others,21272,A,153.0000000000000,204,2154.50998234749,153.0000000000000,575
Others,22202,A,73.1818181818181,203,3269.9300198555,73.1818181818181,580
Others,22668,A,308.7500000000000,202,3688.29002523422,308.7500000000000,581
Others,22024,B,234.4545454545454,202,1070.68998855352,234.4545454545454,581
Others,85038,A,123.4545454545454,201,2819.07994365692,123.4545454545454,583
Others,84849B,A,142.5454545454545,201,2587.92007803917,142.5454545454545,583
Others,22168,A,42.2727272727272,201,3837.13000535965,42.2727272727272,583
Others,21864,A,84.1818181818181,201,2072.22995376587,84.1818181818181,583
Others,22121,A,83.0000000000000,201,5551.02985668182,83.0000000000000,583
Others,85206A,A,133.9000000000000,200,2387.45998227596,133.9000000000000,588
Others,21541,B,173.2727272727272,200,1635.39003252983,173.2727272727272,588
Others,21214,A,182.3636363636363,199,2920.82005548477,182.3636363636363,590
Others,21987,A,380.3636363636363,199,2560.37989282608,380.3636363636363,590
Others,20960,A,168.8181818181818,199,2443.20999574661,168.8181818181818,590
Others,85040B,A,205.2727272727272,198,3500.46004605293,205.2727272727272,593
Others,22523,B,158.2500000000000,198,1084.81002938747,158.2500000000000,593
Others,22485,A,69.0000000000000,197,7079.57996177673,69.0000000000000,595
Others,22631,A,250.2500000000000,197,3829.29005527496,250.2500000000000,595
Others,84347,A,864.6363636363636,197,19184.279542923,864.6363636363636,595
Others,22315,B,107.1818181818181,196,1478.06998419762,107.1818181818181,598
Others,22637,A,211.3333333333333,196,3190.90992546082,211.3333333333333,598
Others,21504,B,255.2727272727272,195,1131.94999217987,255.2727272727272,600
Others,21355,A,225.0909090909090,195,2984.15995550156,225.0909090909090,600
Others,21361,A,46.4444444444444,195,5435.03997802734,46.4444444444444,600
Others,21329,B,77.7272727272727,195,1496.66997933388,77.7272727272727,600
Others,85199S,B,260.3636363636363,195,1268.34997725487,260.3636363636363,600
Others,21903,A,198.1818181818181,195,4196.03993201256,198.1818181818181,600
Others,21330,A,129.8181818181818,194,2414.47000062466,129.8181818181818,606
Others,22752,A,341.6666666666666,194,8428.14004325867,341.6666666666666,606
Others,22494,B,151.1000000000000,194,1925.94999408722,151.1000000000000,606
Others,21787,A,717.6250000000000,193,4349.38997864723,717.6250000000000,609
Others,21077,A,279.0000000000000,192,2058.10000252724,279.0000000000000,610
Others,21495,A,547.7272727272727,192,2510.49992516637,547.7272727272727,610
Others,46000M,A,125.4545454545454,192,2138.99993419647,125.4545454545454,610
Others,22437,A,493.4285714285714,192,2834.62008500099,493.4285714285714,610
Others,47591B,B,68.4545454545454,191,1216.87999343872,68.4545454545454,614
Others,21832,A,181.6363636363636,191,3348.19999694824,181.6363636363636,614
Others,22122,A,121.6666666666666,191,3290.08003091812,121.6666666666666,614
Others,22200,A,66.3636363636363,191,3274.46000862122,66.3636363636363,614
Others,22350,A,117.1818181818181,191,3449.43991971016,117.1818181818181,614
Others,21967,A,894.0000000000000,190,2642.37996929884,894.0000000000000,619
Others,21542,B,170.6363636363636,190,1600.75003278255,170.6363636363636,619
Others,20702,A,55.0000000000000,189,2531.97000026703,55.0000000000000,621
Others,22354,A,131.8181818181818,189,5488.58005475998,131.8181818181818,621
Others,22563,A,299.3750000000000,189,2759.08992505074,299.3750000000000,621
Others,21984,A,1945.4545454545454,189,5764.13996917009,1945.4545454545454,621
Others,21333,A,81.5454545454545,188,2711.21003127098,81.5454545454545,625
Others,21357,B,121.5454545454545,188,1764.00999474525,121.5454545454545,625
Others,22119,A,40.5454545454545,188,3086.44992160797,40.5454545454545,625
Others,22524,B,147.3750000000000,188,1629.98999190331,147.3750000000000,625
Others,21932,A,101.5454545454545,188,3394.04998588562,101.5454545454545,625
Others,84990,A,378.9090909090909,187,2027.54999655485,378.9090909090909,630
Others,22026,B,197.0000000000000,187,907.809983819723,197.0000000000000,630
Others,22110,A,109.9090909090909,186,2832.91998004913,109.9090909090909,632
Others,20886,A,110.6363636363636,186,2396.44003808498,110.6363636363636,632
Others,22522,B,156.6250000000000,186,1083.19002902508,156.6250000000000,632
Others,21786,B,460.7272727272727,185,1923.16995301843,460.7272727272727,635
Others,22172,A,37.8000000000000,185,3451.8199930191,37.8000000000000,635
Others,22835,A,447.0000000000000,185,4219.26005840302,447.0000000000000,635
Others,21452,A,115.3750000000000,185,2751.79002404213,115.3750000000000,635
Others,22302,A,236.0909090909090,184,5358.15993404388,236.0909090909090,639
Others,21563,A,114.0909090909090,184,3668.42001867294,114.0909090909090,639
Others,21482,A,67.2727272727272,184,2296.76001048088,67.2727272727272,639
Others,47567B,A,100.7272727272727,184,6004.35993719101,100.7272727272727,639
Others,15056P,A,137.1818181818181,184,6936.32983589172,137.1818181818181,639
Others,84536B,C,106.4545454545454,184,567.649987339973,106.4545454545454,639
Others,22070,A,71.7272727272727,183,2979.59000682831,71.7272727272727,645
Others,22433,A,146.0000000000000,183,2380.0200176239,146.0000000000000,645
Others,85231B,B,83.2727272727272,182,836.740020751953,83.2727272727272,647
Others,22663,A,497.5000000000000,182,3716.54004025459,497.5000000000000,647
Others,47570B,A,61.0909090909090,182,6939.11978244781,61.0909090909090,647
Others,47599A,A,297.0909090909090,181,6057.55000257492,297.0909090909090,650
Others,22145,A,109.6363636363636,181,2529.99993038177,109.6363636363636,650
Others,21829,B,594.0909090909090,181,1407.62996776402,594.0909090909090,650
Others,22619,A,176.5000000000000,181,3969.7200217247,176.5000000000000,650
Others,21110,A,45.7272727272727,181,3670.38996601105,45.7272727272727,650
Others,21327,B,76.5454545454545,180,1464.68997919559,76.5454545454545,655
Others,46000S,A,166.0000000000000,180,2647.70008707047,166.0000000000000,655
Others,22654,A,188.5000000000000,180,4508.13986206055,188.5000000000000,655
Others,17003,A,3336.9090909090909,180,6716.29987108707,3336.9090909090909,655
Others,22125,A,160.0000000000000,180,3949.22988700867,160.0000000000000,655
Others,85206B,A,304.8000000000000,179,2454.20000648499,304.8000000000000,660
Others,22057,A,213.8181818181818,179,3136.60999727249,213.8181818181818,660
Others,85068,A,67.4545454545454,179,5284.17986106873,67.4545454545454,660
Others,22360,A,102.6363636363636,179,3320.07998752594,102.6363636363636,660
Others,21992,A,105.5454545454545,179,2536.58000040054,105.5454545454545,660
Others,47505,A,105.2857142857142,178,3527.419921875,105.2857142857142,665
Others,72807c,A,93.2727272727272,178,4586.41996765137,93.2727272727272,665
Others,35832,A,144.6363636363636,177,4902.27007007599,144.6363636363636,667
Others,21313,A,284.2727272727272,177,2642.36000394821,284.2727272727272,667
Others,21447,A,153.2727272727272,177,2212.01997113228,153.2727272727272,667
Others,84596B,B,96.3636363636363,177,1350.96998417377,96.3636363636363,667
Others,22415,A,24.8181818181818,177,2170.34994792938,24.8181818181818,667
Others,21107,A,107.0000000000000,176,3476.37999844551,107.0000000000000,672
Others,20752,B,92.6363636363636,176,1773.35995578766,92.6363636363636,672
Others,21614,A,134.1818181818181,174,4106.12000489235,134.1818181818181,674
Others,22220,A,43.9090909090909,174,4745.1399269104,43.9090909090909,674
Others,82567,B,40.0909090909090,174,962.749967932701,40.0909090909090,674
Others,85063,A,26.9090909090909,174,5208.04012203217,26.9090909090909,674
Others,22278,A,50.1818181818181,174,2908.4999332428,50.1818181818181,674
Others,16161P,A,486.0909090909090,173,2197.97993984818,486.0909090909090,679
Others,21171,B,118.4545454545454,173,1810.51003193855,118.4545454545454,679
Others,22518,A,125.6250000000000,172,2046.92996954918,125.6250000000000,681
Others,21534,A,46.8181818181818,172,2638.68993854523,46.8181818181818,681
Others,22133,B,142.8181818181818,172,1411.09003376961,142.8181818181818,681
Others,85216,A,246.2727272727272,171,2056.24993216991,246.2727272727272,684
Others,22550,A,100.3750000000000,171,3067.95000171661,100.3750000000000,684
Others,22419,B,355.1666666666666,171,973.809999316931,355.1666666666666,684
Others,35001W,A,69.5454545454545,171,2445.93001246452,69.5454545454545,684
Others,37502,A,108.5000000000000,171,2599.7900185585,108.5000000000000,684
Others,22530,A,699.2500000000000,171,2226.28999111056,699.2500000000000,684
Others,85174,A,66.7272727272727,171,3678.33994674683,66.7272727272727,684
Others,21587,A,134.0000000000000,170,3693.89992284775,134.0000000000000,691
Others,79323LP,A,130.2727272727272,170,8481.18980979919,130.2727272727272,691
Others,20967,A,59.0909090909090,170,2440.53001356125,59.0909090909090,691
Others,22748,A,574.0000000000000,169,2323.89994335175,574.0000000000000,694
Others,84509A,A,54.9090909090909,169,2406.19000101089,54.9090909090909,694
Others,22596,A,707.7500000000000,169,2340.38006961346,707.7500000000000,694
Others,21826,B,128.1818181818181,169,1790.27998638153,128.1818181818181,694
Others,21973,A,132.0000000000000,168,2097.8100464344,132.0000000000000,698
Others,21922,A,75.0000000000000,168,4077.75990104675,75.0000000000000,698
Others,22191,A,38.4545454545454,168,3483.3000125885,38.4545454545454,698
Others,84670,B,418.5454545454545,167,1905.99997055531,418.5454545454545,701
Others,21774,B,53.9090909090909,167,927.239991188049,53.9090909090909,701
Others,21584,A,195.9090909090909,167,3459.74998295307,195.9090909090909,701
Others,22374,A,41.0000000000000,167,2174.71997308731,41.0000000000000,701
Others,22812,A,1080.0000000000000,167,4107.58006095886,1080.0000000000000,701
Others,21428,A,142.9090909090909,166,6152.640001297,142.9090909090909,706
Others,85227,B,150.5454545454545,166,1433.69002735615,150.5454545454545,706
Others,22618,A,65.1250000000000,166,5022.10988903046,65.1250000000000,706
Others,21537,A,52.8181818181818,166,2530.21000289917,52.8181818181818,706
Others,22136,A,134.2727272727272,165,2430.77998995781,134.2727272727272,710
Others,16161U,A,495.5454545454545,165,2189.41994938254,495.5454545454545,710
Others,22222,A,36.2727272727272,165,2101.629945755,36.2727272727272,710
Others,20665,A,68.3636363636363,165,2331.29002761841,68.3636363636363,710
Others,21865,B,49.9090909090909,165,1296.55995845795,49.9090909090909,710
Others,22175,A,77.1818181818181,165,2386.10001373291,77.1818181818181,710
Others,22548,B,145.7500000000000,165,1572.67999720573,145.7500000000000,710
Others,22602,A,832.0000000000000,164,2645.32008552551,832.0000000000000,717
Others,85217,B,286.9000000000000,164,1981.84992790222,286.9000000000000,717
Others,20703,B,42.2727272727272,164,1967.97000026703,42.2727272727272,717
Others,21737,A,36.1818181818181,164,7362.6603012085,36.1818181818181,717
Others,22739,A,785.5000000000000,164,2595.3599858284,785.5000000000000,717
Others,21356,B,71.8181818181818,164,1079.35999560356,71.8181818181818,717
Others,85062,A,201.9090909090909,164,3582.49001455307,201.9090909090909,717
Others,22480,B,194.6250000000000,163,1880.84997797012,194.6250000000000,724
Others,22174,A,106.3636363636363,163,2335.86997509003,106.3636363636363,724
Others,21878,A,368.7500000000000,162,2313.37007594109,368.7500000000000,726
Others,22536,B,504.8750000000000,162,1651.98997175694,504.8750000000000,726
Others,22577,B,490.7500000000000,162,1692.04004514217,490.7500000000000,726
Others,47591C,A,117.2222222222222,162,2029.27001833916,117.2222222222222,726
Others,22364,A,174.0000000000000,162,4329.03005719185,174.0000000000000,726
Others,22284,A,136.7272727272727,161,2359.43996858597,136.7272727272727,731
Others,21470,A,59.8181818181818,161,2465.01000452042,59.8181818181818,731
Others,22021,B,208.4000000000000,161,1809.95999133587,208.4000000000000,731
Others,72349B,A,105.5454545454545,161,2393.83995723724,105.5454545454545,731
Others,22519,B,124.1250000000000,161,2017.91996693611,124.1250000000000,731
Others,22578,B,439.0000000000000,161,1507.99004077911,439.0000000000000,731
Others,84279P,A,66.4545454545454,160,2753.33003902435,66.4545454545454,737
Others,21245,A,130.7272727272727,160,2381.55007457733,130.7272727272727,737
Others,22755,B,419.6666666666666,160,1064.06002938747,419.6666666666666,737
Others,21069,A,266.4545454545454,160,2839.41002202034,266.4545454545454,737
Others,22478,B,144.8750000000000,159,1532.71000051498,144.8750000000000,741
Others,82607A,B,60.2727272727272,159,923.719990968704,60.2727272727272,741
Others,22531,B,510.1250000000000,159,1658.3999761045,510.1250000000000,741
Others,22067,A,119.0000000000000,157,2148.23000752926,119.0000000000000,744
Others,20716,B,96.6363636363636,157,1360.34999489784,96.6363636363636,744
Others,84078A,A,59.5454545454545,156,25342.9605522156,59.5454545454545,746
Others,22065,A,140.3636363636363,156,2266.12005138397,140.3636363636363,746
Others,21896,A,120.6363636363636,156,2490.58994603157,120.6363636363636,746
Others,21067,A,391.6363636363636,156,3114.96001029015,391.6363636363636,746
Others,22483,A,114.7500000000000,155,2607.46000957489,114.7500000000000,750
Others,21068,A,207.8181818181818,155,2147.99999928474,207.8181818181818,750
Others,22321,B,134.9090909090909,155,1340.95002949238,134.9090909090909,750
Others,21667,A,31.2727272727272,155,5960.75010871887,31.2727272727272,750
Others,21872,A,330.6363636363636,155,3496.63002967834,330.6363636363636,750
Others,22726,B,258.0000000000000,155,2011.34000015259,258.0000000000000,750
Others,21215,B,288.0000000000000,154,1710.59000885487,288.0000000000000,756
Others,21564,A,77.8181818181818,154,2533.57002568245,77.8181818181818,756
Others,85067,A,33.4545454545454,154,6381.20019626617,33.4545454545454,756
Others,84828,B,121.0000000000000,154,1673.70998573303,121.0000000000000,756
Others,22669,A,240.7500000000000,154,2865.9700319767,240.7500000000000,756
Others,22727,A,311.5000000000000,154,2383.26000642776,311.5000000000000,756
Others,79160,B,40.0909090909090,153,1065.45997405052,40.0909090909090,762
Others,22582,A,155.5000000000000,153,3127.51992988586,155.5000000000000,762
Others,22120,A,38.2727272727272,153,4303.01992988586,38.2727272727272,762
Others,84534B,B,61.5454545454545,153,641.900013208389,61.5454545454545,762
Others,22262,B,87.9090909090909,153,952.990016818047,87.9090909090909,762
Others,21529,B,50.3000000000000,152,1790.44001746178,50.3000000000000,767
Others,22745,A,546.5000000000000,152,2229.93994951248,546.5000000000000,767
Others,22950,A,1538.0000000000000,152,4231.60008430481,1538.0000000000000,767
Others,84212,A,1289.1818181818181,151,6815.27977585793,1289.1818181818181,770
Others,22071,A,62.8181818181818,151,2572.04001140594,62.8181818181818,770
Others,22251,B,102.0000000000000,151,1376.85997080803,102.0000000000000,770
Others,22334,A,134.1818181818181,151,2314.10001301765,134.1818181818181,770
Others,21383,B,109.1818181818181,151,828.31997525692,109.1818181818181,770
Others,22192,A,36.2727272727272,150,3296.73001337051,36.2727272727272,775
Others,21384,B,319.5000000000000,150,1810.19004642963,319.5000000000000,775
Others,22575,A,366.2500000000000,150,2762.27004623413,366.2500000000000,775
Others,79320,A,90.4000000000000,150,4357.37993621826,90.4000000000000,775
Others,22341,A,216.3636363636363,150,3926.67998671532,216.3636363636363,775
Others,22661,B,553.5000000000000,150,1768.27005648613,553.5000000000000,775
Others,47599B,A,192.5000000000000,150,3649.07995843887,192.5000000000000,775
Others,21768,A,40.7272727272727,150,6152.14989185333,40.7272727272727,775
Others,22398,B,172.2500000000000,150,1738.3399977684,172.2500000000000,775
Others,22497,A,61.8000000000000,150,2639.80000400543,61.8000000000000,775
Others,22443,A,55.8750000000000,150,3445.1099357605,55.8750000000000,775
Others,21126,B,151.0909090909090,149,1510.25999379158,151.0909090909090,786
Others,22041,A,238.6363636363636,149,5984.1397767067,238.6363636363636,786
Others,22493,A,315.5000000000000,149,2976.30001544952,315.5000000000000,786
Others,84596F,B,82.0000000000000,148,1142.78998565674,82.0000000000000,789
Others,21556,B,47.2727272727272,148,1412.83997893333,47.2727272727272,789
Others,70006,A,150.0000000000000,148,2102.90000033379,150.0000000000000,789
Others,21611,A,68.1818181818181,148,2182.19002079964,68.1818181818181,789
Others,84510B,B,130.2222222222222,148,1483.19997286797,130.2222222222222,789
Others,22399,A,322.3750000000000,148,3021.78993606567,322.3750000000000,789
Others,21983,B,327.0909090909090,148,1027.67997708917,327.0909090909090,789
Others,85199L,B,173.3636363636363,148,1263.30995237827,173.3636363636363,789
Others,22571,B,534.7500000000000,147,1787.01005065441,534.7500000000000,797
Others,84568,A,2017.6363636363636,147,4629.91993059218,2017.6363636363636,797
Others,35004B,A,77.4545454545454,147,3627.69003582001,77.4545454545454,797
Others,21625,A,49.3636363636363,147,3839.36990737915,49.3636363636363,797
Others,21591,B,145.5454545454545,147,1996.68999862671,145.5454545454545,797
Others,84279B,A,88.0000000000000,146,2302.22002601624,88.0000000000000,802
Others,22593,B,564.5000000000000,146,1903.64005303383,564.5000000000000,802
Others,22600,B,618.2500000000000,146,2017.03006136417,618.2500000000000,802
Others,85178,A,242.1818181818181,146,2885.76002717018,242.1818181818181,802
Others,22712,B,282.1666666666666,145,716.50999468565,282.1666666666666,806
Others,21471,A,65.0909090909090,145,2679.92000722885,65.0909090909090,806
Others,84535B,B,101.4545454545454,145,741.179976701736,101.4545454545454,806
Others,21466,A,51.5454545454545,145,2146.09000301361,51.5454545454545,806
Others,21203,A,171.0000000000000,145,2527.00000929832,171.0000000000000,806
Others,21735,A,51.8181818181818,144,7411.62997245789,51.8181818181818,811
Others,84912A,A,82.9090909090909,144,2352.22998738289,82.9090909090909,811
Others,22025,B,170.3636363636363,144,775.739991754293,170.3636363636363,811
Others,22231,B,96.4545454545454,144,1574.56003260612,96.4545454545454,811
Others,21680,B,168.9090909090909,144,1575.45004183054,168.9090909090909,811
Others,22632,A,1824.0000000000000,144,7035.34995603561,1824.0000000000000,811
Others,22107,A,48.9090909090909,144,2187.91001939774,48.9090909090909,811
Others,22491,A,535.8333333333333,144,2544.53008341789,535.8333333333333,811
Others,22562,A,249.0000000000000,144,2276.15993404388,249.0000000000000,811
Others,85048,A,61.1818181818181,143,5296.47988128662,61.1818181818181,820
Others,84837,A,27.8888888888888,143,3210.04000091553,27.8888888888888,820
Others,15039,A,265.9090909090909,143,2289.8299703598,265.9090909090909,820
Others,21410,B,27.3636363636363,143,1390.4300031662,27.3636363636363,820
Others,21494,A,123.6363636363636,143,2120.47999155521,123.6363636363636,820
Others,22426,A,76.2857142857142,143,2046.65000748634,76.2857142857142,820
Others,21846,A,102.4545454545454,143,2451.04998779297,102.4545454545454,820
Others,15044A,A,408.0909090909090,143,11721.6798219681,408.0909090909090,820
Others,84989A,B,189.9090909090909,143,1112.35000354052,189.9090909090909,820
Others,85232D,A,43.1818181818181,142,2459.909948349,43.1818181818181,829
Others,22940,A,458.5000000000000,142,3808.11000347137,458.5000000000000,829
Others,21058,B,104.5454545454545,142,1011.73002445698,104.5454545454545,829
Others,85017A,B,99.3636363636363,142,737.770005941391,99.3636363636363,829
Others,21677,B,104.6363636363636,142,998.530025243759,104.6363636363636,829
Others,82613D,B,39.6363636363636,142,667.519997596741,39.6363636363636,829
Others,22749,A,377.0000000000000,142,2795.010014534,377.0000000000000,829
Others,22291,A,172.6363636363636,141,2498.13005518913,172.6363636363636,836
Others,21675,B,92.5454545454545,141,890.550021827221,92.5454545454545,836
Others,22580,A,150.7500000000000,141,3593.12988567352,150.7500000000000,836
Others,22482,B,214.1250000000000,141,2013.56996154785,214.1250000000000,836
Others,21867,B,56.0000000000000,141,855.099997520447,56.0000000000000,836
Others,22430,A,122.5000000000000,141,3271.18992996216,122.5000000000000,836
Others,21765,A,36.8000000000000,140,3052.5399389267,36.8000000000000,842
Others,22451,A,105.5000000000000,140,2789.59994602203,105.5000000000000,842
Others,15044D,A,85.9090909090909,140,2713.31999635696,85.9090909090909,842
Others,22737,A,678.5000000000000,140,2210.63999187946,678.5000000000000,842
Others,85231G,B,63.2727272727272,140,611.490016937256,63.2727272727272,842
Others,21207,A,221.5454545454545,140,3755.28005099297,221.5454545454545,842
Others,22047,B,406.8181818181818,140,1809.49995592237,406.8181818181818,842
Others,20692,A,90.8000000000000,139,3682.75999736786,90.8000000000000,849
Others,22754,B,391.3333333333333,139,989.380027532578,391.3333333333333,849
Others,21153,A,39.3000000000000,139,4294.68987083435,39.3000000000000,849
Others,15044C,B,57.9090909090909,138,1948.19999742508,57.9090909090909,852
Others,20748,A,138.6363636363636,138,13286.3102974892,138.6363636363636,852
Others,85184C,B,51.8181818181818,138,1756.29000878334,51.8181818181818,852
Others,21467,A,64.6363636363636,138,2071.86000108719,64.6363636363636,852
Others,85049H,B,107.5454545454545,137,1151.8099937439,107.5454545454545,856
Others,22449,A,88.0000000000000,137,2354.85995101929,88.0000000000000,856
Others,21913,A,63.7272727272727,137,2608.67003202438,63.7272727272727,856
Others,21749,A,333.3636363636363,137,7032.42003488541,333.3636363636363,856
Others,85017B,B,97.2727272727272,137,718.700005590916,97.2727272727272,856
Others,21157,B,54.1818181818181,136,1345.17995357513,54.1818181818181,861
Others,22611,A,80.2500000000000,136,3042.71991443634,80.2500000000000,861
Others,37500,A,41.1818181818181,136,3966.69991397858,41.1818181818181,861
Others,22155,B,224.9090909090909,136,1089.80997058749,224.9090909090909,861
Others,22544,B,514.5000000000000,135,1735.38995441794,514.5000000000000,865
Others,22579,B,326.0000000000000,135,1135.13002920151,326.0000000000000,865
Others,84849D,B,92.8000000000000,135,1547.46004724503,92.8000000000000,865
Others,22434,A,228.1428571428571,135,2856.93001317978,228.1428571428571,865
Others,21463,A,51.2727272727272,135,3284.34989452362,51.2727272727272,865
Others,21082,B,644.6363636363636,135,1806.9700217247,644.6363636363636,865
Others,21528,A,58.4545454545454,135,3841.7699136734,58.4545454545454,865
Others,22036,B,149.9090909090909,135,695.109984278679,149.9090909090909,865
Others,21773,B,40.9090909090909,135,703.869996786118,40.9090909090909,865
Others,22594,B,470.0000000000000,134,1638.32004070282,470.0000000000000,874
Others,22628,A,168.7500000000000,134,3260.08993053436,168.7500000000000,874
Others,22439,B,219.1428571428571,134,1003.659963727,219.1428571428571,874
Others,22285,A,160.5454545454545,134,2639.20000600815,160.5454545454545,874
Others,20671,B,67.8181818181818,134,988.719994783401,67.8181818181818,874
Others,21648,A,154.7272727272727,134,2343.49997997284,154.7272727272727,874
Others,22186,A,78.2727272727272,134,2542.31001496315,78.2727272727272,874
Others,84985A,B,53.0909090909090,134,940.310025930405,53.0909090909090,874
Others,22421,B,247.8333333333333,134,656.409996986389,247.8333333333333,874
Others,40016,A,775.1818181818181,134,2954.92995595932,775.1818181818181,874
Others,84968B,A,42.7000000000000,134,5681.40002727509,42.7000000000000,874
Others,22716,B,320.6000000000000,134,682.679984480143,320.6000000000000,874
Others,22118,A,41.1818181818181,133,2364.44997119904,41.1818181818181,886
Others,21161,B,105.5454545454545,133,1062.58001852036,105.5454545454545,886
Others,22091,B,99.1818181818181,133,1315.68997848034,99.1818181818181,886
Others,21125,B,127.8181818181818,132,1301.61999464035,127.8181818181818,889
Others,21717,A,103.0909090909090,132,3062.09993171692,103.0909090909090,889
Others,22466,A,226.7500000000000,132,3369.64002752304,226.7500000000000,889
Others,22633,A,1455.0000000000000,131,2928.14993906021,1455.0000000000000,892
Others,20985,B,89.4545454545454,131,1237.30999302864,89.4545454545454,892
Others,21054,A,24.7272727272727,131,2529.40995025635,24.7272727272727,892
Others,22458,A,112.7500000000000,130,2106.1899740696,112.7500000000000,895
Others,22309,A,82.9090909090909,130,2230.48993730545,82.9090909090909,895
Others,84795C,A,29.3636363636363,130,2736.68993091583,29.3636363636363,895
Others,22277,B,77.1818181818181,130,1744.12996435165,77.1818181818181,895
Others,22081,B,74.1818181818181,130,1392.97998070717,74.1818181818181,895
Others,21947,B,72.4545454545454,129,1068.06999731064,72.4545454545454,900
Others,22750,A,319.0000000000000,129,2352.27001476288,319.0000000000000,900
Others,21324,A,79.0909090909090,129,2385.39000105858,79.0909090909090,900
Others,84581,B,26.3636363636363,129,1099.72000408173,26.3636363636363,900
Others,72756,A,573.1428571428571,129,5459.48001766205,573.1428571428571,900
Others,72802C,A,57.8181818181818,129,2700.67998981476,57.8181818181818,900
Others,21609,B,59.0909090909090,128,1865.10001397133,59.0909090909090,906
Others,22405,B,141.2500000000000,128,1400.49999094009,141.2500000000000,906
Others,22603,B,510.5000000000000,128,1651.49005103111,510.5000000000000,906
Others,22261,B,135.9090909090909,128,1449.24003636837,135.9090909090909,906
Others,22535,B,288.7500000000000,128,1028.84997144341,288.7500000000000,906
Others,22537,B,439.6250000000000,128,1393.1499966979,439.6250000000000,906
Others,22076,B,90.6363636363636,127,1645.17998766899,90.6363636363636,912
Others,21830,B,332.4545454545454,127,1534.08995497227,332.4545454545454,912
Others,21557,B,31.2727272727272,127,1205.13000011444,31.2727272727272,912
Others,22459,A,110.3750000000000,127,2083.55997514725,110.3750000000000,912
Others,85114B,A,123.7272727272727,127,2402.10000765324,123.7272727272727,912
Others,21249,A,77.6363636363636,127,2368.8000035286,77.6363636363636,912
Others,22167,A,36.4545454545454,127,3237.10995197296,36.4545454545454,912
Others,22746,B,470.0000000000000,127,1883.72996282578,470.0000000000000,912
Others,22601,B,509.2500000000000,126,1660.53005039692,509.2500000000000,920
Others,21389,B,100.4545454545454,126,973.390023827553,100.4545454545454,920
Others,21588,A,130.0909090909090,126,3360.14990115166,130.0909090909090,920
Others,15044B,A,121.7272727272727,126,3667.79996871948,121.7272727272727,920
Others,21642,B,134.1818181818181,126,1366.59003281593,134.1818181818181,920
Others,21039,B,67.7272727272727,126,1948.48996353149,67.7272727272727,920
Others,22208,B,60.8181818181818,126,1160.77998507023,60.8181818181818,920
Others,22477,B,118.8750000000000,125,1251.22999930382,118.8750000000000,927
Others,22177,A,36.1111111111111,125,3101.45994663239,36.1111111111111,927
Others,21645,B,86.7272727272727,125,1617.89997780323,86.7272727272727,927
Others,84559A,B,71.0909090909090,124,702.260019540787,71.0909090909090,930
Others,84937,A,423.6666666666666,124,5394.53992843628,423.6666666666666,930
Others,21784,A,19.9090909090909,124,2709.50998020172,19.9090909090909,930
Others,22445,B,76.3750000000000,124,1921.41002035141,76.3750000000000,930
Others,47597,B,35.7777777777777,124,644.879987478256,35.7777777777777,930
Others,22066,B,103.2727272727272,124,1589.71003484726,103.2727272727272,930
Others,21775,C,31.0000000000000,124,568.02999830246,31.0000000000000,930
Others,21448,B,50.5454545454545,124,955.089985132217,50.5454545454545,930
Others,22410,B,127.0000000000000,123,1278.75999641418,127.0000000000000,938
Others,84327A,B,106.5555555555555,123,1820.26998519897,106.5555555555555,938
Others,21224,B,104.0000000000000,123,1453.019998312,104.0000000000000,938
Others,75049L,A,579.2727272727272,123,5869.36013007164,579.2727272727272,938
Others,22325,B,38.5454545454545,123,1864.93994951248,38.5454545454545,938
Others,22075,B,102.3636363636363,123,1826.8599947691,102.3636363636363,938
Others,22476,A,51.6250000000000,123,2137.78996944427,51.6250000000000,938
Others,22094,B,117.0000000000000,123,1374.5099645853,117.0000000000000,938
Others,22753,B,285.0000000000000,123,725.610020041466,285.0000000000000,938
Others,21924,A,28.6363636363636,123,2486.65993976593,28.6363636363636,938
Others,22135,C,90.8181818181818,122,452.530000448227,90.8181818181818,948
Others,21206,B,76.7272727272727,122,1420.61998152733,76.7272727272727,948
Others,20992,B,130.0000000000000,122,1020.12001991272,130.0000000000000,948
Others,21741,B,43.6363636363636,122,1571.60000944138,43.6363636363636,948
Others,22098,B,69.4545454545454,122,835.299993753433,69.4545454545454,948
Others,22260,B,88.5454545454545,122,981.270019888878,88.5454545454545,948
Others,22564,B,214.8750000000000,122,1970.36994433403,214.8750000000000,948
Others,22738,A,663.0000000000000,122,2173.1799916029,663.0000000000000,948
Others,21730,A,37.6363636363636,122,2136.2999458313,37.6363636363636,948
Others,22193,A,39.5454545454545,122,3564.05002212524,39.5454545454545,948
Others,22322,B,67.1818181818181,121,723.000011086464,67.1818181818181,958
Others,22460,A,216.6250000000000,121,2320.92998123169,216.6250000000000,958
Others,20729,B,751.7142857142857,121,1778.12003135681,751.7142857142857,958
Others,84913A,B,26.2727272727272,121,1091.24998378754,26.2727272727272,958
Others,21993,B,75.9090909090909,121,1651.93000030518,75.9090909090909,958
Others,21586,A,113.0909090909090,121,2956.19991779327,113.0909090909090,958
Others,22581,B,386.2500000000000,121,1296.30003654957,386.2500000000000,958
Others,22228,B,63.0909090909090,121,648.340012669563,63.0909090909090,958
Others,21201,A,127.6363636363636,121,3301.07989382744,127.6363636363636,958
Others,22514,B,94.1250000000000,121,1439.65997600555,94.1250000000000,958
Others,22134,B,128.9090909090909,121,598.390001684427,128.9090909090909,958
Others,21445,B,115.5454545454545,120,1577.2299721241,115.5454545454545,969
Others,20684,B,39.5454545454545,120,1427.20999908447,39.5454545454545,969
Others,22127,A,260.5454545454545,120,3400.72991657257,260.5454545454545,969
Others,22440,B,330.2857142857142,120,938.229987710714,330.2857142857142,969
Others,22533,B,314.2500000000000,120,1040.57997822762,314.2500000000000,969
Others,22472,A,90.1250000000000,120,3315.85995101929,90.1250000000000,969
Others,22060,A,44.5454545454545,119,4449.68000411987,44.5454545454545,975
Others,21923,A,37.4444444444444,119,2662.63993835449,37.4444444444444,975
Others,22626,A,40.4285714285714,119,2425.6800031662,40.4285714285714,975
Others,22099,B,56.6363636363636,119,698.529996037483,56.6363636363636,975
Others,10135,B,152.0000000000000,119,1963.9899520874,152.0000000000000,975
Others,22217,B,127.3636363636363,119,1812.26997613907,127.3636363636363,975
Others,51014A,B,217.7272727272727,119,2021.49005699158,217.7272727272727,975
Others,21643,B,75.3636363636363,119,1185.22999620438,75.3636363636363,975
Others,21211,B,132.3636363636363,119,1998.34003686905,132.3636363636363,975
Others,84950,B,176.0909090909090,119,1553.87003135681,176.0909090909090,975
Others,21063,B,74.2727272727272,118,702.800018429756,74.2727272727272,985
Others,22046,B,322.7272727272727,118,1458.99996012449,322.7272727272727,985
Others,22672,B,389.6666666666666,118,1881.50999224186,389.6666666666666,985
Others,22176,B,53.1818181818181,118,1692.96000599861,53.1818181818181,985
Others,22187,A,60.5454545454545,118,2813.81999588013,60.5454545454545,985
Others,85132A,A,66.5454545454545,118,3303.28001689911,66.5454545454545,985
Others,22495,B,61.1000000000000,118,1774.13000917435,61.1000000000000,985
Others,22804,A,835.5000000000000,118,4666.40998244286,835.5000000000000,985
Others,21706,A,87.3636363636363,117,3190.78995418549,87.3636363636363,993
Others,40018F,A,109.2000000000000,117,2100.33005475998,109.2000000000000,993
Others,22559,B,131.3750000000000,117,1325.3299844265,131.3750000000000,993
Others,16235,C,195.2727272727272,117,502.979989483953,195.2727272727272,993
Others,22085,A,177.4545454545454,117,5187.01995849609,177.4545454545454,993
Others,84459B,B,67.3636363636363,117,1238.98999619484,67.3636363636363,993
Others,21158,B,98.0000000000000,116,939.42001748085,98.0000000000000,999
Others,85231L,B,173.1666666666666,116,838.350026249886,173.1666666666666,999
Others,22526,A,50.8750000000000,116,4816.40996360779,50.8750000000000,999
Others,22851,B,635.6666666666666,116,1400.81000506878,635.6666666666666,999
Others,11001,A,261.7272727272727,116,4482.79008841515,261.7272727272727,999
Others,85016,B,99.0000000000000,116,1404.72996926308,99.0000000000000,999
Others,22347,A,301.7777777777777,115,3119.17988753319,301.7777777777777,1005
Others,84969,B,34.4545454545454,115,1720.65000629425,34.4545454545454,1005
Others,21364,A,35.0909090909090,115,2833.76001548767,35.0909090909090,1005
Others,22117,B,37.0909090909090,115,1202.13001012802,37.0909090909090,1005
Others,84993A,C,94.4545454545454,115,453.789986670017,94.4545454545454,1005
Others,22162,B,45.3636363636363,114,1576.7500166893,45.3636363636363,1010
Others,18097C,B,82.0000000000000,114,1900.56998848915,82.0000000000000,1010
Others,22959,B,1750.0000000000000,114,1453.99995744228,1750.0000000000000,1010
Others,21789,B,171.2727272727272,114,1537.45002233982,171.2727272727272,1010
Others,22613,B,238.5000000000000,114,1123.32001435757,238.5000000000000,1010
Others,22414,A,85.2000000000000,114,4755.01991939545,85.2000000000000,1010
Others,84559B,B,72.0000000000000,114,702.920019745827,72.0000000000000,1010
Others,22713,B,346.3333333333333,114,837.830008119345,346.3333333333333,1010
Others,21354,B,147.0000000000000,114,1897.76996469498,147.0000000000000,1010
Others,21612,B,69.8000000000000,113,2025.77001142502,69.8000000000000,1019
Others,21945,B,129.3636363636363,113,845.470006048679,129.3636363636363,1019
Others,37501,A,27.1818181818181,113,2170.28994464874,27.1818181818181,1019
Others,21204,B,95.8181818181818,113,1723.80000686646,95.8181818181818,1019
Others,21788,B,181.5454545454545,112,1622.79002702236,181.5454545454545,1023
Others,20770,B,63.3636363636363,112,1373.93997550011,63.3636363636363,1023
Others,35971,B,133.6363636363636,112,1294.19998836517,133.6363636363636,1023
Others,21059,B,81.0000000000000,112,739.620021700859,81.0000000000000,1023
Others,21446,B,65.7272727272727,112,921.329996824265,65.7272727272727,1023
Others,22372,B,29.5555555555555,112,1482.54997873306,29.5555555555555,1023
Others,84578,B,44.4000000000000,112,854.910006523132,44.4000000000000,1023
Others,85098B,B,32.8181818181818,112,1438.19000482559,32.8181818181818,1023
Others,22951,B,892.5000000000000,112,941.250008046627,892.5000000000000,1023
Others,84509B,B,38.0909090909090,111,1578.53000402451,38.0909090909090,1032
Others,22454,A,125.8750000000000,111,2796.80999660492,125.8750000000000,1032
Others,21869,B,210.6666666666666,111,1469.57996201515,210.6666666666666,1032
Others,21949,B,158.3636363636363,111,2025.86993718147,158.3636363636363,1032
Others,21576,B,39.0000000000000,111,974.859999656677,39.0000000000000,1032
Others,22515,B,94.5000000000000,111,1464.05997848511,94.5000000000000,1032
Others,22148,A,130.1000000000000,111,2556.98999619484,130.1000000000000,1032
Others,21469,A,77.6363636363636,111,2314.07000350952,77.6363636363636,1032
Others,22359,A,132.8750000000000,111,3343.13006067276,132.8750000000000,1032
Others,85176,B,155.7272727272727,111,1301.74000680447,155.7272727272727,1032
Others,84659A,B,23.3636363636363,111,664.06999206543,23.3636363636363,1032
Others,21581,B,80.7272727272727,111,1211.21001338959,80.7272727272727,1032
Others,22907,B,802.0000000000000,111,1214.27000808716,802.0000000000000,1032
Others,22323,B,55.1818181818181,111,1628.71001529694,55.1818181818181,1032
Others,90167,B,198.8181818181818,110,1792.6700540781,198.8181818181818,1046
Others,21647,B,63.3636363636363,110,1582.17994499207,63.3636363636363,1046
Others,22425,B,58.3333333333333,110,1741.93995094299,58.3333333333333,1046
Others,84818,B,32.0000000000000,110,888.289984703064,32.0000000000000,1046
Others,84676,A,94.2222222222222,110,2102.46001935005,94.2222222222222,1046
Others,72800E,B,63.7272727272727,110,1072.11999702454,63.7272727272727,1046
Others,85226A,B,131.5454545454545,110,770.680005073547,131.5454545454545,1046
Others,35809A,B,64.0909090909090,110,1151.40999627113,64.0909090909090,1046
Others,22128,A,185.5454545454545,110,2482.05996322632,185.5454545454545,1046
Others,21408,B,36.0000000000000,109,1635.24000740051,36.0000000000000,1055
Others,22566,B,201.6250000000000,109,1279.25004160404,201.6250000000000,1055
Others,21437,A,169.2500000000000,109,2350.92001247406,169.2500000000000,1055
Others,22612,A,143.0000000000000,109,3984.98993492126,143.0000000000000,1055
Others,85214,B,31.6363636363636,109,610.179990172386,31.6363636363636,1055
Others,22068,B,47.6363636363636,109,1005.74999177456,47.6363636363636,1055
Others,22591,A,223.5000000000000,109,2237.71994686127,223.5000000000000,1055
Others,22406,A,242.1250000000000,109,2505.10993409157,242.1250000000000,1055
Others,82605,C,21.0000000000000,108,517.369983911514,21.0000000000000,1063
Others,21725,B,65.8181818181818,108,660.020015954971,65.8181818181818,1063
Others,21827,B,67.3636363636363,108,951.389997720718,67.3636363636363,1063
Others,84598,A,1494.1818181818181,108,3352.05994845927,1494.1818181818181,1063
Others,20747,A,113.8333333333333,108,9224.9200553894,113.8333333333333,1063
Others,22834,B,417.5000000000000,108,1749.99993944168,417.5000000000000,1063
Others,21904,B,59.9090909090909,107,995.719977259636,59.9090909090909,1069
Others,22809,A,490.0000000000000,107,2794.36000919342,490.0000000000000,1069
Others,84596E,B,42.0909090909090,107,618.799995183945,42.0909090909090,1069
Others,79072,A,71.0000000000000,107,3083.19995880127,71.0000000000000,1069
Others,22161,B,105.4545454545454,107,733.889986753464,105.4545454545454,1069
Others,85231E,B,119.4285714285714,107,696.890020847321,119.4285714285714,1069
Others,21159,B,85.9090909090909,106,784.730013608933,85.9090909090909,1075
Others,84791,B,41.7500000000000,106,1086.13000702858,41.7500000000000,1075
Others,22587,B,104.3750000000000,106,712.900019049644,104.3750000000000,1075
Others,22362,B,38.2500000000000,106,954.140009641647,38.2500000000000,1075
Others,21348,B,56.7272727272727,106,1433.42000627518,56.7272727272727,1075
Others,22194,A,26.0000000000000,106,2399.43000650406,26.0000000000000,1075
Others,21726,B,71.7272727272727,106,682.150017976761,71.7272727272727,1075
Others,22714,C,228.0000000000000,106,571.87999355793,228.0000000000000,1075
Others,21340,A,61.6363636363636,106,6756.95992565155,61.6363636363636,1075
Others,15034,C,283.1818181818181,106,511.530002653599,283.1818181818181,1075
Others,22292,A,146.4545454545454,106,2122.83005547524,146.4545454545454,1075
Others,21548,B,61.8181818181818,106,1770.22000670433,61.8181818181818,1075
Others,22614,B,356.5000000000000,106,628.629982858896,356.5000000000000,1075
Others,22436,B,254.7142857142857,106,1094.8399810791,254.7142857142857,1075
Others,22311,B,35.9090909090909,105,1680.96997404099,35.9090909090909,1089
Others,22422,B,169.8333333333333,105,682.669982552528,169.8333333333333,1089
Others,35924,A,105.9090909090909,105,2237.69002342224,105.9090909090909,1089
Others,21278,B,246.2727272727272,105,1529.4999859333,246.2727272727272,1089
Others,82613B,C,27.6363636363636,105,475.339998483658,27.6363636363636,1089
Others,72802B,B,41.5454545454545,105,1929.88999557495,41.5454545454545,1089
Others,22146,A,141.1000000000000,105,2629.22998976707,141.1000000000000,1089
Others,22855,B,685.5000000000000,105,1666.58998346329,685.5000000000000,1089
Others,85017C,B,92.6363636363636,105,677.350005269051,92.6363636363636,1089
Others,84840,B,35.0000000000000,105,1796.8200006485,35.0000000000000,1089
Others,21349,A,34.1818181818181,105,2582.41997146606,34.1818181818181,1089
Others,22574,B,464.7500000000000,104,1560.20004403591,464.7500000000000,1100
Others,22153,B,215.2727272727272,104,1033.00997117162,215.2727272727272,1100
Others,22165,A,47.2727272727272,104,3978.67002916336,47.2727272727272,1100
Others,22069,B,43.0000000000000,104,968.339994549751,43.0000000000000,1100
Others,21070,B,75.0909090909090,104,767.599997520447,75.0909090909090,1100
Others,21807,B,210.6363636363636,104,1025.29997816682,210.6363636363636,1100
Others,21246,A,39.1818181818181,104,2190.44992923737,39.1818181818181,1100
Others,22095,B,101.5454545454545,104,1219.36997461319,101.5454545454545,1100
Others,21111,B,38.9090909090909,104,1376.81000375748,38.9090909090909,1100
Others,85015,B,63.9090909090909,104,967.989980459213,63.9090909090909,1100
Others,85124A,B,35.1818181818181,104,1087.72998023033,35.1818181818181,1100
Others,22592,A,257.7500000000000,104,3830.79001235962,257.7500000000000,1100
Others,84558A,A,77.0909090909090,104,2441.50001096725,77.0909090909090,1100
Others,22573,B,391.2500000000000,103,1327.31003582478,391.2500000000000,1113
Others,22152,B,271.3636363636363,103,1228.89998912811,271.3636363636363,1113
Others,20990,B,127.8571428571428,103,1706.14002299309,127.8571428571428,1113
Others,21274,A,15.0909090909090,103,2307.59999656677,15.0909090909090,1113
Others,84968A,A,22.2727272727272,103,3194.77000641823,22.2727272727272,1113
Others,21465,B,49.0909090909090,103,1910.10000801086,49.0909090909090,1113
Others,84763,B,70.9090909090909,103,1000.3799996376,70.9090909090909,1113
Others,22565,B,100.5000000000000,103,747.540019512177,100.5000000000000,1113
Others,22250,B,62.8181818181818,103,640.230012059212,62.8181818181818,1113
Others,21811,B,99.5454545454545,102,1413.26999926567,99.5454545454545,1122
Others,21640,B,124.7272727272727,102,1229.25002968311,124.7272727272727,1122
Others,21397,B,91.2727272727272,102,1359.29997754097,91.2727272727272,1122
Others,22320,A,36.0000000000000,102,2320.39992523193,36.0000000000000,1122
Others,22093,C,43.1818181818181,102,553.969996452332,43.1818181818181,1122
Others,22496,B,44.0000000000000,102,1340.00000977516,44.0000000000000,1122
Others,22033,C,110.7272727272727,102,519.819988548756,110.7272727272727,1122
Others,21806,B,213.3636363636363,102,1026.07997652888,213.3636363636363,1122
Others,21056,A,26.3636363636363,102,2592.44994449615,26.3636363636363,1122
Others,84754,B,89.8181818181818,102,1213.69998264313,89.8181818181818,1122
Others,21358,B,59.0000000000000,102,816.649998188019,59.0000000000000,1122
Others,20730,B,221.8000000000000,102,1011.70001673698,221.8000000000000,1122
Others,21143,A,126.4545454545454,102,2686.5200483799,126.4545454545454,1122
Others,22282,A,33.2727272727272,102,4333.56998825073,33.2727272727272,1122
Others,22474,A,73.8750000000000,102,2746.56996250153,73.8750000000000,1122
Others,85031C,B,43.0000000000000,101,977.879990577698,43.0000000000000,1137
Others,22586,B,115.8750000000000,101,777.330022215843,115.8750000000000,1137
Others,84031A,B,49.2727272727272,101,1779.06001901627,49.2727272727272,1137
Others,22572,B,330.7500000000000,101,1111.08003079891,330.7500000000000,1137
Others,21942,B,119.9090909090909,101,753.400004684925,119.9090909090909,1137
Others,22904,A,453.0000000000000,101,2609.10001921654,453.0000000000000,1137
Others,84854,B,33.3636363636363,101,2010.16996479034,33.3636363636363,1137
Others,21580,B,29.3636363636363,101,797.249997377396,29.3636363636363,1137
Others,47592A,B,33.1000000000000,101,637.369976997375,33.1000000000000,1137
Others,21009,B,95.0909090909090,101,1493.73999762535,95.0909090909090,1137
Others,21651,B,102.0909090909090,101,1813.50999760628,102.0909090909090,1137
Others,85232A,B,25.8181818181818,101,1435.97995281219,25.8181818181818,1137
Others,21687,B,47.7000000000000,101,1871.23001122475,47.7000000000000,1137
Others,85086A,C,39.9090909090909,101,444.950006484985,39.9090909090909,1137
Others,22450,B,64.3750000000000,100,1718.34995985031,64.3750000000000,1151
Others,22058,B,46.7272727272727,100,786.780004501343,46.7272727272727,1151
Others,20669,C,40.0000000000000,100,591.999998807907,40.0000000000000,1151
Others,21626,B,60.3636363636363,100,1355.91003155708,60.3636363636363,1151
Others,22945,A,1316.0000000000000,100,2192.83006680012,1316.0000000000000,1151
Others,21106,B,44.3636363636363,100,1513.58000922203,44.3636363636363,1151
Others,21653,A,118.0000000000000,100,2424.95995378494,118.0000000000000,1151
Others,84519A,B,54.9090909090909,100,1642.46001982689,54.9090909090909,1151
Others,72807B,A,50.2727272727272,100,2382.9099855423,50.2727272727272,1151
Others,20764,B,43.7272727272727,100,1320.68000149727,43.7272727272727,1151
Others,22265,B,111.6363636363636,99,792.899980545044,111.6363636363636,1161
Others,22589,B,169.0000000000000,99,1688.12996315956,169.0000000000000,1161
Others,22312,B,27.1818181818181,99,1473.08996415138,27.1818181818181,1161
Others,22479,B,90.3750000000000,99,928.809999465942,90.3750000000000,1161
Others,22376,B,24.2222222222222,99,1206.02998590469,24.2222222222222,1161
Others,21990,B,63.9090909090909,99,1458.59999704361,63.9090909090909,1161
Others,22704,B,450.0000000000000,99,1117.9999679327,450.0000000000000,1161
Others,22751,B,190.0000000000000,99,1423.20000457764,190.0000000000000,1161
Others,21002,B,23.0909090909090,99,950.879984378815,23.0909090909090,1161
Others,22692,A,91.6000000000000,99,3155.06994724274,91.6000000000000,1161
Others,22900,B,325.0000000000000,98,1903.98000478745,325.0000000000000,1171
Others,21910,B,92.6363636363636,98,1320.62998878956,92.6363636363636,1171
Others,22154,B,198.7272727272727,98,931.189981132746,198.7272727272727,1171
Others,21897,B,40.8181818181818,98,1337.77001929283,40.8181818181818,1171
Others,22736,B,394.0000000000000,98,1315.49998903275,394.0000000000000,1171
Others,84913B,B,17.6363636363636,98,731.969987869263,17.6363636363636,1171
Others,22650,B,120.3333333333333,98,1063.50002622604,120.3333333333333,1171
Others,21841,B,28.7272727272727,98,1337.56000041962,28.7272727272727,1171
Others,C2,A,8.9090909090909,98,5010,8.9090909090909,1171
Others,22319,B,129.3636363636363,98,968.479968190193,129.3636363636363,1171
Others,22270,B,43.6000000000000,98,1673.97000789642,43.6000000000000,1171
Others,21190,B,53.7272727272727,98,1015.79998993874,53.7272727272727,1171
Others,22728,B,192.5000000000000,98,1483.84000110626,192.5000000000000,1171
Others,21163,B,79.0000000000000,97,717.29001057148,79.0000000000000,1184
Others,72586,B,146.2727272727272,97,690.149979829788,146.2727272727272,1184
Others,84459A,B,47.1818181818181,97,921.219998598099,47.1818181818181,1184
Others,84750A,B,44.7272727272727,97,1083.31001400948,44.7272727272727,1184
Others,35471D,C,25.2727272727272,97,452.619997501373,25.2727272727272,1184
Others,22576,B,289.7500000000000,97,994.210026144981,289.7500000000000,1184
Others,21972,B,59.0909090909090,97,958.710030555725,59.0909090909090,1184
Others,21948,B,146.0000000000000,96,1866.7399353981,146.0000000000000,1191
Others,22308,B,34.8181818181818,96,1075.38998174667,34.8181818181818,1191
Others,85172,B,250.6363636363636,96,1620.88000589609,250.6363636363636,1191
Others,22299,A,198.2727272727272,96,2591.24994397163,198.2727272727272,1191
Others,22653,B,182.2500000000000,96,1457.71003460884,182.2500000000000,1191
Others,37424,B,473.0909090909090,96,1093.99998831749,473.0909090909090,1191
Others,21805,B,196.5454545454545,96,932.419982731342,196.5454545454545,1191
Others,22221,A,68.8181818181818,96,5428.63986110687,68.8181818181818,1191
Others,22293,B,97.9090909090909,96,1439.91004300117,97.9090909090909,1191
Others,21255,B,95.2000000000000,96,860.079994916916,95.2000000000000,1191
Others,21440,B,59.0000000000000,95,597.55999994278,59.0000000000000,1201
Others,22758,B,225.6666666666666,95,858.429990053177,225.6666666666666,1201
Others,22475,B,51.1250000000000,95,1978.69998168945,51.1250000000000,1201
Others,22545,B,270.8750000000000,95,919.729973971844,270.8750000000000,1201
Others,21721,B,72.0000000000000,95,710.530017733574,72.0000000000000,1201
Others,21288,B,51.4545454545454,95,1295.39000654221,51.4545454545454,1201
Others,16236,C,90.0000000000000,95,222.419994413853,90.0000000000000,1201
Others,85202,C,44.7272727272727,95,232.599993556738,44.7272727272727,1201
Others,21925,B,105.8571428571428,95,987.329990386963,105.8571428571428,1201
Others,35810A,B,51.9090909090909,95,960.439993858337,51.9090909090909,1201
Others,22304,A,136.3636363636363,94,3060.60994410515,136.3636363636363,1211
Others,22342,B,71.5454545454545,94,1350.08998632431,71.5454545454545,1211
Others,21747,B,145.0000000000000,94,1681.21995377541,145.0000000000000,1211
Others,22516,B,78.0000000000000,94,1184.69998526573,78.0000000000000,1211
Others,72802A,A,45.7272727272727,94,2081.76999187469,45.7272727272727,1211
Others,84520D,B,233.0000000000000,94,639.470009803772,233.0000000000000,1211
Others,82613A,C,37.6363636363636,94,568.859998703003,37.6363636363636,1211
Others,21593,B,231.8333333333333,94,1629.30996704102,231.8333333333333,1211
Others,20956,B,104.9090909090909,94,1419.28000497818,104.9090909090909,1211
Others,21474,A,23.3333333333333,94,4189.50016021729,23.3333333333333,1211
Others,22747,B,377.0000000000000,94,1501.79997301102,377.0000000000000,1211
Others,22862,B,195.5000000000000,94,1671.07000160217,195.5000000000000,1211
Others,22816,B,829.0000000000000,94,684.049992054701,829.0000000000000,1211
Others,22690,A,139.0000000000000,93,4292.17993354797,139.0000000000000,1224
Others,21351,A,69.8181818181818,93,2032.34002780914,69.8181818181818,1224
Others,21109,B,18.1818181818181,93,1456.71999549866,18.1818181818181,1224
Others,20668,B,506.3636363636363,93,649.119995340705,506.3636363636363,1224
Others,21055,B,15.6363636363636,93,1679.97997188568,15.6363636363636,1224
Others,21123,B,139.4545454545454,93,1919.71999716759,139.4545454545454,1224
Others,22336,B,163.9090909090909,93,1145.67997694016,163.9090909090909,1224
Others,21638,B,67.0909090909090,92,1593.34993457794,67.0909090909090,1231
Others,85185B,B,21.8181818181818,92,754.190006494522,21.8181818181818,1231
Others,84685,B,34.0000000000000,92,1064.36999607086,34.0000000000000,1231
Others,22190,B,48.9090909090909,92,1145.62998747826,48.9090909090909,1231
Others,85041,A,231.6250000000000,92,2489.87005794048,231.6250000000000,1231
Others,22249,B,63.0000000000000,92,608.240014910698,63.0000000000000,1231
Others,21478,B,18.5454545454545,92,854.230001926422,18.5454545454545,1231
Others,21439,B,65.5454545454545,92,930.349999666214,65.5454545454545,1231
Others,22689,A,70.2000000000000,92,2573.15996074677,70.2000000000000,1231
Others,35962,B,52.8181818181818,92,1351.7799577713,52.8181818181818,1231
Others,21644,B,66.3636363636363,92,1015.2199985981,66.3636363636363,1231
Others,21076,B,210.7500000000000,92,714.550005316734,210.7500000000000,1231
Others,21905,B,74.5454545454545,92,1241.73998844624,74.5454545454545,1231
Others,21657,B,19.5454545454545,92,1630.59996986389,19.5454545454545,1231
Others,22719,B,89.1428571428571,92,802.379982233047,89.1428571428571,1231
Others,85129D,B,48.9090909090909,91,776.959996461868,48.9090909090909,1246
Others,22409,B,177.6250000000000,91,1929.36995649338,177.6250000000000,1246
Others,22730,B,159.5000000000000,91,1244.93000125885,159.5000000000000,1246
Others,84872a,B,15.0909090909090,91,1848.79007530212,15.0909090909090,1246
Others,22757,B,276.6666666666666,91,1004.97998476028,276.6666666666666,1246
Others,22743,B,112.0000000000000,91,1068.16001081467,112.0000000000000,1246
Others,21162,B,79.3636363636363,91,752.380014300346,79.3636363636363,1246
Others,22670,A,579.6666666666666,91,2080.68996691704,579.6666666666666,1246
Others,20871,B,84.5454545454545,91,1433.96998596191,84.5454545454545,1246
Others,21112,B,54.0000000000000,91,1802.62001562119,54.0000000000000,1246
Others,22729,B,161.5000000000000,91,1272.57999897003,161.5000000000000,1246
Others,85203,C,50.1818181818181,91,246.839993029833,50.1818181818181,1246
Others,20615,C,29.0000000000000,91,579.259993553162,29.0000000000000,1246
Others,22691,A,74.2000000000000,91,2383.5999584198,74.2000000000000,1246
Others,21837,B,40.6666666666666,91,1622.63996124268,40.6666666666666,1246
Others,22375,B,19.6666666666666,91,1028.4599905014,19.6666666666666,1246
Others,21464,B,21.1818181818181,90,989.25,21.1818181818181,1262
Others,21532,B,126.0909090909090,90,1419.7099776268,126.0909090909090,1262
Others,85031A,B,41.4545454545454,90,872.789989471436,41.4545454545454,1262
Others,22906,B,345.5000000000000,90,1162.31998991966,345.5000000000000,1262
Others,22744,B,146.3333333333333,90,1295.13000917435,146.3333333333333,1262
Others,47504K,B,55.3636363636363,90,981.730023145676,55.3636363636363,1262
Others,85014D,A,479.5000000000000,90,6664.44993686676,479.5000000000000,1262
Others,22810,A,374.0000000000000,90,2144.2800090313,374.0000000000000,1262
Others,22639,B,166.0000000000000,90,1626.21996068954,166.0000000000000,1262
Others,22223,B,24.9090909090909,90,1473.15997028351,24.9090909090909,1262
Others,22813,A,549.5000000000000,90,2058.07002830505,549.5000000000000,1262
Others,21610,B,47.3636363636363,90,1481.72000813484,47.3636363636363,1262
Others,82001S,A,100.9090909090909,90,3926.37008714676,100.9090909090909,1262
Others,22604,B,147.5000000000000,90,1464.13996648788,147.5000000000000,1262
Others,20686,B,25.0000000000000,90,923.129999160767,25.0000000000000,1262
Others,22837,A,573.0000000000000,90,2690.39002752304,573.0000000000000,1262
Others,47593B,C,27.4545454545454,90,326.260003209114,27.4545454545454,1262
Others,84596K,C,37.1818181818181,89,519.659990668297,37.1818181818181,1279
Others,21613,B,31.7272727272727,89,1034.32001423836,31.7272727272727,1279
Others,22052,B,218.1818181818181,89,1003.99996936321,218.1818181818181,1279
Others,21943,C,41.1818181818181,89,375.280008673668,41.1818181818181,1279
Others,84031B,B,40.2727272727272,89,1377.13002300262,40.2727272727272,1279
Others,21661,B,20.1818181818181,89,1410.15995979309,20.1818181818181,1279
Others,22184,B,22.9090909090909,89,1909.54999732971,22.9090909090909,1279
Others,21547,B,56.0000000000000,89,1515.26000714302,56.0000000000000,1279
Others,82613C,C,20.5454545454545,88,365.359998464584,20.5454545454545,1287
Others,22310,B,82.0000000000000,88,1499.85001444817,82.0000000000000,1287
Others,21462,B,18.0909090909090,88,1378.18999481201,18.0909090909090,1287
Others,21692,B,38.5454545454545,88,1604.68000602722,38.5454545454545,1287
Others,21927,B,85.4285714285714,88,908.339992523193,85.4285714285714,1287
Others,84507B,B,118.2727272727272,88,1622.35000729561,118.2727272727272,1287
Others,21284,B,93.0909090909090,88,1152.39001655579,93.0909090909090,1287
Others,21589,A,159.8571428571428,88,2583.44991803169,159.8571428571428,1287
Others,82615,B,44.1818181818181,88,1359.16999602318,44.1818181818181,1287
Others,22314,B,27.9090909090909,88,1444.88995671272,27.9090909090909,1287
Others,22500,B,30.4000000000000,88,1511.30994796753,30.4000000000000,1287
Others,21894,B,58.5454545454545,88,812.679985523224,58.5454545454545,1287
Others,21785,B,141.9090909090909,88,1217.0100055933,141.9090909090909,1287
Others,20866,C,58.0000000000000,88,596.659999132156,58.0000000000000,1287
Others,22416,B,116.4444444444444,88,1472.71003603935,116.4444444444444,1287
Others,84596G,C,27.5454545454545,88,406.269998431206,27.5454545454545,1287
Others,84509G,B,24.0000000000000,88,1016.21000051498,24.0000000000000,1287
Others,22818,B,715.0000000000000,88,612.189984589815,715.0000000000000,1287
Others,37461,B,65.2727272727272,87,748.640010595322,65.2727272727272,1305
Others,85060,B,181.0000000000000,87,1745.61996793747,181.0000000000000,1305
Others,22674,B,303.6666666666666,87,1109.82998895645,303.6666666666666,1305
Others,22452,B,53.5000000000000,87,1249.72001099586,53.5000000000000,1305
Others,48195,B,33.6250000000000,87,1627.98997783661,33.6250000000000,1305
Others,22230,B,52.9090909090909,87,630.210004806519,52.9090909090909,1305
Others,21655,A,170.0000000000000,87,2216.66006278992,170.0000000000000,1305
Others,20619,C,26.8181818181818,87,526.449993371964,26.8181818181818,1305
Others,21676,C,76.6363636363636,87,566.880009293556,76.6363636363636,1305
Others,21742,B,18.5454545454545,87,1247.64996337891,18.5454545454545,1305
Others,21540,A,132.3000000000000,87,2394.95000457764,132.3000000000000,1305
Others,72807A,B,34.6363636363636,86,1679.86999702454,34.6363636363636,1316
Others,22204,B,30.0000000000000,86,1267.25001335144,30.0000000000000,1316
Others,84247L,C,86.2727272727272,86,410.949988007545,86.2727272727272,1316
Others,22253,B,192.8000000000000,86,1158.27997684479,192.8000000000000,1316
Others,21682,B,32.0909090909090,86,1707.38994693756,32.0909090909090,1316
Others,22732,B,818.0000000000000,86,1957.03997039795,818.0000000000000,1316
Others,22097,C,37.9090909090909,86,485.609998703003,37.9090909090909,1316
Others,21898,B,30.0000000000000,86,985.900014162064,30.0000000000000,1316
Others,20773,B,297.3636363636363,86,851.78001332283,297.3636363636363,1316
Others,20652,B,112.8181818181818,85,664.150005459785,112.8181818181818,1325
Others,21720,B,75.8181818181818,85,724.430018544197,75.8181818181818,1325
Others,85008,B,21.0000000000000,85,921.649971961975,21.0000000000000,1325
Others,20941,B,75.4545454545454,85,667.379995584488,75.4545454545454,1325
Others,21802,C,115.4545454545454,85,569.699989795685,115.4545454545454,1325
Others,22513,B,51.0000000000000,85,1241.70000267029,51.0000000000000,1325
Others,22343,B,107.6363636363636,85,1002.81002855301,107.6363636363636,1325
Others,22402,B,199.2500000000000,84,1832.11995053291,199.2500000000000,1332
Others,35811A,B,39.4545454545454,84,762.969995975494,39.4545454545454,1332
Others,20771,B,38.5454545454545,84,746.749994039536,38.5454545454545,1332
Others,21291,B,113.0000000000000,84,1062.99002730846,113.0000000000000,1332
Others,84569C,C,34.5454545454545,84,539.919998884201,34.5454545454545,1332
Others,22442,A,67.7500000000000,84,3301.41995429993,67.7500000000000,1332
Others,20768,B,45.6363636363636,84,898.559989929199,45.6363636363636,1332
Others,22675,B,289.6666666666666,84,1051.02998900414,289.6666666666666,1332
Others,22461,B,18.8750000000000,84,1908.0899887085,18.8750000000000,1332
Others,79191C,C,44.8181818181818,84,463.380011558533,44.8181818181818,1332
Others,85036A,B,28.2727272727272,84,1278.44999408722,28.2727272727272,1332
Others,20776,B,325.8000000000000,84,832.660014152527,325.8000000000000,1332
Others,22281,A,34.2727272727272,84,2338.56999015808,34.2727272727272,1332
Others,85116,B,76.0000000000000,84,1030.31998324394,76.0000000000000,1332
Others,22305,A,136.9090909090909,84,2944.72995376587,136.9090909090909,1332
Others,20996,B,264.7272727272727,83,867.92000412941,264.7272727272727,1347
Others,21707,A,73.5454545454545,83,3243.0899515152,73.5454545454545,1347
Others,20772,B,53.1818181818181,83,924.239993572235,53.1818181818181,1347
Others,85031B,B,44.9090909090909,83,886.189990520477,44.9090909090909,1347
Others,79323GR,A,106.4000000000000,83,3209.35993385315,106.4000000000000,1347
Others,21944,B,127.9090909090909,83,745.420003533363,127.9090909090909,1347
Others,21738,B,28.0909090909090,83,971.520006895065,28.0909090909090,1347
Others,22509,A,18.6250000000000,83,2504.0900554657,18.6250000000000,1347
Others,84795D,B,21.0000000000000,83,1538.78996181488,21.0000000000000,1347
Others,22363,B,35.5000000000000,83,863.560005187988,35.5000000000000,1347
Others,22671,B,211.3333333333333,83,1045.70999085903,211.3333333333333,1347
Others,17091A,B,162.2727272727272,83,1118.4300057888,162.2727272727272,1347
Others,17129F,B,87.4545454545454,83,1107.04997909069,87.4545454545454,1347
Others,22733,B,639.0000000000000,83,1598.65999412537,639.0000000000000,1347
Others,84467,A,102.0000000000000,83,17477.6599025726,102.0000000000000,1347
Others,84905,B,20.7272727272727,83,804.729988574982,20.7272727272727,1347
Others,20661,B,76.3636363636363,83,803.330008625984,76.3636363636363,1347
Others,21010,B,77.2727272727272,83,1114.7599978447,77.2727272727272,1347
Others,22946,A,172.5000000000000,82,5092.50011444092,172.5000000000000,1365
Others,22517,B,75.7500000000000,82,1139.67998814583,75.7500000000000,1365
Others,22210,B,42.5454545454545,82,770.309995412827,42.5454545454545,1365
Others,21637,B,82.3636363636363,82,1230.17999744415,82.3636363636363,1365
Others,21656,B,62.1818181818181,82,1042.98001337051,62.1818181818181,1365
Others,20734,B,95.1818181818181,82,887.370025277138,95.1818181818181,1365
Others,21545,B,87.1250000000000,82,1640.12000882626,87.1250000000000,1365
Others,21743,B,58.4545454545454,82,1861.6100051403,58.4545454545454,1365
Others,21724,C,46.7272727272727,81,463.950011014938,46.7272727272727,1373
Others,40018E,B,48.0000000000000,81,837.02001953125,48.0000000000000,1373
Others,21247,B,38.3636363636363,81,664.730002880096,38.3636363636363,1373
Others,21926,B,77.0000000000000,81,745.369995117188,77.0000000000000,1373
Others,21839,B,18.0909090909090,81,1074.68996334076,18.0909090909090,1373
Others,22246,B,52.8181818181818,81,1152.21001958847,52.8181818181818,1373
Others,85055,B,24.8181818181818,81,1059.04000043869,24.8181818181818,1373
Others,71038,A,36.2727272727272,81,2113.74994564056,36.2727272727272,1373
Others,35965,B,19.4545454545454,81,715.47000169754,19.4545454545454,1373
Others,20767,B,40.0909090909090,81,804.379990577698,40.0909090909090,1373
Others,21823,B,73.6363636363636,81,1175.6100332737,73.6363636363636,1373
Others,20867,B,66.1818181818181,81,643.359999299049,66.1818181818181,1373
Others,10133,B,82.5454545454545,81,769.180021166801,82.5454545454545,1373
Others,79066K,C,48.3636363636363,81,450.920002937317,48.3636363636363,1373
Others,22539,B,272.3750000000000,80,909.379978746176,272.3750000000000,1387
Others,84944,B,30.2727272727272,80,1642.6200094223,30.2727272727272,1387
Others,21795,A,49.0000000000000,80,3734.94004297256,49.0000000000000,1387
Others,85025C,B,34.9090909090909,80,740.249987363815,34.9090909090909,1387
Others,84986B,B,39.8181818181818,80,656.940020084381,39.8181818181818,1387
Others,85054,B,26.3636363636363,80,937.500005960464,26.3636363636363,1387
Others,21836,B,18.4545454545454,80,823.649999141693,18.4545454545454,1387
Others,21323,A,92.5000000000000,80,2506.88998150826,92.5000000000000,1387
Others,37343,B,85.4545454545454,79,1488.8599755764,85.4545454545454,1395
Others,21192,B,63.5454545454545,79,1283.9400011301,63.5454545454545,1395
Others,85200,B,215.5000000000000,79,1090.34000015259,215.5000000000000,1395
Others,20931,B,30.4545454545454,79,1023.03000402451,30.4545454545454,1395
Others,21819,B,75.7272727272727,79,717.280019879341,75.7272727272727,1395
Others,79341,A,145.0000000000000,79,4423.68990421295,145.0000000000000,1395
Others,85186A,C,88.2000000000000,79,402.149989694357,88.2000000000000,1395
Others,47502,A,64.0000000000000,79,6855.74989032745,64.0000000000000,1395
Others,84912B,B,69.7272727272727,79,1815.16999411583,69.7272727272727,1395
Others,22286,B,89.1111111111111,79,1158.45998752117,89.1111111111111,1395
Others,85035A,B,28.4545454545454,79,1322.46999454498,28.4545454545454,1395
Others,35241,B,15.5454545454545,79,934.039977550507,15.5454545454545,1395
Others,47593A,C,23.7272727272727,79,282.310002684593,23.7272727272727,1395
Others,62096B,C,22.8181818181818,78,434.489996671677,22.8181818181818,1408
Others,20657,B,162.8181818181818,78,604.310008525848,162.8181818181818,1408
Others,22696,B,120.5000000000000,78,932.280019521713,120.5000000000000,1408
Others,85132C,A,44.0909090909090,78,2095.11001014709,44.0909090909090,1408
Others,22254,B,61.2727272727272,78,864.099999666214,61.2727272727272,1408
Others,84030E,B,23.8181818181818,78,1128.95000267029,23.8181818181818,1408
Others,21011,B,111.9090909090909,78,909.220012784004,111.9090909090909,1408
Others,21579,B,75.4545454545454,78,1093.76001310349,75.4545454545454,1408
Others,51014C,B,121.6363636363636,78,1139.91003084183,121.6363636363636,1408
Others,47570,A,44.0000000000000,78,2373.00992393494,44.0000000000000,1408
Others,21652,B,99.5555555555555,78,1747.94002699852,99.5555555555555,1408
Others,62096A,C,26.4000000000000,78,436.819996833801,26.4000000000000,1408
Others,21421,B,107.4545454545454,78,1434.65996932983,107.4545454545454,1408
Others,22290,B,167.5000000000000,78,1223.01996016502,167.5000000000000,1408
Others,22546,B,270.7500000000000,78,911.999973356724,270.7500000000000,1408
Others,22229,C,40.8000000000000,78,385.680006980896,40.8000000000000,1408
Others,21396,B,158.0000000000000,77,1205.24998259544,158.0000000000000,1424
Others,20766,B,30.2727272727272,77,840.379999876022,30.2727272727272,1424
Others,85226C,C,87.1818181818181,77,505.809999406338,87.1818181818181,1424
Others,21173,B,68.0000000000000,77,607.959995150566,68.0000000000000,1424
Others,21801,C,109.3636363636363,77,533.989989638329,109.3636363636363,1424
Others,84968C,A,26.5454545454545,77,3660.77998161316,26.5454545454545,1424
Others,84006,B,63.5454545454545,77,665.970016121864,63.5454545454545,1424
Others,21683,B,49.4545454545454,77,1555.03000617027,49.4545454545454,1424
Others,20655,C,18.0909090909090,77,288.649997472763,18.0909090909090,1424
Others,22481,C,47.3750000000000,77,477.52999997139,47.3750000000000,1424
Others,21880,C,46.4545454545454,77,381.149988412857,46.4545454545454,1424
Others,35471A,C,37.0909090909090,76,483.059994697571,37.0909090909090,1435
Others,21818,B,93.0000000000000,76,857.630025267601,93.0000000000000,1435
Others,22540,B,383.1250000000000,76,1218.48999762535,383.1250000000000,1435
Others,84856L,B,21.1818181818181,76,1444.76997470856,21.1818181818181,1435
Others,22677,B,166.3333333333333,76,643.909999847412,166.3333333333333,1435
Others,22074,B,63.2727272727272,76,877.549983501434,63.2727272727272,1435
Others,21248,B,59.3636363636363,76,696.760014414787,59.3636363636363,1435
Others,21851,B,43.0000000000000,76,956.669994831085,43.0000000000000,1435
Others,22983,C,536.0000000000000,76,442.419994652271,536.0000000000000,1435
Others,22676,B,188.3333333333333,76,726.409999847412,188.3333333333333,1435
Others,22660,A,90.0000000000000,76,2675.79995918274,90.0000000000000,1435
Others,20976,C,49.9090909090909,76,376.339986681938,49.9090909090909,1435
Others,17091J,B,161.3636363636363,76,1215.07001376152,161.3636363636363,1435
Others,22740,A,1744.0000000000000,76,2968.28008270264,1744.0000000000000,1435
Others,21665,B,146.5000000000000,75,638.799987077713,146.5000000000000,1449
Others,84993B,C,45.0909090909090,75,229.149993926287,45.0909090909090,1449
Others,85129A,C,49.3333333333333,75,569.159999608994,49.3333333333333,1449
Others,22211,B,40.0000000000000,75,754.459991574287,40.0000000000000,1449
Others,21251,B,35.0909090909090,75,1023.46000576019,35.0909090909090,1449
Others,20777,B,307.3636363636363,75,791.870015740395,307.3636363636363,1449
Others,22268,C,48.8181818181818,75,462.150011658669,48.8181818181818,1449
Others,85039A,C,57.5454545454545,75,537.069988012314,57.5454545454545,1449
Others,22473,B,33.2500000000000,75,1221.77997398376,33.2500000000000,1449
Others,16238,C,78.2727272727272,75,194.229995191097,78.2727272727272,1449
Others,85059,B,25.0909090909090,75,1062.67000150681,25.0909090909090,1449
Others,21883,C,51.4545454545454,75,387.179987311363,51.4545454545454,1449
Others,84796A,B,21.1818181818181,75,1585.2400302887,21.1818181818181,1449
Others,72799E,B,60.1818181818181,74,1325.63000845909,60.1818181818181,1462
Others,84901,C,11.1818181818181,74,471.130002498627,11.1818181818181,1462
Others,20846,B,64.9090909090909,74,964.439999341965,64.9090909090909,1462
Others,20798,B,44.6363636363636,74,1182.14997816086,44.6363636363636,1462
Others,84519B,B,33.0909090909090,74,1015.8300216198,33.0909090909090,1462
Others,85039B,B,64.5454545454545,74,823.429990530014,64.5454545454545,1462
Others,21422,B,123.2727272727272,74,1155.91003143787,123.2727272727272,1462
Others,22054,B,90.2500000000000,74,655.009992957115,90.2500000000000,1462
Others,22731,B,676.0000000000000,74,1639.03998231888,676.0000000000000,1462
Others,22715,C,193.6000000000000,74,405.229991883039,193.6000000000000,1462
Others,22718,C,143.0000000000000,74,314.0399941504,143.0000000000000,1462
Others,22051,B,190.9090909090909,73,865.999975800514,190.9090909090909,1473
Others,21283,B,42.0000000000000,73,1475.17999887466,42.0000000000000,1473
Others,84596L,C,22.8181818181818,73,344.569999456406,22.8181818181818,1473
Others,21828,B,57.6363636363636,73,774.259987831116,57.6363636363636,1473
Others,37422,C,72.3333333333333,73,292.080002009869,72.3333333333333,1473
Others,22687,B,46.2000000000000,73,1788.05996990204,46.2000000000000,1473
Others,21662,B,15.3636363636363,73,1070.76996898651,15.3636363636363,1473
Others,20778,B,324.5454545454545,73,876.710015177727,324.5454545454545,1473
Others,84709B,B,14.0000000000000,73,883.57998085022,14.0000000000000,1473
Others,84873a,B,11.8000000000000,73,1333.61005210876,11.8000000000000,1473
Others,22317,B,26.2727272727272,73,903.690009832382,26.2727272727272,1473
Others,22209,B,38.7272727272727,73,713.699991345406,38.7272727272727,1473
Others,85130A,B,54.1818181818181,72,1029.43998575211,54.1818181818181,1485
Others,21442,C,46.2727272727272,72,371.65000474453,46.2727272727272,1485
Others,70007,C,26.4545454545454,72,504.899996519089,26.4545454545454,1485
Others,22201,B,26.9090909090909,72,1228.38000202179,26.9090909090909,1485
Others,84247G,C,90.6363636363636,72,418.839989572763,90.6363636363636,1485
Others,85186C,C,87.0000000000000,72,387.319989442825,87.0000000000000,1485
Others,85124C,B,27.7272727272727,72,790.639981985092,27.7272727272727,1485
Others,21691,B,22.6363636363636,72,960.990000724792,22.6363636363636,1485
Others,85014C,A,78.1428571428571,72,2270.72996234894,78.1428571428571,1485
Others,22129,B,185.4545454545454,72,1853.40003991127,185.4545454545454,1485
Others,21012,B,89.0909090909090,72,1322.92996525764,89.0909090909090,1485
Others,22895,B,264.0000000000000,72,1529.44001483917,264.0000000000000,1485
Others,22324,B,33.5454545454545,71,1077.65000724792,33.5454545454545,1497
Others,47589,B,16.5000000000000,71,910.629969596863,16.5000000000000,1497
Others,47503J,A,33.4000000000000,71,2639.87993383408,33.4000000000000,1497
Others,20774,B,307.7272727272727,71,799.790015339851,307.7272727272727,1497
Others,21188,B,48.4545454545454,71,1600.77001786232,48.4545454545454,1497
Others,22532,B,190.8750000000000,71,620.0199906528,190.8750000000000,1497
Others,85194L,B,78.5454545454545,71,729.360019683838,78.5454545454545,1497
Others,21061,C,78.7272727272727,71,559.160009145737,78.7272727272727,1497
Others,22157,B,84.5454545454545,71,795.360021829605,84.5454545454545,1497
Others,22269,B,50.1818181818181,71,688.699991464615,50.1818181818181,1497
Others,22403,C,45.1250000000000,71,457.789999246597,45.1250000000000,1497
Others,20765,B,28.6363636363636,71,755.260000228882,28.6363636363636,1497
Others,20943,C,34.6363636363636,71,540.209997415543,34.6363636363636,1497
Others,85114C,B,50.3636363636363,71,1179.08000349998,50.3636363636363,1497
Others,85196,B,391.0000000000000,71,831.040007948875,391.0000000000000,1497
Others,21803,C,107.2727272727272,71,517.40998890996,107.2727272727272,1497
Others,90062,B,12.0000000000000,71,1676.38999652863,12.0000000000000,1497
Others,20738,B,124.0909090909090,71,1123.01003396511,124.0909090909090,1497
Others,85170A,B,52.6363636363636,71,1080.57999134064,52.6363636363636,1497
Others,20761,B,25.2727272727272,70,717.089998483658,25.2727272727272,1516
Others,22547,C,131.1250000000000,70,451.329987168312,131.1250000000000,1516
Others,22664,B,134.0000000000000,70,1077.85997509956,134.0000000000000,1516
Others,22678,B,163.6666666666666,70,632.649999856949,163.6666666666666,1516
Others,22908,B,479.5000000000000,70,721.640004038811,479.5000000000000,1516
Others,84795A,B,23.1111111111111,70,1696.01995658875,23.1111111111111,1516
Others,22050,B,161.3636363636363,70,745.499976724386,161.3636363636363,1516
Others,22034,C,118.8181818181818,70,542.469986975193,118.8181818181818,1516
Others,35647,B,49.8181818181818,70,729.489999294281,49.8181818181818,1516
Others,22232,B,35.0909090909090,70,660.079993844032,35.0909090909090,1516
Others,21051,B,45.1818181818181,70,990.029978275299,45.1818181818181,1516
Others,21895,B,47.8181818181818,70,1591.15999698639,47.8181818181818,1516
Others,21821,B,29.0909090909090,70,1279.96000289917,29.0909090909090,1516
Others,21468,B,46.1818181818181,70,1736.54001140594,46.1818181818181,1516
Others,47591A,C,18.1111111111111,70,269.539995551109,18.1111111111111,1516
Others,21681,B,17.9090909090909,70,1900.97997093201,17.9090909090909,1516
Others,22143,B,40.5454545454545,70,942.879986286163,40.5454545454545,1516
Others,20950,C,55.0909090909090,70,319.369990974665,55.0909090909090,1516
Others,21360,A,31.8181818181818,70,2180.84002017975,31.8181818181818,1516
Others,21060,C,71.7272727272727,70,523.560008525848,71.7272727272727,1516
Others,22279,B,48.4545454545454,69,997.399976491928,48.4545454545454,1536
Others,51014L,B,113.8181818181818,69,1040.81003046036,113.8181818181818,1536
Others,21199,B,30.6363636363636,69,602.359990119934,30.6363636363636,1536
Others,21873,C,30.0000000000000,69,437.659997224808,30.0000000000000,1536
Others,20762,B,26.7272727272727,69,727.939998865128,26.7272727272727,1536
Others,22266,C,93.5714285714285,69,444.259985923767,93.5714285714285,1536
Others,22420,C,87.8333333333333,69,234.949995040894,87.8333333333333,1536
Others,21719,C,44.0909090909090,69,433.810010910034,44.0909090909090,1536
Others,21219,B,41.9090909090909,69,601.34999871254,41.9090909090909,1536
Others,17033,B,298.1818181818181,69,867.839974492788,298.1818181818181,1536
Others,21518,C,68.9090909090909,69,323.819993495941,68.9090909090909,1536
Others,22711,B,308.3333333333333,68,776.99997574091,308.3333333333333,1547
Others,17165D,C,50.5454545454545,68,528.719989538193,50.5454545454545,1547
Others,21845,B,52.4545454545454,68,1923.04999518394,52.4545454545454,1547
Others,17084N,C,108.3636363636363,68,255.709994196892,108.3636363636363,1547
Others,21016,C,67.3636363636363,68,503.800004005432,67.3636363636363,1547
Others,35972,C,28.6363636363636,68,455.129998683929,28.6363636363636,1547
Others,21812,B,23.0000000000000,68,1342.40995788574,23.0000000000000,1547
Others,21066,B,139.0000000000000,68,733.6899933815,139.0000000000000,1547
Others,21688,B,41.7272727272727,68,1419.82001805305,41.7272727272727,1547
Others,21004,B,12.0000000000000,68,603.81999874115,12.0000000000000,1547
Others,22256,B,58.5454545454545,67,804.639990091324,58.5454545454545,1557
Others,35957,B,199.5454545454545,67,619.089989334345,199.5454545454545,1557
Others,79190B,C,63.0000000000000,67,276.439993470907,63.0000000000000,1557
Others,21424,B,54.7272727272727,67,1433.18999862671,54.7272727272727,1557
Others,35001G,B,45.9090909090909,67,1531.1300137043,45.9090909090909,1557
Others,22428,B,27.1428571428571,67,1365.05996847153,27.1428571428571,1557
Others,21473,A,12.8000000000000,67,2553.60009765625,12.8000000000000,1557
Others,35981C,C,53.5454545454545,67,297.619997143745,53.5454545454545,1557
Others,21796,A,36.0000000000000,67,2782.1900305748,36.0000000000000,1557
Others,22264,C,39.7272727272727,67,400.020008683205,39.7272727272727,1557
Others,21723,C,38.2727272727272,67,374.210009217262,38.2727272727272,1557
Others,22529,B,191.2500000000000,67,610.619995951653,191.2500000000000,1557
Others,85184D,A,831.2000000000000,67,4552.68988990784,831.2000000000000,1557
Others,20832,C,53.2727272727272,66,520.510012984276,53.2727272727272,1570
Others,21427,B,35.1818181818181,66,658.399992465973,35.1818181818181,1570
Others,22756,B,167.3333333333333,66,605.659990310669,167.3333333333333,1570
Others,85164B,B,14.1000000000000,66,1851.21999931335,14.1000000000000,1570
Others,22642,B,137.5000000000000,66,1316.09996461868,137.5000000000000,1570
Others,21286,B,65.0909090909090,66,1212.51999187469,65.0909090909090,1570
Others,21085,B,1716.3750000000000,66,1872.6799929738,1716.3750000000000,1570
Others,21794,B,18.0000000000000,66,1257.59999084473,18.0000000000000,1570
Others,21205,B,35.5454545454545,66,1001.00997543335,35.5454545454545,1570
Others,21740,B,33.5000000000000,66,698.010006666183,33.5000000000000,1570
Others,84352,B,8.6363636363636,65,1630.88005828857,8.6363636363636,1580
Others,22615,C,244.0000000000000,65,429.919988244772,244.0000000000000,1580
Others,84789,B,19.3636363636363,65,757.970003128052,19.3636363636363,1580
Others,21256,C,108.6666666666666,65,588.639999628067,108.6666666666666,1580
Others,22610,A,336.1111111111111,65,2456.68007695675,336.1111111111111,1580
Others,21659,B,10.8181818181818,65,1876.74997997284,10.8181818181818,1580
Others,20659,C,16.3636363636363,65,244.139999628067,16.3636363636363,1580
Others,85177,B,80.4545454545454,65,762.780020356178,80.4545454545454,1580
Others,21191,B,53.5454545454545,65,1203.35999679565,53.5454545454545,1580
Others,22247,C,56.6666666666666,65,424.630011796951,56.6666666666666,1580
Others,22400,B,113.1250000000000,65,1130.4699985981,113.1250000000000,1580
Others,22048,B,156.8181818181818,65,724.499977380037,156.8181818181818,1580
Others,75013B,C,28.2727272727272,65,552.619993805885,28.2727272727272,1580
Others,21441,C,44.5454545454545,65,344.930004954338,44.5454545454545,1580
Others,17181,B,39.2222222222222,65,642.660002708435,39.2222222222222,1580
Others,35958,B,90.4545454545454,65,860.120023965836,90.4545454545454,1580
Others,21379,C,38.9090909090909,65,406.059995174408,38.9090909090909,1580
Others,22695,B,131.0000000000000,64,757.840022087097,131.0000000000000,1597
Others,72484,B,454.5000000000000,64,991.379992246628,454.5000000000000,1597
Others,22680,B,155.6666666666666,64,597.609999895096,155.6666666666666,1597
Others,21808,B,58.7272727272727,64,1544.59999895096,58.7272727272727,1597
Others,20986,C,25.7272727272727,64,381.64999961853,25.7272727272727,1597
Others,84596J,C,18.4545454545454,64,277.799999475479,18.4545454545454,1597
Others,84562A,B,13.5454545454545,64,1210.22998523712,13.5454545454545,1597
Others,85093,B,59.3636363636363,64,616.029996395111,59.3636363636363,1597
Others,84686,B,30.4545454545454,64,931.71000289917,30.4545454545454,1597
Others,84569D,C,38.7272727272727,64,561.899999380112,38.7272727272727,1597
Others,85188B,C,67.0000000000000,64,592.180014371872,67.0000000000000,1597
Others,84249D,C,91.4444444444444,64,347.299991339445,91.4444444444444,1597
Others,10125,B,61.7272727272727,64,607.280014395714,61.7272727272727,1597
Others,85189,B,145.7500000000000,64,959.450028657913,145.7500000000000,1597
Others,21187,B,67.6363636363636,64,1203.95001316071,67.6363636363636,1597
Others,21550,B,49.1666666666666,64,1565.50997066498,49.1666666666666,1597
Others,22705,B,262.5000000000000,63,661.499979346991,262.5000000000000,1613
Others,22898,B,237.5000000000000,63,892.550011873245,237.5000000000000,1613
Others,79164,A,164.8181818181818,63,2235.28998708725,164.8181818181818,1613
Others,84989B,C,113.2222222222222,63,522.949998676777,113.2222222222222,1613
Others,20780,B,15.4545454545454,63,938.870001792908,15.4545454545454,1613
Others,22040,B,184.0909090909090,63,812.499981373549,184.0909090909090,1613
Others,21991,B,40.8181818181818,63,796.830002784729,40.8181818181818,1613
Others,21824,B,56.2727272727272,63,887.83002448082,56.2727272727272,1613
Others,84466,B,242.0000000000000,63,1290.85998606682,242.0000000000000,1613
Others,85188A,C,125.0000000000000,63,546.800013780594,125.0000000000000,1613
Others,21391,B,29.1818181818181,63,695.379971027374,29.1818181818181,1613
Others,21825,B,55.0000000000000,63,867.590023756027,55.0000000000000,1613
Others,21279,B,311.1818181818181,63,1292.16999268532,311.1818181818181,1613
Others,84918,B,20.8000000000000,63,995.119980812073,20.8000000000000,1613
Others,21884,C,23.7272727272727,63,229.129993796349,23.7272727272727,1613
Others,22840,B,227.0000000000000,63,1696.64995670319,227.0000000000000,1613
Others,21282,B,28.6363636363636,63,1360.03000259399,28.6363636363636,1613
Others,22438,B,50.2857142857142,62,697.700016736984,50.2857142857142,1630
Others,84508A,A,195.7272727272727,62,4577.16980004311,195.7272727272727,1630
Others,35095B,C,76.3636363636363,62,318.089990407228,76.3636363636363,1630
Others,22766,B,326.0000000000000,62,964.66001534462,326.0000000000000,1630
Others,84968F,B,9.0909090909090,62,1398.3400080204,9.0909090909090,1630
Others,21425,B,37.7272727272727,62,938.810004234314,37.7272727272727,1630
Others,72800F,B,73.8181818181818,62,1034.69000029564,73.8181818181818,1630
Others,20654,C,19.1818181818181,62,266.809998512268,19.1818181818181,1630
Others,84678,B,36.8181818181818,62,810.329990386963,36.8181818181818,1630
Others,77101A,B,62.2727272727272,62,815.269976854324,62.2727272727272,1630
Others,22181,B,74.6363636363636,62,676.890020370483,74.6363636363636,1630
Others,22248,C,40.1000000000000,62,360.260008215904,40.1000000000000,1630
Others,85124B,B,22.9090909090909,62,659.139986276627,22.9090909090909,1630
Others,21690,B,17.3636363636363,62,739.589999437332,17.3636363636363,1630
Others,21629,B,9.5454545454545,62,1281.36995029449,9.5454545454545,1630
Others,21696,B,40.4545454545454,62,1336.8200199604,40.4545454545454,1630
Others,21536,C,55.2500000000000,61,474.739979743958,55.2500000000000,1646
Others,20735,B,54.0000000000000,61,614.150007367134,54.0000000000000,1646
Others,47585A,B,72.6363636363636,61,1398.27000141144,72.6363636363636,1646
Others,84797A,A,71.2857142857142,61,3560.09001541138,71.2857142857142,1646
Others,22938,B,507.5000000000000,61,1829.89001059532,507.5000000000000,1646
Others,21792,B,14.3000000000000,61,972.909996032715,14.3000000000000,1646
Others,37464,C,23.0000000000000,61,343.609994888306,23.0000000000000,1646
Others,21017,C,51.0000000000000,61,433.170004010201,51.0000000000000,1646
Others,37340,B,990.1818181818181,61,1922.00001847744,990.1818181818181,1646
Others,79323G,B,62.8000000000000,61,2007.87996578217,62.8000000000000,1646
Others,84761,B,27.6000000000000,61,768.849986076355,27.6000000000000,1646
Others,22679,C,152.6666666666666,61,583.839999914169,152.6666666666666,1646
Others,22448,B,60.6250000000000,61,1539.00998830795,60.6250000000000,1646
Others,84688,B,33.1818181818181,61,1034.00999641418,33.1818181818181,1646
Others,20804,C,40.6250000000000,61,579.310003519058,40.6250000000000,1646
Others,85131A,C,79.5454545454545,61,591.489996790886,79.5454545454545,1646
Others,21555,B,24.4545454545454,61,732.449990749359,24.4545454545454,1646
Others,22255,C,42.9090909090909,61,453.08000767231,42.9090909090909,1646
Others,85117,C,57.8333333333333,61,594.320000052452,57.8333333333333,1646
Others,85136C,B,8.4545454545454,60,753.449987411499,8.4545454545454,1665
Others,84016,A,122.1250000000000,60,3779.5099799037,122.1250000000000,1665
Others,22717,C,186.2000000000000,60,377.589998364449,186.2000000000000,1665
Others,22042,C,90.0000000000000,60,317.54999217391,90.0000000000000,1665
Others,20733,C,52.1818181818181,60,403.290007352829,52.1818181818181,1665
Others,21476,B,11.1111111111111,60,1504.92998123169,11.1111111111111,1665
Others,21820,B,27.9090909090909,60,1169.92000627518,27.9090909090909,1665
Others,21627,A,11.0909090909090,60,2242.82001972198,11.0909090909090,1665
Others,90200C,C,11.9090909090909,60,557.029993057251,11.9090909090909,1665
Others,22710,B,405.5000000000000,60,941.859984785318,405.5000000000000,1665
Others,21398,B,67.8181818181818,59,1456.04997491837,67.8181818181818,1675
Others,22031,C,56.0909090909090,59,264.999993145466,56.0909090909090,1675
Others,15058A,B,34.5000000000000,59,1485.23999500275,34.5000000000000,1675
Others,21040,B,86.1000000000000,59,1068.10000824928,86.1000000000000,1675
Others,22288,B,73.6363636363636,59,874.019996166229,73.6363636363636,1675
Others,85224,B,181.7272727272727,59,1110.45997810364,181.7272727272727,1675
Others,22183,B,18.5454545454545,59,1089.33998584747,18.5454545454545,1675
Others,22683,C,146.6666666666666,59,562.599999904633,146.6666666666666,1675
Others,21617,B,24.9090909090909,59,997.5,24.9090909090909,1675
Others,22166,B,18.7272727272727,59,1683.24998855591,18.7272727272727,1675
Others,40001,B,146.2727272727272,59,1185.65999305248,146.2727272727272,1675
Others,84675,C,17.6363636363636,59,536.3100066185,17.6363636363636,1675
Others,17164B,C,127.4545454545454,59,554.999994575977,127.4545454545454,1675
Others,22651,C,134.2500000000000,59,477.510011315346,134.2500000000000,1675
Others,62018,A,430.0000000000000,59,6191.10001897812,430.0000000000000,1675
Others,22316,B,53.5454545454545,59,677.929979324341,53.5454545454545,1675
Others,21220,C,25.4545454545454,59,382.339998960495,25.4545454545454,1675
Others,85118,B,147.7272727272727,59,841.689993143082,147.7272727272727,1675
Others,21294,B,47.0909090909090,59,678.159999370575,47.0909090909090,1675
Others,21732,A,92.5000000000000,58,3214.57007646561,92.5000000000000,1694
Others,84971L,B,117.0000000000000,58,723.50999045372,117.0000000000000,1694
Others,90200D,C,11.5454545454545,58,540.749992370605,11.5454545454545,1694
Others,47594B,C,20.2727272727272,58,464.590011119843,20.2727272727272,1694
Others,84813,B,23.0000000000000,58,1855.98001289368,23.0000000000000,1694
Others,21849,B,38.4545454545454,58,841.709993124008,38.4545454545454,1694
Others,46776F,B,23.8181818181818,58,725.020004272461,23.8181818181818,1694
Others,21292,B,137.9090909090909,58,776.540013313293,137.9090909090909,1694
Others,35969,C,41.3636363636363,58,429.929993271828,41.3636363636363,1694
Others,85165,B,12.8571428571428,58,872.760008811951,12.8571428571428,1694
Others,22338,B,102.4545454545454,58,714.009983181953,102.4545454545454,1694
Others,22049,C,159.0909090909090,58,464.749989658594,159.0909090909090,1694
Others,22471,B,22.5000000000000,58,891.719979286194,22.5000000000000,1694
Others,22847,A,150.0000000000000,58,2346.50002098084,150.0000000000000,1694
Others,37423,B,550.7272727272727,58,780.260009646416,550.7272727272727,1694
Others,21705,B,80.6363636363636,58,1372.68001294136,80.6363636363636,1694
Others,22053,C,27.4545454545454,57,408.219999313354,27.4545454545454,1710
Others,21480,B,285.0000000000000,57,899.520000457764,285.0000000000000,1710
Others,21160,C,88.1111111111111,57,554.130004167557,88.1111111111111,1710
Others,22408,B,60.2500000000000,57,601.179996490479,60.2500000000000,1710
Others,35095A,C,75.2727272727272,57,310.529990643263,75.2727272727272,1710
Others,21810,B,66.5454545454545,57,910.979990959167,66.5454545454545,1710
Others,20894,B,18.0000000000000,57,617.190002918243,18.0000000000000,1710
Others,20854,C,15.3636363636363,57,278.849995970726,15.3636363636363,1710
Others,21146,B,70.6363636363636,57,1490.27002501488,70.6363636363636,1710
Others,21195,B,23.0000000000000,57,654.249994277954,23.0000000000000,1710
Others,21710,B,55.0000000000000,57,1653.28999519348,55.0000000000000,1710
Others,21454,C,39.2222222222222,57,312.240007638931,39.2222222222222,1710
Others,79323B,B,33.4285714285714,57,1511.69997787476,33.4285714285714,1710
Others,20902,B,8.1818181818181,57,787.480010032654,8.1818181818181,1710
Others,22313,B,20.0909090909090,57,1026.66997504234,20.0909090909090,1710
Others,21650,C,54.9090909090909,57,434.409986019135,54.9090909090909,1710
Others,21693,B,36.3636363636363,57,1213.25001621246,36.3636363636363,1710
Others,20989,B,101.7500000000000,57,782.18001294136,101.7500000000000,1710
Others,20622,C,13.2727272727272,57,340.809988975525,13.2727272727272,1710
Others,17165B,B,73.6363636363636,57,751.67999124527,73.6363636363636,1710
Others,47504G,C,44.3333333333333,57,366.809998989105,44.3333333333333,1710
Others,20984,B,182.4545454545454,56,710.330009102821,182.4545454545454,1731
Others,22100,C,17.0000000000000,56,267.10999917984,17.0000000000000,1731
Others,79323S,A,33.4000000000000,56,2084.31996154785,33.4000000000000,1731
Others,40046A,C,27.7272727272727,56,409.569995164871,27.7272727272727,1731
Others,22899,B,162.0000000000000,56,663.839981555939,162.0000000000000,1731
Others,16156N,B,210.7142857142857,56,619.499980658293,210.7142857142857,1731
Others,21708,B,36.0909090909090,56,1349.34997844696,36.0909090909090,1731
Others,21809,B,54.6363636363636,56,750.889991044998,54.6363636363636,1731
Others,84843,B,8.9090909090909,56,701.759983062744,8.9090909090909,1731
Others,84968E,A,22.9090909090909,56,3018.87998008728,22.9090909090909,1731
Others,15058B,B,25.5000000000000,56,1394.69999027252,25.5000000000000,1731
Others,85194S,C,60.4444444444444,56,387.93998670578,60.4444444444444,1731
Others,20857,C,18.1818181818181,56,329.999995231628,18.1818181818181,1731
Others,62094B,B,28.3000000000000,56,599.599992632866,28.3000000000000,1731
Others,20753,C,109.0000000000000,56,508.999986171722,109.0000000000000,1731
Others,21090,C,68.5000000000000,56,445.630005002022,68.5000000000000,1731
Others,21293,C,17.1818181818181,56,513.709987640381,17.1818181818181,1731
Others,35160,B,198.1818181818181,56,1590.64005565643,198.1818181818181,1731
Others,84796B,A,34.3000000000000,56,2585.0700469017,34.3000000000000,1731
Others,46776B,B,22.5454545454545,55,601.430003166199,22.5454545454545,1750
Others,22776,B,191.0000000000000,55,1844.6899766922,191.0000000000000,1750
Others,84218,C,23.0000000000000,55,280.400006532669,23.0000000000000,1750
Others,22725,B,98.0000000000000,55,764.070000648499,98.0000000000000,1750
Others,20783,B,18.3333333333333,55,1051.4000005722,18.3333333333333,1750
Others,21280,B,296.3636363636363,55,1611.78000259399,296.3636363636363,1750
Others,21744,B,22.7272727272727,55,758.870011091232,22.7272727272727,1750
Others,22280,B,34.6363636363636,55,701.629986763,34.6363636363636,1750
Others,84673B,C,28.0000000000000,55,217.979992389679,28.0000000000000,1750
Others,84750B,B,46.3636363636363,55,1010.67000579834,46.3636363636363,1750
Others,85035C,B,18.0909090909090,55,822.869997024536,18.0909090909090,1750
Others,16225,C,59.7272727272727,55,511.36999464035,59.7272727272727,1750
Others,21490,B,63.7000000000000,55,1210.60000741482,63.7000000000000,1750
Others,22682,C,142.0000000000000,55,537.539999961853,142.0000000000000,1750
Others,21307,B,60.4545454545454,55,600.369981050491,60.4545454545454,1750
Others,47579,C,16.7272727272727,54,418.769985675812,16.7272727272727,1765
Others,21739,B,18.2727272727272,54,633.720006465912,18.2727272727272,1765
Others,37494A,B,48.2000000000000,54,817.599995613098,48.2000000000000,1765
Others,21064,A,51.0000000000000,54,2973.30991077423,51.0000000000000,1765
Others,85197,B,163.4000000000000,54,885.959994316101,163.4000000000000,1765
Others,20731,B,366.9090909090909,54,1121.68000495434,366.9090909090909,1765
Others,47480,B,57.2727272727272,54,1040.77999770641,57.2727272727272,1765
Others,16168M,C,117.6363636363636,54,326.569992735982,117.6363636363636,1765
Others,10123C,C,56.6363636363636,54,236.859990954399,56.6363636363636,1765
Others,20618,C,11.7272727272727,54,318.039991855621,11.7272727272727,1765
Others,22163,B,31.2727272727272,54,1032.95001554489,31.2727272727272,1765
Others,21253,C,16.1818181818181,54,557.989998817444,16.1818181818181,1765
Others,21684,B,81.8181818181818,54,724.260007023811,81.8181818181818,1765
Others,37441,B,77.7777777777777,54,1639.79999256134,77.7777777777777,1765
Others,20755,B,416.7272727272727,54,651.400011181831,416.7272727272727,1765
Others,72728,C,71.4444444444444,54,523.150016188622,71.4444444444444,1765
Others,84674,B,21.0909090909090,54,612.370010375977,21.0909090909090,1765
Others,21698,C,18.2727272727272,54,197.070003032684,18.2727272727272,1765
Others,22742,B,83.0000000000000,54,743.43001127243,83.0000000000000,1765
Others,22453,B,37.1250000000000,54,845.510005950928,37.1250000000000,1765
Others,79190D,C,30.5454545454545,54,150.649996191263,30.5454545454545,1765
Others,22233,C,27.3636363636363,53,517.169991850853,27.3636363636363,1786
Others,20856,C,14.5454545454545,53,263.999996185303,14.5454545454545,1786
Others,85018D,B,60.0000000000000,53,768.570004463196,60.0000000000000,1786
Others,22258,C,85.8000000000000,53,544.649990081787,85.8000000000000,1786
Others,22684,C,146.6666666666666,53,560.079999923706,146.6666666666666,1786
Others,84902,C,10.5000000000000,53,326.33000421524,10.5000000000000,1786
Others,22681,C,137.6666666666666,53,527.589999914169,137.6666666666666,1786
Others,21402,C,27.1818181818181,53,132.719996362925,27.1818181818181,1786
Others,20695,C,11.7272727272727,53,549.329996824265,11.7272727272727,1786
Others,85053,B,45.5714285714285,53,669.679997444153,45.5714285714285,1786
Others,44230,A,31.5454545454545,53,3381.62005376816,31.5454545454545,1786
Others,16011,C,154.9090909090909,53,356.639988899231,154.9090909090909,1786
Others,16169N,C,177.2727272727272,53,594.749984890223,177.2727272727272,1786
Others,84012,B,46.9090909090909,53,1199.12996220589,46.9090909090909,1786
Others,84815,B,132.2857142857142,53,1183.82000350952,132.2857142857142,1786
Others,21630,B,7.2727272727272,53,1109.71000289917,7.2727272727272,1786
Others,85185D,C,14.2727272727272,52,524.010001420975,14.2727272727272,1802
Others,85035B,B,28.8181818181818,52,1287.46999025345,28.8181818181818,1802
Others,85173,B,46.0909090909090,52,939.409982681274,46.0909090909090,1802
Others,21458,C,65.1111111111111,52,592.699996232986,65.1111111111111,1802
Others,82616A,B,28.7272727272727,52,624.210005283356,28.7272727272727,1802
Others,85121C,B,10.6666666666666,52,901.909997940063,10.6666666666666,1802
Others,22735,B,245.5000000000000,52,801.539996147156,245.5000000000000,1802
Others,20760,B,452.0909090909090,52,924.010010123253,452.0909090909090,1802
Others,84797B,A,49.1428571428571,52,2077.8199672699,49.1428571428571,1802
Others,20901,B,8.0000000000000,52,721.450005054474,8.0000000000000,1802
Others,84509c,B,14.0909090909090,52,690.70999956131,14.0909090909090,1802
Others,72801D,C,44.7272727272727,52,376.919993877411,44.7272727272727,1802
Others,21386,C,41.3000000000000,52,371.420008301735,41.3000000000000,1802
Others,85045,B,18.3636363636363,52,1001.10997676849,18.3636363636363,1802
Others,22062,C,16.0909090909090,52,567.340001344681,16.0909090909090,1802
Others,85183B,B,61.8181818181818,51,1344.64000558853,61.8181818181818,1817
Others,22673,C,149.3333333333333,51,550.169994354248,149.3333333333333,1817
Others,22897,B,221.5000000000000,51,631.530016183853,221.5000000000000,1817
Others,85183A,B,72.1818181818181,51,1352.46000623703,72.1818181818181,1817
Others,21062,C,39.9090909090909,51,353.890008807182,39.9090909090909,1817
Others,84673A,C,36.3636363636363,51,245.919989347458,36.3636363636363,1817
Others,17091B,C,27.6000000000000,51,316.980002403259,27.6000000000000,1817
Others,46775E,B,10.1000000000000,51,1282.90005111694,10.1000000000000,1817
Others,21144,C,43.6363636363636,51,243.50999879837,43.6363636363636,1817
Others,21377,C,34.1818181818181,51,487.099995017052,34.1818181818181,1817
Others,22905,B,191.0000000000000,51,1103.78000998497,191.0000000000000,1817
Others,84664,B,17.5454545454545,51,955.349963188171,17.5454545454545,1817
Others,84510C,C,13.1818181818181,51,206.609998464584,13.1818181818181,1817
Others,21709,A,49.7272727272727,51,2185.06998443604,49.7272727272727,1817
Others,22838,B,129.0000000000000,51,1837.78998565674,129.0000000000000,1817
Others,22685,C,144.3333333333333,51,542.509999990463,144.3333333333333,1817
Others,72598,C,52.8181818181818,51,473.640003919601,52.8181818181818,1817
Others,21412,C,18.8181818181818,51,223.910002082586,18.8181818181818,1817
Others,21549,B,109.4000000000000,51,1270.39000582695,109.4000000000000,1817
Others,85169A,C,29.5454545454545,50,423.289998292923,29.5454545454545,1836
Others,85103,B,14.5454545454545,50,1120.99998092651,14.5454545454545,1836
Others,22032,C,49.1818181818181,50,231.099993646145,49.1818181818181,1836
Others,20782,C,7.7272727272727,50,517.479994773865,7.7272727272727,1836
Others,21814,C,31.3636363636363,50,532.500015735626,31.3636363636363,1836
Others,20617,C,16.0000000000000,50,390.709986209869,16.0000000000000,1836
Others,21281,B,329.9090909090909,50,1561.74999856949,329.9090909090909,1836
Others,20878,B,45.6363636363636,50,649.459992170334,45.6363636363636,1836
Others,85025B,C,20.7272727272727,50,407.119993448257,20.7272727272727,1836
Others,85222,B,200.8571428571428,50,1579.67993593216,200.8571428571428,1836
Others,18094C,C,18.9090909090909,50,276.500000476837,18.9090909090909,1836
Others,22345,C,29.0000000000000,50,283.620007395744,29.0000000000000,1836
Others,85090,C,9.3636363636363,50,540.660008430481,9.3636363636363,1836
Others,22543,B,215.3750000000000,50,718.289984762669,215.3750000000000,1836
Others,20863,B,32.5555555555555,50,601.529986381531,32.5555555555555,1836
Others,35004G,B,18.5454545454545,50,860.259995222092,18.5454545454545,1836
Others,85084,C,44.0000000000000,50,470.980013012886,44.0000000000000,1836
Others,84405A,B,11.7272727272727,50,1042.15998649597,11.7272727272727,1836
Others,22108,C,12.6363636363636,50,488.169998168945,12.6363636363636,1836
Others,21628,B,8.8181818181818,50,1919.31002235413,8.8181818181818,1836
Others,71143,C,12.1818181818181,50,245.139997363091,12.1818181818181,1836
Others,35096A,C,191.2500000000000,50,272.449992656708,191.2500000000000,1836
Others,21620,B,16.1818181818181,50,668.369999885559,16.1818181818181,1836
Others,46775D,B,7.5454545454545,50,1071.48004341125,7.5454545454545,1836
Others,84251F,C,34.1000000000000,50,83.9699998497963,34.1000000000000,1836
Others,22263,C,45.6363636363636,49,419.750012278557,45.6363636363636,1861
Others,84682,C,29.5000000000000,49,596.940003395081,29.5000000000000,1861
Others,21426,B,69.5454545454545,49,1002.72000145912,69.5454545454545,1861
Others,21641,C,35.5454545454545,49,382.920008182526,35.5454545454545,1861
Others,21879,C,33.3636363636363,49,254.679991841316,33.3636363636363,1861
Others,84341B,C,59.4545454545454,49,372.9000030756,59.4545454545454,1861
Others,85170D,C,27.0000000000000,49,493.060002326965,27.0000000000000,1861
Others,72023F,B,71.1111111111111,49,669.620008230209,71.1111111111111,1861
Others,21130,B,103.0000000000000,49,1200.93001055717,103.0000000000000,1861
Others,72122,C,20.5454545454545,49,221.419997155666,20.5454545454545,1861
Others,72815,B,20.7272727272727,49,870.619998931885,20.7272727272727,1861
Others,15058C,B,25.4444444444444,49,1315.94999647141,25.4444444444444,1861
Others,20700,B,31.5454545454545,49,779.880004882813,31.5454545454545,1861
Others,21695,B,25.8181818181818,49,890.880007505417,25.8181818181818,1861
Others,84396,B,184.0000000000000,49,1380.52001619339,184.0000000000000,1861
Others,84029C,B,102.5000000000000,49,773.970005989075,102.5000000000000,1861
Others,21222,C,28.0000000000000,49,391.419999837875,28.0000000000000,1861
Others,79190A,C,31.0000000000000,49,156.729996323586,31.0000000000000,1861
Others,21285,B,52.4545454545454,49,842.819974899292,52.4545454545454,1861
Others,82011C,C,6.9090909090909,48,408.129997730255,6.9090909090909,1880
Others,21850,C,28.3636363636363,48,557.369995355606,28.3636363636363,1880
Others,20997,C,11.0000000000000,48,534.179988861084,11.0000000000000,1880
Others,84762B,B,11.3000000000000,48,837.769992828369,11.3000000000000,1880
Others,21455,C,30.7777777777777,48,266.230004429817,30.7777777777777,1880
Others,85135A,C,6.0000000000000,48,531.989986419678,6.0000000000000,1880
Others,47504E,B,398.8181818181818,48,931.860025882721,398.8181818181818,1880
Others,21530,C,13.6363636363636,48,485.750002145767,13.6363636363636,1880
Others,85113,C,31.6666666666666,48,591.659981250763,31.6666666666666,1880
Others,79030G,B,24.5454545454545,48,600.759997367859,24.5454545454545,1880
Others,21127,B,42.4285714285714,48,998.029981613159,42.4285714285714,1880
Others,22597,B,247.5000000000000,48,779.220025777817,247.5000000000000,1880
Others,10134,B,54.2727272727272,48,686.129981040955,54.2727272727272,1880
Others,90129A,C,8.8181818181818,48,189.719999194145,8.8181818181818,1880
Others,22511,C,16.2500000000000,48,483.720003128052,16.2500000000000,1880
Others,21538,B,130.1000000000000,48,1898.25999975204,130.1000000000000,1880
Others,85033S,C,23.3636363636363,48,316.70000231266,23.3636363636363,1880
Others,85034A,B,27.0000000000000,48,1226.1299905777,27.0000000000000,1880
Others,72529W,B,46.5000000000000,48,923.049996376038,46.5000000000000,1880
Others,20802,C,24.3636363636363,48,529.479989647865,24.3636363636363,1880
Others,84795B,B,10.6363636363636,48,957.729976654053,10.6363636363636,1880
Others,72803A,B,14.0000000000000,48,667.340000152588,14.0000000000000,1880
Others,84356,B,31.7000000000000,48,1584.33997344971,31.7000000000000,1880
Others,35599D,C,9.1818181818181,48,456.289998292923,9.1818181818181,1880
Others,22344,C,29.0909090909090,48,311.280005693436,29.0909090909090,1880
Others,82616C,C,27.1818181818181,48,497.870000123978,27.1818181818181,1880
Others,22096,C,23.9090909090909,48,307.269997239113,23.9090909090909,1880
Others,85121B,B,12.2857142857142,48,936.739994049072,12.2857142857142,1880
Others,84899F,C,10.5454545454545,48,179.619999170303,10.5454545454545,1880
Others,22896,B,203.5000000000000,48,955.379971027374,203.5000000000000,1880
Others,21378,C,36.0909090909090,48,473.009992361069,36.0909090909090,1880
Others,21007,B,192.7000000000000,48,914.669998168945,192.7000000000000,1880
Others,21352,B,36.9090909090909,48,1109.9000120163,36.9090909090909,1880
Others,22894,B,109.0000000000000,47,1784.96000862122,109.0000000000000,1913
Others,22116,C,22.0000000000000,47,465.760002613068,22.0000000000000,1913
Others,21403,C,37.3636363636363,47,179.039994925261,37.3636363636363,1913
Others,20855,C,14.2000000000000,47,234.299996614456,14.2000000000000,1913
Others,75131,B,63.4545454545454,47,963.140011787415,63.4545454545454,1913
Others,84660C,C,6.1818181818181,47,352.229998111725,6.1818181818181,1913
Others,22446,C,20.2500000000000,47,559.799984931946,20.2500000000000,1913
Others,47594A,C,19.5454545454545,47,437.510010480881,19.5454545454545,1913
Others,21520,C,38.9090909090909,47,186.509995609522,38.9090909090909,1913
Others,20707,B,103.0000000000000,47,754.029990434647,103.0000000000000,1913
Others,22807,B,165.0000000000000,47,947.340001344681,165.0000000000000,1913
Others,51008,A,168.0000000000000,47,5870.60008811951,168.0000000000000,1913
Others,85221,B,593.0000000000000,47,1685.45998311043,593.0000000000000,1913
Others,85167B,B,54.8181818181818,47,1240.65000724792,54.8181818181818,1913
Others,21091,B,3425.0000000000000,47,1868.70002067089,3425.0000000000000,1913
Others,79071B,C,10.7777777777777,47,297.990003824234,10.7777777777777,1913
Others,21817,C,46.1818181818181,47,433.420011997223,46.1818181818181,1913
Others,17096,B,334.9090909090909,47,656.380002871156,334.9090909090909,1913
Others,82585,C,41.0000000000000,47,235.899996042252,41.0000000000000,1913
Others,72799F,B,77.7272727272727,47,1323.33000278473,77.7272727272727,1913
Others,21842,B,137.7500000000000,47,1308.73996186256,137.7500000000000,1913
Others,84968D,A,27.0000000000000,47,3502.73996543884,27.0000000000000,1913
Others,22890,A,228.0000000000000,46,2087.62998104095,228.0000000000000,1935
Others,20758,B,455.6363636363636,46,651.960010409355,455.6363636363636,1935
Others,21678,C,39.5454545454545,46,300.940004646778,39.5454545454545,1935
Others,22941,A,392.0000000000000,46,3144.96002197266,392.0000000000000,1935
Others,22708,B,405.0000000000000,46,786.499986797571,405.0000000000000,1935
Others,85162C,B,129.1428571428571,46,1841.70004439354,129.1428571428571,1935
Others,35991,C,32.5454545454545,46,213.599997609854,32.5454545454545,1935
Others,22815,C,270.5000000000000,46,233.649995803833,270.5000000000000,1935
Others,22407,C,40.8750000000000,46,398.069994449615,40.8750000000000,1935
Others,37508,C,9.8888888888888,46,229.569995880127,9.8888888888888,1935
Others,84972L,C,14.6250000000000,46,462.150005578995,14.6250000000000,1935
Others,21026,C,22.0909090909090,46,332.189999103546,22.0909090909090,1935
Others,35653,C,11.9090909090909,46,425.320003986359,11.9090909090909,1935
Others,21198,C,22.0000000000000,46,445.679992556572,22.0000000000000,1935
Others,21813,B,14.6363636363636,46,882.889976501465,14.6363636363636,1935
Others,72800A,B,112.3333333333333,46,743.260005950928,112.3333333333333,1935
Others,84620,B,10.2727272727272,46,699.00997877121,10.2727272727272,1935
Others,85096,C,11.6363636363636,45,514.829998970032,11.6363636363636,1952
Others,72789,C,11.0909090909090,45,461.530000209808,11.0909090909090,1952
Others,21134,B,34.1818181818181,45,644.789991974831,34.1818181818181,1952
Others,35923,C,16.0000000000000,45,265.719999313354,16.0000000000000,1952
Others,22043,C,72.8181818181818,45,248.189993798733,72.8181818181818,1952
Others,16169P,C,152.2727272727272,45,502.24998742342,152.2727272727272,1952
Others,90134,C,5.7272727272727,45,186.780002117157,5.7272727272727,1952
Others,21417,C,13.8181818181818,45,366.769990205765,13.8181818181818,1952
Others,85230F,B,224.0000000000000,45,597.439982056618,224.0000000000000,1952
Others,21043,B,15.7272727272727,45,702.999991893768,15.7272727272727,1952
Others,22686,C,109.0000000000000,45,432.689999818802,109.0000000000000,1952
Others,22854,B,120.5000000000000,45,1166.8299703598,120.5000000000000,1952
Others,21664,B,13.9090909090909,45,650.730000972748,13.9090909090909,1952
Others,85211,C,12.8181818181818,45,264.12999689579,12.8181818181818,1952
Others,21477,A,68.2500000000000,45,3248.93997001648,68.2500000000000,1952
Others,72267,C,66.2500000000000,45,530.159990787506,66.2500000000000,1952
Others,84509F,A,252.7272727272727,45,2452.3499994278,252.7272727272727,1952
Others,85204,C,26.1818181818181,45,125.459996819496,26.1818181818181,1952
Others,90005A,C,8.0000000000000,45,180.409998893738,8.0000000000000,1952
Others,22124,C,12.2727272727272,45,409.310003519058,12.2727272727272,1952
Others,37476,B,14.9090909090909,45,1523.25002861023,14.9090909090909,1952
Others,21289,B,67.9090909090909,45,714.289997339249,67.9090909090909,1952
Others,22337,B,118.1818181818181,44,768.249999642372,118.1818181818181,1974
Others,20897,C,20.5454545454545,44,491.410000562668,20.5454545454545,1974
Others,85179B,B,22.2727272727272,44,1051.95000219345,22.2727272727272,1974
Others,72801C,C,57.8000000000000,44,394.659992694855,57.8000000000000,1974
Others,22609,B,134.3333333333333,44,1039.8000279665,134.3333333333333,1974
Others,84469,A,166.0000000000000,44,2249.41002845764,166.0000000000000,1974
Others,22389,C,37.5000000000000,44,578.509992837906,37.5000000000000,1974
Others,37492B,B,44.4545454545454,44,946.719994068146,44.4545454545454,1974
Others,22396,B,75.7500000000000,44,717.959986925125,75.7500000000000,1974
Others,47310M,C,28.3636363636363,44,398.159988880157,28.3636363636363,1974
Others,21185,B,16.5000000000000,44,876.289986133575,16.5000000000000,1974
Others,35968,C,41.2727272727272,44,211.159997463226,41.2727272727272,1974
Others,35951,B,117.7272727272727,43,688.49999332428,117.7272727272727,1986
Others,20616,C,7.4545454545454,43,184.699995994568,7.4545454545454,1986
Others,82616B,C,18.7272727272727,43,388.700001239777,18.7272727272727,1986
Others,84762C,B,17.5000000000000,43,761.249990463257,17.5000000000000,1986
Others,22393,B,36.1250000000000,43,651.129987001419,36.1250000000000,1986
Others,21200,C,20.0000000000000,43,400.899993658066,20.0000000000000,1986
Others,21223,C,98.4000000000000,43,587.079988241196,98.4000000000000,1986
Others,20933,B,43.8181818181818,43,1258.4400177002,43.8181818181818,1986
Others,20913,B,157.0000000000000,43,898.719993591309,157.0000000000000,1986
Others,79302m,B,19.9090909090909,43,647.43999505043,19.9090909090909,1986
Others,20775,B,344.9000000000000,43,656.640018463135,344.9000000000000,1986
Others,84849A,C,24.5454545454545,43,448.750012636185,24.5454545454545,1986
Others,82607C,C,28.7500000000000,43,175.609999418259,28.7500000000000,1986
Others,84535A,C,69.3333333333333,43,160.369995236397,69.3333333333333,1986
Others,85135B,C,4.8181818181818,43,432.329992294312,4.8181818181818,1986
Others,20893,B,23.0000000000000,43,608.069981098175,23.0000000000000,1986
Others,21804,B,21.6363636363636,43,908.460000514984,21.6363636363636,1986
Others,20906,C,8.7272727272727,43,353.490001916885,8.7272727272727,1986
Others,46776A,C,21.8181818181818,43,582.010000228882,21.8181818181818,1986
Others,84773,C,16.0000000000000,43,519.200008392334,16.0000000000000,1986
Others,90200E,C,9.0909090909090,43,425.079998016357,9.0909090909090,1986
Others,21758,C,7.0909090909090,43,590.879991531372,7.0909090909090,1986
Others,17039,B,411.8888888888888,43,837.879974350333,411.8888888888888,1986
Others,72800B,B,69.9090909090909,43,853.540004253387,69.9090909090909,1986
Others,35004P,B,10.9090909090909,43,646.239994049072,10.9090909090909,1986
Others,22892,C,467.0000000000000,43,582.66999578476,467.0000000000000,1986
Others,20998,C,10.5454545454545,43,363.880001068115,10.5454545454545,1986
Others,72800D,B,45.3636363636363,43,676.279996395111,45.3636363636363,1986
Others,22339,C,67.3636363636363,42,484.229982256889,67.3636363636363,2014
Others,85213,C,48.7272727272727,42,476.87000644207,48.7272727272727,2014
Others,21014,C,33.0000000000000,42,234.830001115799,33.0000000000000,2014
Others,16207A,C,7.5454545454545,42,260.429998159409,7.5454545454545,2014
Others,90129E,C,7.2727272727272,42,168.030000329018,7.2727272727272,2014
Others,20653,C,174.8181818181818,42,419.810010313988,174.8181818181818,2014
Others,82553,C,38.0000000000000,42,237.729999303818,38.0000000000000,2014
Others,21616,B,25.9090909090909,42,993.75,25.9090909090909,2014
Others,21269,B,7.2727272727272,42,739.359996795654,7.2727272727272,2014
Others,21133,B,41.0000000000000,42,712.910024166107,41.0000000000000,2014
Others,84923,C,6.4444444444444,42,287.080001831055,6.4444444444444,2014
Others,21882,C,28.9090909090909,42,224.729992747307,28.9090909090909,2014
Others,85132B,B,33.7272727272727,42,1534.03000545502,33.7272727272727,2014
Others,72128,C,40.9090909090909,42,235.779999136925,40.9090909090909,2014
Others,47367B,C,10.4545454545454,42,405.939998626709,10.4545454545454,2014
Others,72232,C,195.5454545454545,42,408.689994871616,195.5454545454545,2014
Others,72819,B,40.8181818181818,42,603.900002479553,40.8181818181818,2014
Others,72814,B,20.2727272727272,42,806.67000246048,20.2727272727272,2014
Others,90161C,C,6.9090909090909,42,380.96999168396,6.9090909090909,2014
Others,22092,C,21.1818181818181,42,232.749999046326,21.1818181818181,2014
Others,22216,C,60.7272727272727,42,596.380013227463,60.7272727272727,2014
Others,84977,C,20.0909090909090,42,278.829999923706,20.0909090909090,2014
Others,20763,C,17.1818181818181,42,479.069999933243,17.1818181818181,2014
Others,20910,B,8.5454545454545,42,692.920003890991,8.5454545454545,2014
Others,47503K,B,453.8571428571428,42,1389.44004774094,453.8571428571428,2014
Others,84033,B,52.5714285714285,41,694.069989562035,52.5714285714285,2039
Others,47562,C,26.0000000000000,41,390,26.0000000000000,2039
Others,21399,C,25.8181818181818,41,588.389984130859,25.8181818181818,2039
Others,37444C,B,148.0909090909090,41,610.769986152649,148.0909090909090,2039
Others,90098,C,9.0000000000000,41,204.539997577667,9.0000000000000,2039
Others,20689,B,53.6250000000000,41,614.099989414215,53.6250000000000,2039
Others,16169K,C,145.4545454545454,41,459.249988943338,145.4545454545454,2039
Others,22287,B,78.0000000000000,41,718.889994263649,78.0000000000000,2039
Others,85136B,C,4.8181818181818,41,426.069989204407,4.8181818181818,2039
Others,21209,C,20.9090909090909,41,435.929991841316,20.9090909090909,2039
Others,20699,C,16.0000000000000,41,470.849990606308,16.0000000000000,2039
Others,21503,C,97.7272727272727,41,451.499985903502,97.7272727272727,2039
Others,16046,B,901.0909090909090,41,1101.09998786449,901.0909090909090,2039
Others,22706,B,330.0000000000000,41,644.999988377094,330.0000000000000,2039
Others,21815,C,34.5454545454545,41,568.070017576218,34.5454545454545,2039
Others,84951B,C,10.6363636363636,41,278.849998354912,10.6363636363636,2039
Others,22504,A,16.5000000000000,41,2771.41006851196,16.5000000000000,2039
Others,85198,B,341.4545454545454,41,1383.87004852295,341.4545454545454,2039
Others,85036C,C,11.5454545454545,41,523.909997940063,11.5454545454545,2039
Others,21619,C,12.9090909090909,41,536.369999885559,12.9090909090909,2039
Others,40003,B,87.5454545454545,41,1035.67999196053,87.5454545454545,2039
Others,21319,C,29.5454545454545,41,529.820001840591,29.5454545454545,2039
Others,21350,B,22.2000000000000,40,638.900006771088,22.2000000000000,2061
Others,84508B,C,9.8181818181818,40,295.699995040894,9.8181818181818,2061
Others,85215,C,48.0909090909090,40,401.139986991882,48.0909090909090,2061
Others,84684,B,87.0000000000000,40,720.700008630753,87.0000000000000,2061
Others,21728,A,37.2500000000000,40,2773.10999774933,37.2500000000000,2061
Others,21084,C,28.0909090909090,40,229.169992446899,28.0909090909090,2061
Others,21268,C,32.2727272727272,40,244.019994795322,32.2727272727272,2061
Others,85097B,C,11.7777777777777,40,417.170000076294,11.7777777777777,2061
Others,84715,B,19.5454545454545,40,658.190008878708,19.5454545454545,2061
Others,22949,B,417.5000000000000,40,1106.26001214981,417.5000000000000,2061
Others,22103,B,42.5454545454545,40,784.089998483658,42.5454545454545,2061
Others,22943,A,523.0000000000000,40,2321.45998001099,523.0000000000000,2061
Others,90209B,C,17.5454545454545,40,368.689994096756,17.5454545454545,2061
Others,22842,B,123.0000000000000,40,798.669990539551,123.0000000000000,2061
Others,46000P,B,17.0000000000000,40,794.75,17.0000000000000,2061
Others,72801G,B,113.6363636363636,40,703.659986019135,113.6363636363636,2061
Others,72816,C,21.1818181818181,40,321.63999915123,21.1818181818181,2061
Others,22947,A,80.5000000000000,40,2393.95004653931,80.5000000000000,2061
Others,21167,C,85.3636363636363,40,234.569997087121,85.3636363636363,2061
Others,22289,C,53.7272727272727,40,591.449996232986,53.7272727272727,2061
Others,21359,B,6.7272727272727,40,1174.39998626709,6.7272727272727,2061
Others,20932,C,10.3636363636363,40,451.190000534058,10.3636363636363,2061
Others,85129C,C,26.1818181818181,40,367.85999917984,26.1818181818181,2061
Others,84625D,B,46.6363636363636,40,609.110013961792,46.6363636363636,2061
Others,16033,B,1232.8181818181818,40,1357.32001995295,1232.8181818181818,2061
Others,21221,C,17.8181818181818,40,264.379999399185,17.8181818181818,2061
Others,21456,C,63.0000000000000,40,553.829996347427,63.0000000000000,2061
Others,90013A,C,5.2727272727272,40,219.899999141693,5.2727272727272,2061
Others,85136A,C,4.7272727272727,40,425.979989051819,4.7272727272727,2061
Others,82587,C,21.3333333333333,40,166.779998540878,21.3333333333333,2061
Others,90200A,C,7.4545454545454,39,349.03999710083,7.4545454545454,2091
Others,21275,B,20.8181818181818,39,1316.70002174377,20.8181818181818,2091
Others,22863,B,125.0000000000000,39,702.060002565384,125.0000000000000,2091
Others,84687,B,20.5454545454545,39,656.060001373291,20.5454545454545,2091
Others,84951A,C,13.0909090909090,39,280.569997906685,13.0909090909090,2091
Others,21000,B,53.4545454545454,39,1363.08999848366,53.4545454545454,2091
Others,47021G,C,10.8181818181818,39,210.039999485016,10.8181818181818,2091
Others,84569B,C,22.7272727272727,39,315.019999980927,22.7272727272727,2091
Others,20936,C,20.4545454545454,39,500.130001544952,20.4545454545454,2091
Others,22814,C,215.5000000000000,39,183.579996913671,215.5000000000000,2091
Others,90161D,C,6.3636363636363,39,348.269994735718,6.3636363636363,2091
Others,22252,C,24.0000000000000,39,357.299998998642,24.0000000000000,2091
Others,84846A,C,16.5454545454545,39,412.099985122681,16.5454545454545,2091
Others,90082D,C,7.1818181818181,39,509.749994277954,7.1818181818181,2091
Others,21457,C,62.2222222222222,39,547.599996328354,62.2222222222222,2091
Others,84507C,C,32.6363636363636,39,438.510003566742,32.6363636363636,2091
Others,21722,C,21.1818181818181,39,215.380005002022,21.1818181818181,2091
Others,22841,B,111.0000000000000,39,842.629978179932,111.0000000000000,2091
Others,16016,B,92.8181818181818,39,800.25002682209,92.8181818181818,2091
Others,85130D,C,16.6363636363636,39,321.849995613098,16.6363636363636,2091
Others,35594,C,15.0000000000000,39,103.059997856617,15.0000000000000,2091
Others,37467,C,7.6363636363636,39,155.940003275871,7.6363636363636,2091
Others,85212,C,29.0000000000000,39,303.750005722046,29.0000000000000,2091
Others,21553,C,18.0000000000000,39,581.269990921021,18.0000000000000,2091
Others,22538,C,122.8750000000000,39,420.789987534285,122.8750000000000,2091
Others,17129D,B,281.2500000000000,39,1351.17997610569,281.2500000000000,2091
Others,51020B,C,79.1818181818181,38,397.549993991852,79.1818181818181,2117
Others,20769,C,28.7272727272727,38,500.349993228912,28.7272727272727,2117
Others,84007,C,14.1818181818181,38,410.569992780685,14.1818181818181,2117
Others,22700,C,40.7500000000000,38,479.470004081726,40.7500000000000,2117
Others,21318,C,22.9090909090909,38,435.73999786377,22.9090909090909,2117
Others,16169C,C,102.2727272727272,38,472.49998524785,102.2727272727272,2117
Others,35015,C,187.0000000000000,38,133.179997023195,187.0000000000000,2117
Others,35810B,C,14.4545454545454,38,312.109990596771,14.4545454545454,2117
Others,90129B,C,7.6363636363636,38,196.400001168251,7.6363636363636,2117
Others,21096,A,1332.7272727272727,38,2130.61993741989,1332.7272727272727,2117
Others,35598D,C,56.1818181818181,38,488.099985122681,56.1818181818181,2117
Others,85044,B,13.1818181818181,38,781.599991798401,13.1818181818181,2117
Others,84510F,C,99.9090909090909,38,432.75001168251,99.9090909090909,2117
Others,22796,B,114.0000000000000,38,1093.37998485565,114.0000000000000,2117
Others,84712B,C,6.0000000000000,38,519.699992179871,6.0000000000000,2117
Others,84457,C,18.3333333333333,38,166.170002102852,18.3333333333333,2117
Others,21618,B,24.4545454545454,38,957.75,24.4545454545454,2117
Others,22795,B,146.0000000000000,38,954.759986877441,146.0000000000000,2117
Others,22123,C,10.9090909090909,38,473.779995918274,10.9090909090909,2117
Others,22390,B,58.0000000000000,38,855.219987869263,58.0000000000000,2117
Others,20759,B,495.9090909090909,38,667.830010294914,495.9090909090909,2117
Others,90214K,C,6.0909090909090,38,87.25,6.0909090909090,2117
Others,22510,C,10.5000000000000,38,332.460000991821,10.5000000000000,2117
Others,21666,B,117.6363636363636,38,786.539998054504,117.6363636363636,2117
Others,85187,C,19.2857142857142,38,248.399995565414,19.2857142857142,2117
Others,20934,B,23.4000000000000,37,684.069985389709,23.4000000000000,2142
Others,20757,B,470.0909090909090,37,737.950005292892,470.0909090909090,2142
Others,20935,C,25.6363636363636,37,521.380002975464,25.6363636363636,2142
Others,85039C,C,19.6363636363636,37,225.679994702339,19.6363636363636,2142
Others,20784,A,9.1818181818181,37,3570.87002182007,9.1818181818181,2142
Others,21750,C,19.7272727272727,37,452.139985561371,19.7272727272727,2142
Others,20756,B,492.0000000000000,37,633.36000931263,492.0000000000000,2142
Others,20830,C,21.2727272727272,37,447.539994239807,21.2727272727272,2142
Others,21946,C,47.3636363636363,37,268.320001006126,47.3636363636363,2142
Others,22768,B,89.0000000000000,37,885.549983024597,89.0000000000000,2142
Others,21694,B,18.0909090909090,37,602.370008945465,18.0909090909090,2142
Others,22902,B,156.0000000000000,37,617.019989967346,156.0000000000000,2142
Others,84529C,C,11.1428571428571,37,414.740001678467,11.1428571428571,2142
Others,21752,B,7.7000000000000,37,1244.8099861145,7.7000000000000,2142
Others,72750B,B,44.6363636363636,37,1033.45001888275,44.6363636363636,2142
Others,21634,B,69.8181818181818,37,988.259999275208,69.8181818181818,2142
Others,21418,C,10.0909090909090,37,318.629995107651,10.0909090909090,2142
Others,90013B,C,4.1818181818181,37,192.109992980957,4.1818181818181,2142
Others,84741C,C,13.8888888888888,37,255.140006065369,13.8888888888888,2142
Others,85107,B,83.7272727272727,37,1629.16997075081,83.7272727272727,2142
Others,20862,B,46.4285714285714,37,691.139975547791,46.4285714285714,2142
Others,22346,C,15.0000000000000,37,153.410003423691,15.0000000000000,2142
Others,90120A,C,7.7272727272727,37,361.699996948242,7.7272727272727,2142
Others,16015,C,79.5454545454545,37,403.900003433228,79.5454545454545,2142
Others,84658,B,12.9090909090909,37,683.179982662201,12.9090909090909,2142
Others,20819,C,14.8181818181818,37,379.150000095367,14.8181818181818,2142
Others,90071,C,3.6363636363636,37,50.5899994373322,3.6363636363636,2142
Others,85071B,C,86.5454545454545,37,589.479999065399,86.5454545454545,2142
Others,84584,C,11.8181818181818,37,351.799993991852,11.8181818181818,2142
Others,21311,C,20.1818181818181,37,313.819987773895,20.1818181818181,2142
Others,22821,C,177.0000000000000,36,235.139991521835,177.0000000000000,2172
Others,84689,B,27.8181818181818,36,715.099986076355,27.8181818181818,2172
Others,22688,B,18.8000000000000,36,710.419984817505,18.8000000000000,2172
Others,20694,C,10.7272727272727,36,412.170001983643,10.7272727272727,2172
Others,16012,C,117.0000000000000,36,269.069991633296,117.0000000000000,2172
Others,35954,C,50.7272727272727,36,308.909992963076,50.7272727272727,2172
Others,21438,B,93.2500000000000,36,1229.82001018524,93.2500000000000,2172
Others,21562,C,32.7000000000000,36,541.369981765747,32.7000000000000,2172
Others,21320,C,17.7272727272727,36,533.81998872757,17.7272727272727,2172
Others,16014,A,1455.5454545454545,36,5170.61988267303,1455.5454545454545,2172
Others,21757,C,17.0000000000000,36,394.899991035461,17.0000000000000,2172
Others,47581B,B,7.6666666666666,36,753.770000457764,7.6666666666666,2172
Others,84948,C,45.5000000000000,36,459.209993600845,45.5000000000000,2172
Others,72051S,C,13.8181818181818,36,92.9599973857403,13.8181818181818,2172
Others,22340,C,22.7272727272727,36,438.779994368553,22.7272727272727,2172
Others,20803,C,15.0909090909090,36,322.059994459152,15.0909090909090,2172
Others,20672,C,34.5000000000000,36,200.999999046326,34.5000000000000,2172
Others,20670,C,61.7272727272727,36,331.860003352165,61.7272727272727,2172
Others,21189,C,25.8181818181818,36,538.990001797676,25.8181818181818,2172
Others,21392,B,681.0909090909090,36,1379.1799492836,681.0909090909090,2172
Others,16212,C,33.1818181818181,36,286.359991312027,33.1818181818181,2172
Others,84313B,C,7.2727272727272,36,509.509996414185,7.2727272727272,2172
Others,22044,C,79.8181818181818,36,256.039993792772,79.8181818181818,2172
Others,90170,C,5.9090909090909,36,109.250001788139,5.9090909090909,2172
Others,46776D,C,6.1000000000000,36,266.410000801086,6.1000000000000,2172
Others,21444,B,58.2000000000000,36,902.030000209808,58.2000000000000,2172
Others,71279,C,9.9090909090909,36,384.230001449585,9.9090909090909,2172
Others,46776E,C,13.5000000000000,36,361.040001869202,13.5000000000000,2172
Others,21332,B,22.7272727272727,36,1350.58000469208,22.7272727272727,2172
Others,85208,C,15.5454545454545,35,365.429984092712,15.5454545454545,2201
Others,90198A,C,5.4545454545454,35,255.459995269775,5.4545454545454,2201
Others,20831,C,22.4545454545454,35,431.999994754791,22.4545454545454,2201
Others,22214,B,32.0909090909090,35,855.539976358414,32.0909090909090,2201
Others,21552,B,23.5714285714285,35,837.599983215332,23.5714285714285,2201
Others,20898,C,24.7272727272727,35,538.040004014969,24.7272727272727,2201
Others,85131D,C,39.3636363636363,35,231.049998044968,39.3636363636363,2201
Others,37474,C,4.8181818181818,35,551.549986839294,4.8181818181818,2201
Others,84569A,C,19.0000000000000,35,269.049999713898,19.0000000000000,2201
Others,79342B,B,24.0000000000000,35,838.519989967346,24.0000000000000,2201
Others,22182,C,12.3636363636363,35,568.619990348816,12.3636363636363,2201
Others,46126A,C,23.3636363636363,35,340.149999856949,23.3636363636363,2201
Others,22702,C,40.6000000000000,35,419.149991750717,40.6000000000000,2201
Others,22142,C,19.2727272727272,35,319.280010223389,19.2727272727272,2201
Others,72800C,B,46.1818181818181,35,606.510001897812,46.1818181818181,2201
Others,21769,A,6.9090909090909,35,5072.41983032227,6.9090909090909,2201
Others,21317,B,21.0000000000000,35,687.569987297058,21.0000000000000,2201
Others,84450B,C,27.8000000000000,35,84.5499991774559,27.8000000000000,2201
Others,72803B,C,8.2727272727272,35,403.630001068115,8.2727272727272,2201
Others,85169D,C,15.0909090909090,35,242.89999961853,15.0909090909090,2201
Others,47563A,C,3.8181818181818,35,212.149996757507,3.8181818181818,2201
Others,85230E,C,104.7272727272727,35,309.119990944862,104.7272727272727,2201
Others,84920,C,7.0909090909090,35,313.670000553131,7.0909090909090,2201
Others,47503G,C,71.0000000000000,35,367.359997987747,71.0000000000000,2201
Others,72127,C,17.9090909090909,35,235.329995155334,17.9090909090909,2201
Others,22939,B,91.5000000000000,35,860.129986763,91.5000000000000,2201
Others,16256B,C,74.8571428571428,35,232.349993437529,74.8571428571428,2201
Others,21250,B,26.0000000000000,35,661.230002164841,26.0000000000000,2201
Others,84251G,C,16.8181818181818,35,48.9699998497963,16.8181818181818,2201
Others,85119,C,35.6363636363636,35,530.320014953613,35.6363636363636,2201
Others,22391,C,20.2500000000000,35,379.449993371964,20.2500000000000,2201
Others,22101,C,34.8181818181818,34,578.439997315407,34.8181818181818,2232
Others,79191D,C,8.0000000000000,34,89.4600012302399,8.0000000000000,2232
Others,85159A,C,3.4545454545454,34,452.910006999969,3.4545454545454,2232
Others,90175A,B,6.9090909090909,34,682.629992485046,6.9090909090909,2232
Others,21822,C,22.0000000000000,34,483.380011796951,22.0000000000000,2232
Others,22986,C,637.5000000000000,34,503.499989956617,637.5000000000000,2232
Others,21414,B,148.5454545454545,34,864.590013027191,148.5454545454545,2232
Others,85112,C,155.0000000000000,34,412.769997596741,155.0000000000000,2232
Others,85166B,B,45.8181818181818,34,841.60000038147,45.8181818181818,2232
Others,16169F,C,88.6363636363636,34,409.499987214804,88.6363636363636,2232
Others,22447,C,12.7500000000000,34,355.379990577698,12.7500000000000,2232
Others,90203,C,6.4545454545454,34,534.269999027252,6.4545454545454,2232
Others,22056,B,75.8750000000000,34,656.870002269745,75.8750000000000,2232
Others,16169M,C,127.2727272727272,34,363.749992102385,127.2727272727272,2232
Others,22267,B,159.0000000000000,34,618.299990177155,159.0000000000000,2232
Others,16048,C,172.9090909090909,34,317.689992398024,172.9090909090909,2232
Others,79144C,C,11.3636363636363,34,64.7999984920025,11.3636363636363,2232
Others,35967,C,30.0909090909090,34,173.93999838829,30.0909090909090,2232
Others,22819,C,256.5000000000000,34,210.689997553825,256.5000000000000,2232
Others,84847,B,230.5000000000000,34,1055.98002839088,230.5000000000000,2232
Others,79191B,C,25.8181818181818,34,225.230001807213,25.8181818181818,2232
Others,45008C,B,10.3750000000000,34,792.069986343384,10.3750000000000,2232
Others,22599,C,176.7500000000000,34,554.150018572807,176.7500000000000,2232
Others,85170C,C,18.7272727272727,34,380.299996376038,18.7272727272727,2232
Others,21202,C,28.8181818181818,34,499.370002508163,28.8181818181818,2232
Others,84932C,B,40.2857142857142,34,615.400012969971,40.2857142857142,2232
Others,84499,C,26.3636363636363,34,237.520000338554,26.3636363636363,2232
Others,21299,B,41.5000000000000,34,966.350006580353,41.5000000000000,2232
Others,17084R,B,608.9000000000000,34,1102.28997059166,608.9000000000000,2232
Others,22911,B,109.0000000000000,34,601.019998550415,109.0000000000000,2232
Others,84908A,B,47.7777777777777,34,1033.34001159668,47.7777777777777,2232
Others,85142,C,7.1250000000000,34,502.579985618591,7.1250000000000,2232
Others,22942,A,346.0000000000000,34,2745.48002243042,346.0000000000000,2232
Others,37482P,C,14.5454545454545,34,553.409990787506,14.5454545454545,2232
Others,71403,C,9.6000000000000,34,357.329999685287,9.6000000000000,2232
Others,84247N,C,9.0000000000000,34,229.630003035069,9.0000000000000,2232
Others,21615,B,25.1818181818181,34,960.75,25.1818181818181,2232
Others,85078,C,22.8181818181818,33,290.689992070198,22.8181818181818,2269
Others,90120C,C,4.8181818181818,33,225.899995803833,4.8181818181818,2269
Others,16161M,C,79.5454545454545,33,365.499988943338,79.5454545454545,2269
Others,85034C,B,16.0000000000000,33,736.359993934631,16.0000000000000,2269
Others,37410,A,5141.4000000000000,33,3288.65003177524,5141.4000000000000,2269
Others,21099,B,2215.0000000000000,33,1516.640011549,2215.0000000000000,2269
Others,21413,B,282.9090909090909,33,1052.3599742651,282.9090909090909,2269
Others,21336,C,163.2727272727272,33,472.989992141724,163.2727272727272,2269
Others,85020,C,13.2727272727272,33,325.76998758316,13.2727272727272,2269
Others,90209C,C,12.0909090909090,33,267.629992723465,12.0909090909090,2269
Others,20980,C,11.5454545454545,33,171.64999961853,11.5454545454545,2269
Others,79030A,C,21.3750000000000,33,438.249998927116,21.3750000000000,2269
Others,21145,B,57.5454545454545,33,934.849987030029,57.5454545454545,2269
Others,22306,C,25.8181818181818,33,573.500002622604,25.8181818181818,2269
Others,16216,C,59.0000000000000,33,109.479997515678,59.0000000000000,2269
Others,20621,C,20.7000000000000,33,451.669981479645,20.7000000000000,2269
Others,46307,C,6.3750000000000,33,246.029993891716,6.3750000000000,2269
Others,22643,C,44.7500000000000,33,444.559989929199,44.7500000000000,2269
Others,20865,C,35.8571428571428,33,500.489989280701,35.8571428571428,2269
Others,85106,B,47.6363636363636,33,1085.58000087738,47.6363636363636,2269
Others,85180A,C,11.0000000000000,33,570.510005474091,11.0000000000000,2269
Others,22307,B,31.0909090909090,33,675.620003461838,31.0909090909090,2269
Others,20781,C,5.8181818181818,33,345.709997177124,5.8181818181818,2269
Others,77081,C,26.8888888888888,33,308.379994153976,26.8888888888888,2269
Others,21088,B,1357.9090909090909,33,1388.44996750355,1357.9090909090909,2269
Others,90214A,C,6.0909090909090,33,85.9900000095367,6.0909090909090,2269
Others,10120,C,36.0909090909090,32,86.6699976027012,36.0909090909090,2295
Others,84671B,C,54.5000000000000,32,306.769996166229,54.5000000000000,2295
Others,47598,C,19.7142857142857,32,89.1200008392334,19.7142857142857,2295
Others,20991,B,2361.3333333333333,32,884.560007214546,2361.3333333333333,2295
Others,22741,B,629.0000000000000,32,1076.59002947807,629.0000000000000,2295
Others,84482,C,6.8181818181818,32,293.019999980927,6.8181818181818,2295
Others,22944,B,512.0000000000000,32,1170.55996704102,512.0000000000000,2295
Others,85071C,C,54.1818181818181,32,393.929993867874,54.1818181818181,2295
Others,21881,C,18.0909090909090,32,146.639995336533,18.0909090909090,2295
Others,21847,C,23.3636363636363,32,428.659997224808,23.3636363636363,2295
Others,37462B,C,15.4545454545454,32,87.2799979746342,15.4545454545454,2295
Others,20704,B,12.5454545454545,32,625.069997787476,12.5454545454545,2295
Others,90200B,C,6.6363636363636,32,310.379997253418,6.6363636363636,2295
Others,85104,C,11.8181818181818,32,424.940003395081,11.8181818181818,2295
Others,21780,B,101.5000000000000,32,1745.85000133514,101.5000000000000,2295
Others,46775A,B,27.6666666666666,32,1044.23003959656,27.6666666666666,2295
Others,84856S,B,57.8750000000000,32,1858.60998392105,57.8750000000000,2295
Others,85114A,B,42.6363636363636,32,769.020004987717,42.6363636363636,2295
Others,90173,C,4.4000000000000,32,167.489999294281,4.4000000000000,2295
Others,21001,C,4.8181818181818,32,294.279994010925,4.8181818181818,2295
Others,21663,C,15.2000000000000,32,488.159986495972,15.2000000000000,2295
Others,35240,C,7.0000000000000,32,356.579990386963,7.0000000000000,2295
Others,85033G,C,23.6000000000000,32,376.050007104874,23.6000000000000,2295
Others,20993,B,2741.7500000000000,32,1334.1100127697,2741.7500000000000,2295
Others,22701,C,21.2000000000000,32,326.840003252029,21.2000000000000,2295
Others,20892,B,8.5454545454545,32,942.3899974823,8.5454545454545,2295
Others,90120D,C,10.7272727272727,32,486.8899974823,10.7272727272727,2295
Others,46776C,C,12.0909090909090,32,375.66999912262,12.0909090909090,2295
Others,21816,C,24.8181818181818,32,421.290011644363,24.8181818181818,2295
Others,37333,B,10.4545454545454,32,603.139993667603,10.4545454545454,2295
Others,85036B,B,19.3636363636363,32,850.949992656708,19.3636363636363,2295
Others,21689,B,21.7272727272727,32,868.250011444092,21.7272727272727,2295
Others,22767,B,90.0000000000000,32,905.929982185364,90.0000000000000,2295
Others,84707B,C,4.0000000000000,32,399.500002861023,4.0000000000000,2295
Others,90214S,C,5.7272727272727,31,80.9900000095367,5.7272727272727,2329
Others,84526,B,48.4545454545454,31,1493.89002966881,48.4545454545454,2329
Others,22817,C,188.5000000000000,31,155.289999485016,188.5000000000000,2329
Others,72131,C,54.0909090909090,31,422.729999303818,54.0909090909090,2329
Others,85160A,B,799.8181818181818,31,1560.52994728088,799.8181818181818,2329
Others,20701,B,29.6363636363636,31,613.020007133484,29.6363636363636,2329
Others,90161B,C,5.5454545454545,31,305.939993858337,5.5454545454545,2329
Others,84926C,C,15.3333333333333,31,189.599999189377,15.3333333333333,2329
Others,21393,B,518.4000000000000,31,1066.92995882034,518.4000000000000,2329
Others,85205B,C,39.3333333333333,31,341.169994354248,39.3333333333333,2329
Others,16047,B,964.7272727272727,31,1054.6999861002,964.7272727272727,2329
Others,84597C,C,28.9090909090909,31,393.480000972748,28.9090909090909,2329
Others,20786,A,9.9000000000000,31,3533.90002059937,9.9000000000000,2329
Others,90195A,C,4.1818181818181,31,417.60999584198,4.1818181818181,2329
Others,21287,B,203.5454545454545,31,1002.34998989105,203.5454545454545,2329
Others,21415,C,9.7272727272727,31,229.719994544983,9.7272727272727,2329
Others,84532B,C,13.5000000000000,31,417.579992294312,13.5000000000000,2329
Others,20785,A,8.8000000000000,31,3149.05002593994,8.8000000000000,2329
Others,84472,A,14.5000000000000,30,3402.32002639771,14.5000000000000,2347
Others,22846,B,73.0000000000000,30,1141.35000991821,73.0000000000000,2347
Others,84748,B,87.6363636363636,30,1195.02002334595,87.6363636363636,2347
Others,DCGS0058,C,3.8181818181818,30,34.8199999332428,3.8181818181818,2347
Others,21401,C,25.2727272727272,30,119.139996469021,25.2727272727272,2347
Others,22709,C,219.8000000000000,30,429.579992264509,219.8000000000000,2347
Others,85071A,C,58.8181818181818,30,428.330000638962,58.8181818181818,2347
Others,22985,C,387.5000000000000,30,325.499989837408,387.5000000000000,2347
Others,84231,C,40.6666666666666,30,93.5799976587296,40.6666666666666,2347
Others,90214J,C,5.8181818181818,30,84.3599998950958,5.8181818181818,2347
Others,35809B,C,10.6666666666666,30,218.359992027283,10.6666666666666,2347
Others,84708B,C,6.5454545454545,30,366.839986801147,6.5454545454545,2347
Others,22512,B,31.1250000000000,30,637.71000289917,31.1250000000000,2347
Others,21375,C,7.9090909090909,30,466.560004234314,7.9090909090909,2347
Others,84824,B,4.0000000000000,30,644.54999256134,4.0000000000000,2347
Others,84683,C,26.5454545454545,30,304.039996147156,26.5454545454545,2347
Others,21729,C,62.0000000000000,30,422.899999141693,62.0000000000000,2347
Others,21303,B,24.0000000000000,30,985.540005683899,24.0000000000000,2347
Others,84909A,A,52.2500000000000,30,2797.55000305176,52.2500000000000,2347
Others,90129C,C,5.9090909090909,30,145.550000667572,5.9090909090909,2347
Others,84908B,B,53.5000000000000,30,1010.92001152039,53.5000000000000,2347
Others,84910A,B,34.7272727272727,30,947.049980163574,34.7272727272727,2347
Others,20787,A,7.6666666666666,30,2535.10001754761,7.6666666666666,2347
Others,16258A,C,46.7272727272727,30,163.359995722771,46.7272727272727,2347
Others,84619,B,18.0000000000000,29,1622.96001815796,18.0000000000000,2371
Others,17109D,C,108.1818181818181,29,555.819998264313,108.1818181818181,2371
Others,21341,C,6.5454545454545,29,410.64000749588,6.5454545454545,2371
Others,22104,C,78.3636363636363,29,566.939999103546,78.3636363636363,2371
Others,21276,B,135.4000000000000,29,1558.94002008438,135.4000000000000,2371
Others,79144B,C,11.1818181818181,29,56.3799987137318,11.1818181818181,2371
Others,21493,C,27.2000000000000,29,252.450007081032,27.2000000000000,2371
Others,22703,C,23.0000000000000,29,252.349991559982,23.0000000000000,2371
Others,22844,B,89.0000000000000,29,757.420000076294,89.0000000000000,2371
Others,21734,C,24.2500000000000,29,529.490001678467,24.2500000000000,2371
Others,85135C,C,3.0000000000000,29,272.449996948242,3.0000000000000,2371
Others,85141,B,5.3636363636363,29,634.25,5.3636363636363,2371
Others,21366,B,13.2727272727272,29,652.860004425049,13.2727272727272,2371
Others,22984,C,163.5000000000000,29,138.629995822906,163.5000000000000,2371
Others,84663A,C,9.0909090909090,29,366.35999584198,9.0909090909090,2371
Others,17107D,C,10.4545454545454,29,293.249994516373,10.4545454545454,2371
Others,84666,B,20.2000000000000,29,797.900009632111,20.2000000000000,2371
Others,21388,C,77.7500000000000,29,290.170007824898,77.7500000000000,2371
Others,84199,C,30.2727272727272,29,74.4499994069338,30.2727272727272,2371
Others,21208,C,10.1818181818181,29,224.269995808601,10.1818181818181,2371
Others,85159B,C,3.2727272727272,29,369.300004005432,3.2727272727272,2371
Others,85024C,C,7.0909090909090,29,128.699998140335,7.0909090909090,2371
Others,84974,C,5.0000000000000,29,491.499990463257,5.0000000000000,2371
Others,21027,C,14.8181818181818,29,216.469999790192,14.8181818181818,2371
Others,84762A,C,8.4285714285714,29,517.429996490479,8.4285714285714,2371
Others,20864,C,22.9090909090909,29,498.139984369278,22.9090909090909,2371
Others,35980C,C,34.2727272727272,29,147.639998078346,34.2727272727272,2371
Others,84638,B,31.4545454545454,29,727.290015220642,31.4545454545454,2371
Others,47592B,C,8.3750000000000,29,131.899994850159,8.3750000000000,2371
Others,21649,B,210.5000000000000,29,1162.88999629021,210.5000000000000,2371
Others,22839,B,62.0000000000000,29,906.539992332459,62.0000000000000,2371
Others,85163B,C,2.6363636363636,28,459.479999542236,2.6363636363636,2402
Others,21711,B,26.2000000000000,28,952.999979972839,26.2000000000000,2402
Others,72739B,C,197.0000000000000,28,328.389990508556,197.0000000000000,2402
Others,84219,C,45.6666666666666,28,303.860001087189,45.6666666666666,2402
Others,84931B,C,7.2727272727272,28,218.789995670319,7.2727272727272,2402
Others,90201B,C,5.4545454545454,28,177.79000210762,5.4545454545454,2402
Others,84497,C,7.1818181818181,28,319.629999637604,7.1818181818181,2402
Others,84452,C,17.7142857142857,28,123.260001778603,17.7142857142857,2402
Others,20696,C,8.3636363636363,28,368.379999637604,8.3636363636363,2402
Others,20801,C,7.5000000000000,28,253.999996185303,7.5000000000000,2402
Others,20714,B,790.0000000000000,28,649.819993138313,790.0000000000000,2402
Others,22647,C,34.0000000000000,28,289.040005683899,34.0000000000000,2402
Others,17164D,C,287.5000000000000,28,446.999997794628,287.5000000000000,2402
Others,22789,C,230.0000000000000,28,429.160005807877,230.0000000000000,2402
Others,72801E,C,77.6000000000000,28,422.319991111755,77.6000000000000,2402
Others,22144,C,6.3000000000000,28,215.810004711151,6.3000000000000,2402
Others,21632,C,3.9090909090909,28,573.729999542236,3.9090909090909,2402
Others,21092,B,3211.5000000000000,28,1571.50002169609,3211.5000000000000,2402
Others,21028,C,10.8181818181818,28,164.049999713898,10.8181818181818,2402
Others,84898F,C,11.0000000000000,28,235.219989776611,11.0000000000000,2402
Others,82093,C,69.5000000000000,28,283.490001916885,69.5000000000000,2402
Others,85126,B,13.0000000000000,28,967.769989013672,13.0000000000000,2402
Others,16244A,C,46.5000000000000,28,479.410010099411,46.5000000000000,2402
Others,21335,B,7.0000000000000,28,989.620021820068,7.0000000000000,2402
Others,84559D,C,11.4545454545454,28,110.540003061295,11.4545454545454,2402
Others,71270,C,11.4545454545454,28,175.379999637604,11.4545454545454,2402
Others,51020A,C,88.4545454545454,28,340.729992389679,88.4545454545454,2402
Others,79192A,C,8.9090909090909,28,132.639999866486,8.9090909090909,2402
Others,21633,B,4.8000000000000,28,742.150003433228,4.8000000000000,2402
Others,84865,C,3.9090909090909,28,425.229997634888,3.9090909090909,2402
Others,20903,C,9.2727272727272,27,439.750006198883,9.2727272727272,2432
Others,84086C,C,5.2727272727272,27,192.97000336647,5.2727272727272,2432
Others,21129,C,5.4545454545454,27,446.519995689392,5.4545454545454,2432
Others,21262,B,17.0909090909090,27,734.370008707047,17.0909090909090,2432
Others,51012C,C,57.0000000000000,27,213.75,57.0000000000000,2432
Others,84821,C,24.4545454545454,27,238.450005888939,24.4545454545454,2432
Others,22771,C,346.0000000000000,27,438.980000019073,346.0000000000000,2432
Others,84637,B,42.1818181818181,27,791.609997749329,42.1818181818181,2432
Others,16218,C,55.4545454545454,27,129.199999630451,55.4545454545454,2432
Others,22845,C,69.0000000000000,27,465.86999464035,69.0000000000000,2432
Others,84625A,C,24.2727272727272,27,342.930006980896,24.2727272727272,2432
Others,85185C,C,6.4444444444444,27,171.100002765656,6.4444444444444,2432
Others,22259,C,15.4285714285714,27,147.599999904633,15.4285714285714,2432
Others,35979,C,18.8000000000000,27,311.03000330925,18.8000000000000,2432
Others,22707,C,120.8333333333333,27,304.499990493059,120.8333333333333,2432
Others,85034B,B,18.3636363636363,27,826.979990005493,18.3636363636363,2432
Others,20662,C,62.7272727272727,27,360.260004162788,62.7272727272727,2432
Others,84875D,C,39.7500000000000,27,412.5,39.7500000000000,2432
Others,35833P,C,7.7272727272727,27,181.510001659393,7.7272727272727,2432
Others,21316,B,46.8181818181818,27,869.410000801086,46.8181818181818,2432
Others,16207B,C,29.3750000000000,27,378.560000419617,29.3750000000000,2432
Others,85144,C,5.8181818181818,27,442.399997711182,5.8181818181818,2432
Others,84665,B,11.2000000000000,27,666.399978637695,11.2000000000000,2432
Others,90147,C,4.7272727272727,27,521.879991531372,4.7272727272727,2432
Others,22394,C,22.2857142857142,27,275.399997711182,22.2857142857142,2432
Others,22164,C,17.7272727272727,27,509.100006580353,17.7272727272727,2432
Others,84819,C,6.9090909090909,27,327.220000267029,6.9090909090909,2432
Others,90171,C,11.7500000000000,27,59.6499991416931,11.7500000000000,2432
Others,90214E,C,5.0909090909090,27,73.3799999952316,5.0909090909090,2432
Others,18096C,C,41.6666666666666,26,339.840000152588,41.6666666666666,2461
Others,37492D,B,60.1666666666666,26,682.989993691444,60.1666666666666,2461
Others,20799,C,28.5714285714285,26,355.329998016357,28.5714285714285,2461
Others,35921,C,12.7777777777777,26,197.089999198914,12.7777777777777,2461
Others,37506,C,3.5555555555555,26,190.399993896484,3.5555555555555,2461
Others,22785,B,114.0000000000000,26,751.559989929199,114.0000000000000,2461
Others,22102,C,18.9090909090909,26,340.049995541573,18.9090909090909,2461
Others,21095,C,15.4545454545454,26,155.840003252029,15.4545454545454,2461
Others,84461,C,19.3333333333333,26,149.239997446537,19.3333333333333,2461
Others,22641,C,37.7500000000000,26,370.64999127388,37.7500000000000,2461
Others,90013C,C,4.0000000000000,26,176.229995727539,4.0000000000000,2461
Others,79026B,C,3.8181818181818,26,76.1399989128113,3.8181818181818,2461
Others,47587A,B,451.0000000000000,26,1099.88003587723,451.0000000000000,2461
Others,18007,C,266.0909090909090,26,347.560000479221,266.0909090909090,2461
Others,84625C,C,18.4545454545454,26,311.640005588531,18.4545454545454,2461
Others,22820,C,174.0000000000000,26,226.829991698265,174.0000000000000,2461
Others,84247E,C,24.6000000000000,26,365.810005664825,24.6000000000000,2461
Others,22891,C,115.0000000000000,26,468.970000267029,115.0000000000000,2461
Others,85230A,C,96.0000000000000,26,267.839992046356,96.0000000000000,2461
Others,72818,C,25.5454545454545,26,230.300006985664,25.5454545454545,2461
Others,90198B,C,5.3636363636363,26,251.259998321533,5.3636363636363,2461
Others,20660,C,7.8888888888888,26,88.75,7.8888888888888,2461
Others,35922,C,7.6666666666666,26,437.389996528625,7.6666666666666,2461
Others,84782A,B,13.2222222222222,26,840.449998855591,13.2222222222222,2461
Others,84869,B,60.4000000000000,26,703.540010690689,60.4000000000000,2461
Others,21443,B,64.2500000000000,26,727.93000125885,64.2500000000000,2461
Others,21312,B,29.9000000000000,26,1179.16998624802,29.9000000000000,2461
Others,16244B,B,37.5555555555555,26,757.170016050339,37.5555555555555,2461
Others,90214M,C,6.0000000000000,26,78.1999999284744,6.0000000000000,2461
Others,75149N,C,45.3333333333333,25,340,45.3333333333333,2490
Others,21631,B,4.3636363636363,25,624.739999771118,4.3636363636363,2490
Others,47503E,B,684.2000000000000,25,1186.90003991127,684.2000000000000,2490
Others,20818,C,6.5454545454545,25,225.800000190735,6.5454545454545,2490
Others,82011B,C,4.0000000000000,25,179.450000286102,4.0000000000000,2490
Others,82607E,C,9.1818181818181,25,126.25,9.1818181818181,2490
Others,21194,C,5.7272727272727,25,151.739995956421,5.7272727272727,2490
Others,22137,B,45.9090909090909,25,1211.29000210762,45.9090909090909,2490
Others,45016,C,10.1000000000000,25,423.729998588562,10.1000000000000,2490
Others,90040D,C,4.1000000000000,25,148.870000362396,4.1000000000000,2490
Others,81950B,C,8.9090909090909,25,91.4000017642975,8.9090909090909,2490
Others,72801F,C,117.0000000000000,25,292.5,117.0000000000000,2490
Others,35096B,C,73.2500000000000,25,106.489996939898,73.2500000000000,2490
Others,85071D,C,43.1818181818181,25,284.069996118546,43.1818181818181,2490
Others,20666,C,87.7000000000000,25,359.120002985001,87.7000000000000,2490
Others,37330,B,49.3000000000000,25,890.019999504089,49.3000000000000,2490
Others,47503A,C,7.0000000000000,25,98.8899998664856,7.0000000000000,2490
Others,35004s,C,146.0000000000000,25,518.400002479553,146.0000000000000,2490
Others,85028S,B,36.9090909090909,25,605.219995498657,36.9090909090909,2490
Others,16049,C,255.7000000000000,25,433.039989203215,255.7000000000000,2490
Others,90104,C,10.8000000000000,25,45.1799998283386,10.8000000000000,2490
Others,90208,C,9.9000000000000,25,236.349993467331,9.9000000000000,2490
Others,21147,C,13.9090909090909,25,257.739996671677,13.9090909090909,2490
Others,90129D,C,4.5454545454545,25,120.570001006126,4.5454545454545,2490
Others,90042A,C,4.0000000000000,25,102.17999792099,4.0000000000000,2490
Others,72817,C,15.7272727272727,25,217.019998192787,15.7272727272727,2490
Others,90120B,C,6.6000000000000,25,278.839998245239,6.6000000000000,2490
Others,22608,C,58.0000000000000,25,455.850011587143,58.0000000000000,2490
Others,21018,C,9.3636363636363,25,87.5500024557114,9.3636363636363,2490
Others,22948,C,204.5000000000000,25,353.570009708405,204.5000000000000,2490
Others,21459,C,46.7500000000000,25,370.170003652573,46.7500000000000,2490
Others,84985B,C,21.5000000000000,25,197.940005779266,21.5000000000000,2490
Others,84952C,C,16.5454545454545,25,345.009999752045,16.5454545454545,2490
Others,85127,C,7.0000000000000,25,523.849994659424,7.0000000000000,2490
Others,84313C,C,3.7000000000000,25,208.539999008179,3.7000000000000,2490
Others,90158,C,2.5454545454545,25,141.840000152588,2.5454545454545,2490
Others,21065,C,3.5454545454545,24,253.129996299744,3.5454545454545,2526
Others,85088,C,7.2727272727272,24,170.10999250412,7.2727272727272,2526
Others,16219,C,24.6363636363636,24,80.8699989765882,24.6363636363636,2526
Others,90214L,C,6.6363636363636,24,92.1699999570847,6.6363636363636,2526
Others,84600,C,4.7272727272727,24,447.529987335205,4.7272727272727,2526
Others,84661A,C,10.8181818181818,24,146.259996652603,10.8181818181818,2526
Others,84842,B,135.3636363636363,24,684.150019645691,135.3636363636363,2526
Others,37492C,C,40.3333333333333,24,477.299997329712,40.3333333333333,2526
Others,22106,B,14.9000000000000,24,630.86999797821,14.9000000000000,2526
Others,84288B,C,8.7142857142857,24,118.950002908707,8.7142857142857,2526
Others,22640,C,21.0000000000000,24,280.299994945526,21.0000000000000,2526
Others,17178,C,13.3000000000000,24,156.650000572205,13.3000000000000,2526
Others,17021,C,125.2000000000000,24,328.800001442432,125.2000000000000,2526
Others,22772,C,247.0000000000000,24,339.169999837875,247.0000000000000,2526
Others,21793,C,4.3000000000000,24,290.25,4.3000000000000,2526
Others,21376,B,12.7272727272727,24,602.600002288818,12.7272727272727,2526
Others,22598,C,125.2500000000000,24,389.220013260841,125.2500000000000,2526
Others,22038,C,56.8181818181818,24,260.499992221594,56.8181818181818,2526
Others,21543,C,284.0000000000000,24,214.999997615814,284.0000000000000,2526
Others,84931A,C,4.9090909090909,24,150.3899974823,4.9090909090909,2526
Others,84533B,C,14.7500000000000,24,377.929993629456,14.7500000000000,2526
Others,35645,C,4.4545454545454,24,242.370000839233,4.4545454545454,2526
Others,85006,B,298.9000000000000,24,1217.31001186371,298.9000000000000,2526
Others,90040A,C,2.8181818181818,24,122.53999710083,2.8181818181818,2526
Others,21635,C,11.2727272727272,24,469.030000209808,11.2727272727272,2526
Others,21277,B,2.3636363636363,24,673.500007629395,2.3636363636363,2526
Others,35911A,C,7.3333333333333,24,166.209995746613,7.3333333333333,2526
Others,90010B,C,3.4545454545454,24,351.809996604919,3.4545454545454,2526
Others,84932A,B,37.4285714285714,24,602.600011825562,37.4285714285714,2526
Others,84929,C,55.6363636363636,24,330.360006093979,55.6363636363636,2526
Others,37475,C,3.3636363636363,24,398.599991798401,3.3636363636363,2526
Others,84760S,C,13.8181818181818,24,254.120006561279,13.8181818181818,2526
Others,21395,C,11.2727272727272,24,250.840005874634,11.2727272727272,2526
Others,84753A,C,32.3333333333333,24,92.1700016260147,32.3333333333333,2526
Others,90145,C,3.0909090909090,23,210.089995384216,3.0909090909090,2560
Others,90201A,C,5.3000000000000,23,156.710002183914,5.3000000000000,2560
Others,84563A,C,3.2727272727272,23,273.659994125366,3.2727272727272,2560
Others,72130,C,41.5454545454545,23,127.27999651432,41.5454545454545,2560
Others,17108D,C,88.7500000000000,23,149.099995344877,88.7500000000000,2560
Others,22541,C,82.2500000000000,23,265.829998284578,82.2500000000000,2560
Others,85089,C,12.0000000000000,23,273.290000200272,12.0000000000000,2560
Others,17012B,C,6.9090909090909,23,129.520000219345,6.9090909090909,2560
Others,79163,C,22.1818181818181,23,515.27999329567,22.1818181818181,2560
Others,90201D,C,4.8181818181818,23,156.650002241135,4.8181818181818,2560
Others,37444A,C,241.2727272727272,23,488.219987392426,241.2727272727272,2560
Others,84877D,C,5.6363636363636,23,213.809995889664,5.6363636363636,2560
Others,71101E,C,37.0000000000000,23,327.230010390282,37.0000000000000,2560
Others,72739C,C,163.0000000000000,23,279.079993128777,163.0000000000000,2560
Others,90087,C,16.0000000000000,23,161.060003638268,16.0000000000000,2560
Others,84859A,C,14.9090909090909,23,340.539999008179,14.9090909090909,2560
Others,85125,B,12.2727272727272,23,644.32998752594,12.2727272727272,2560
Others,85032A,C,32.5454545454545,23,347.219987869263,32.5454545454545,2560
Others,35838B,C,10.0000000000000,23,85.0000023841858,10.0000000000000,2560
Others,46000U,C,12.8181818181818,23,176.25,12.8181818181818,2560
Others,85110,B,1152.0000000000000,23,1138.04000103474,1152.0000000000000,2560
Others,35598B,C,27.8181818181818,23,315.299994707108,27.8181818181818,2560
Others,85169C,C,6.2727272727272,23,103.949999809265,6.2727272727272,2560
Others,84917,C,4.1000000000000,23,202.889998435974,4.1000000000000,2560
Others,90184C,C,3.2727272727272,23,326.339996337891,3.2727272727272,2560
Others,20849,C,61.1818181818181,23,589.280002593994,61.1818181818181,2560
Others,84916,C,3.0000000000000,23,148.919998168945,3.0000000000000,2560
Others,46118,C,11.0909090909090,23,172.640003800392,11.0909090909090,2560
Others,82081,C,58.0000000000000,23,451.350007295609,58.0000000000000,2560
Others,21132,C,3.2727272727272,23,204.000001907349,3.2727272727272,2560
Others,72799C,C,32.1818181818181,23,582.30999994278,32.1818181818181,2560
Others,21228,C,6.1818181818181,23,86.3199999332428,6.1818181818181,2560
Others,22849,B,55.0000000000000,23,868.250011444092,55.0000000000000,2560
Others,85028L,B,26.1000000000000,23,634.510004997253,26.1000000000000,2560
Others,17084P,C,43.7000000000000,23,89.9099982380867,43.7000000000000,2560
Others,35607A,C,40.1818181818181,23,88.3899988532066,40.1818181818181,2560
Others,90214C,C,5.3636363636363,23,74.6100000143051,5.3636363636363,2560
Others,22798,C,124.0000000000000,22,371.720005512238,124.0000000000000,2597
Others,20987,C,131.0000000000000,22,288.350008249283,131.0000000000000,2597
Others,21252,C,84.0000000000000,22,408.660002231598,84.0000000000000,2597
Others,21038,C,5.9090909090909,22,197.93000292778,5.9090909090909,2597
Others,21554,B,83.5000000000000,22,767.749991416931,83.5000000000000,2597
Others,90184B,C,2.8181818181818,22,282.399997711182,2.8181818181818,2597
Others,84802A,C,16.4545454545454,22,305.890010356903,16.4545454545454,2597
Others,85030,C,17.6363636363636,22,486.300004959106,17.6363636363636,2597
Others,90040B,C,4.8000000000000,22,171.150000095367,4.8000000000000,2597
Others,85131B,C,18.6363636363636,22,107.229999303818,18.6363636363636,2597
Others,85163A,C,3.2000000000000,22,435.419998168945,3.2000000000000,2597
Others,35966,C,19.2727272727272,22,94.9999994039536,19.2727272727272,2597
Others,82011A,C,4.5555555555555,22,179.079999923706,4.5555555555555,2597
Others,21551,B,84.5000000000000,22,824.949988365173,84.5000000000000,2597
Others,84306,C,4.2222222222222,22,469.259993553162,4.2222222222222,2597
Others,16162L,C,808.1000000000000,22,557.43000036478,808.1000000000000,2597
Others,90133,C,2.6666666666666,22,122.229999542236,2.6666666666666,2597
Others,84597B,C,18.2222222222222,22,208.120000362396,18.2222222222222,2597
Others,35637A,B,37.4000000000000,22,962.780014038086,37.4000000000000,2597
Others,85023B,C,16.6363636363636,22,434.249987840652,16.6363636363636,2597
Others,22039,C,52.2727272727272,22,237.499993294477,52.2727272727272,2597
Others,47471,C,12.1818181818181,22,102.399997234344,12.1818181818181,2597
Others,84051,C,33.2727272727272,22,304.570002913475,33.2727272727272,2597
Others,21193,C,22.2000000000000,22,274.370003700256,22.2000000000000,2597
Others,22769,A,144.0000000000000,22,2737.87009429932,144.0000000000000,2597
Others,20868,C,26.4545454545454,22,155.269999027252,26.4545454545454,2597
Others,21015,C,11.4545454545454,22,92.3600009679794,11.4545454545454,2597
Others,22843,C,53.0000000000000,22,361.78999710083,53.0000000000000,2597
Others,47578A,C,7.0909090909090,22,68.8500019311905,7.0909090909090,2597
Others,20850,B,102.1250000000000,22,704.95000576973,102.1250000000000,2597
Others,21636,C,8.8181818181818,22,267.869995832443,8.8181818181818,2597
Others,85169B,C,6.6363636363636,22,105.529999494553,6.6363636363636,2597
Others,84660B,C,3.3636363636363,22,177.929999828339,3.3636363636363,2597
Others,84631,B,22.0000000000000,22,701.519999504089,22.0000000000000,2597
Others,90201C,C,4.3636363636363,22,141.900002002716,4.3636363636363,2597
Others,20940,C,118.0000000000000,22,342.750000238419,118.0000000000000,2597
Others,47574B,C,4.1000000000000,22,174.25,4.1000000000000,2597
Others,21779,B,150.5000000000000,22,1097.80001688004,150.5000000000000,2597
Others,21371,C,8.1818181818181,22,203.229999065399,8.1818181818181,2597
Others,16259,C,177.3636363636363,22,409.709987208247,177.3636363636363,2597
Others,22330,C,42.6666666666666,22,197.900005817413,42.6666666666666,2597
Others,85080,C,11.3000000000000,22,55.7599986493587,11.3000000000000,2597
Others,85205A,C,33.0000000000000,21,168.299996852875,33.0000000000000,2639
Others,85032D,C,18.4545454545454,21,287.099987506866,18.4545454545454,2639
Others,22774,C,277.0000000000000,21,347.69000005722,277.0000000000000,2639
Others,84932D,C,47.8000000000000,21,574.710009813309,47.8000000000000,2639
Others,85092,C,45.3750000000000,21,579.169996261597,45.3750000000000,2639
Others,81952V,C,8.0909090909090,21,82.0200006961823,8.0909090909090,2639
Others,21365,C,8.6363636363636,21,228.380000352859,8.6363636363636,2639
Others,21654,C,19.1000000000000,21,289.430003881454,19.1000000000000,2639
Others,84858C,C,14.2727272727272,21,325.589995384216,14.2727272727272,2639
Others,72780,C,30.4545454545454,21,269.150008559227,30.4545454545454,2639
Others,20663,C,95.0909090909090,21,295.180002093315,95.0909090909090,2639
Others,35915C,C,31.4545454545454,21,473.499992728233,31.4545454545454,2639
Others,10138,C,52.2000000000000,21,111.219996601343,52.2000000000000,2639
Others,84899E,C,8.8333333333333,21,73.9299998283386,8.8333333333333,2639
Others,16254,C,89.6000000000000,21,258.830000162125,89.6000000000000,2639
Others,85129B,C,7.0000000000000,21,99.0099992752075,7.0000000000000,2639
Others,85007,C,35.7500000000000,21,399.620002508163,35.7500000000000,2639
Others,35603C,C,6.8181818181818,21,44.9399983584881,6.8181818181818,2639
Others,35833G,C,8.5454545454545,21,160.110000610352,8.5454545454545,2639
Others,90129F,C,3.1818181818181,21,80.110000371933,3.1818181818181,2639
Others,85160B,B,550.0000000000000,21,986.589967727661,550.0000000000000,2639
Others,16239,C,86.7500000000000,21,492.170001029968,86.7500000000000,2639
Others,44234,C,42.5454545454545,21,94.6999998390675,42.5454545454545,2639
Others,22781,C,74.0000000000000,21,556.590002536774,74.0000000000000,2639
Others,85081,C,9.4545454545454,21,46.1699986755848,9.4545454545454,2639
Others,84924A,C,3.4545454545454,21,162.170000076294,3.4545454545454,2639
Others,84615,B,48.0000000000000,21,748.480008602142,48.0000000000000,2639
Others,90197B,C,2.3636363636363,21,132.519999504089,2.3636363636363,2639
Others,90199B,C,2.4000000000000,20,152.969997882843,2.4000000000000,2667
Others,90002D,C,7.7272727272727,20,294.409999847412,7.7272727272727,2667
Others,90070,C,5.2500000000000,20,256.139993667603,5.2500000000000,2667
Others,72812,C,6.4545454545454,20,172.399994850159,6.4545454545454,2667
Others,21893,C,57.3333333333333,20,587.799991607666,57.3333333333333,2667
Others,47504H,C,4.2727272727272,20,137.170001268387,4.2727272727272,2667
Others,21102,C,20.5000000000000,20,221.079997301102,20.5000000000000,2667
Others,47503H,C,5.7000000000000,20,122.630002975464,5.7000000000000,2667
Others,90019A,C,2.1818181818181,20,127.240000724792,2.1818181818181,2667
Others,90211B,C,2.3636363636363,20,154.949998855591,2.3636363636363,2667
Others,84247H,C,6.0000000000000,20,109.130001485348,6.0000000000000,2667
Others,84455,C,21.2500000000000,20,77.960001707077,21.2500000000000,2667
Others,85091,C,38.1111111111111,20,548.809998512268,38.1111111111111,2667
Others,72225C,C,116.1818181818181,20,293.819991052151,116.1818181818181,2667
Others,84661B,C,10.2000000000000,20,158.659996986389,10.2000000000000,2667
Others,35838A,C,18.0000000000000,20,184.400002717972,18.0000000000000,2667
Others,84820,C,5.0000000000000,20,333.019990921021,5.0000000000000,2667
Others,21382,C,17.6000000000000,20,268.480003595352,17.6000000000000,2667
Others,20705,C,11.2727272727272,20,525.6399974823,11.2727272727272,2667
Others,90161A,C,4.4000000000000,20,219.869996070862,4.4000000000000,2667
Others,90192,C,2.8181818181818,20,155.569996833801,2.8181818181818,2667
Others,90019C,C,2.0909090909090,20,123.170001983643,2.0909090909090,2667
Others,90096,C,5.6000000000000,20,123.829998254776,5.6000000000000,2667
Others,62095B,C,48.3333333333333,20,307.45000910759,48.3333333333333,2667
Others,84081,C,12.5000000000000,20,389.300005912781,12.5000000000000,2667
Others,90206C,C,2.8000000000000,20,142.249998092651,2.8000000000000,2667
Others,16020C,C,6.5454545454545,20,61.2000017166138,6.5454545454545,2667
Others,84657,C,49.2000000000000,20,517.47999060154,49.2000000000000,2667
Others,20869,C,30.4545454545454,20,190.769998073578,30.4545454545454,2667
Others,84458,C,41.3333333333333,20,105.40000295639,41.3333333333333,2667
Others,85162A,B,86.7142857142857,20,1234.27002835274,86.7142857142857,2667
Others,35916C,C,4.4545454545454,20,56.510000705719,4.4545454545454,2667
Others,90190A,C,3.0000000000000,20,79.8800010681152,3.0000000000000,2667
Others,BANK CHARGES,C,2.0000000000000,20,324.240001678467,2.0000000000000,2667
Others,22773,C,210.0000000000000,20,275.27999997139,210.0000000000000,2667
Others,90059D,C,3.4545454545454,20,63.6000003814697,3.4545454545454,2667
Others,90214R,C,3.9090909090909,20,59.3699998855591,3.9090909090909,2667
Others,84875B,C,240.0000000000000,19,300,240.0000000000000,2704
Others,90175D,C,2.4545454545454,19,245.399997711182,2.4545454545454,2704
Others,20794,C,12.1111111111111,19,295.519994735718,12.1111111111111,2704
Others,85027L,C,11.5000000000000,19,338.250000953674,11.5000000000000,2704
Others,20888,C,91.7500000000000,19,547.739999771118,91.7500000000000,2704
Others,47481,C,9.0000000000000,19,89.3500026464462,9.0000000000000,2704
Others,85185F,C,9.2500000000000,19,109.150001764297,9.2500000000000,2704
Others,17001,C,96.4545454545454,19,255.84999230504,96.4545454545454,2704
Others,85130C,C,14.5000000000000,19,247.86999630928,14.5000000000000,2704
Others,84877B,C,11.0000000000000,19,257.149996757507,11.0000000000000,2704
Others,21306,C,16.4545454545454,19,136.199995756149,16.4545454545454,2704
Others,90185C,C,2.7272727272727,19,127.869998931885,2.7272727272727,2704
Others,85180B,C,8.4545454545454,19,434.960000991821,8.4545454545454,2704
Others,90199C,C,6.8181818181818,19,433.249986171722,6.8181818181818,2704
Others,47422,C,61.7777777777777,19,210.480003237724,61.7777777777777,2704
Others,21128,C,5.0000000000000,19,268.410000801086,5.0000000000000,2704
Others,20952,C,6.0000000000000,19,36.0799991488457,6.0000000000000,2704
Others,90010E,C,3.1000000000000,19,273.759996414185,3.1000000000000,2704
Others,85109,C,419.9000000000000,19,465.23000395298,419.9000000000000,2704
Others,22760,C,45.0000000000000,19,552.149997711182,45.0000000000000,2704
Others,79303D,C,8.6666666666666,19,272.450001716614,8.6666666666666,2704
Others,82076,C,145.0000000000000,19,403.640000581741,145.0000000000000,2704
Others,85230B,C,54.6363636363636,19,164.689995199442,54.6363636363636,2704
Others,90090,C,28.0000000000000,19,194.570005297661,28.0000000000000,2704
Others,90002C,C,3.6666666666666,19,124.380000114441,3.6666666666666,2704
Others,90143,C,4.0000000000000,19,330.23999786377,4.0000000000000,2704
Others,17012A,C,26.6363636363636,19,313.45000576973,26.6363636363636,2704
Others,16052,C,32.0000000000000,19,145.019995719194,32.0000000000000,2704
Others,84529A,C,10.0000000000000,19,290.780000686646,10.0000000000000,2704
Others,84030c,C,13.2500000000000,19,330.78000497818,13.2500000000000,2704
Others,84799,C,40.3000000000000,19,344.3899974823,40.3000000000000,2704
Others,20968,C,21.5000000000000,19,185.110000610352,21.5000000000000,2704
Others,84422,C,18.8181818181818,19,172.080000758171,18.8181818181818,2704
Others,21131,B,14.2727272727272,19,641.370000839233,14.2727272727272,2704
Others,22775,C,267.0000000000000,19,361.649999856949,267.0000000000000,2704
Others,21419,C,157.3750000000000,19,577.689991950989,157.3750000000000,2704
Others,84595E,C,25.8181818181818,19,550.13999414444,25.8181818181818,2704
Others,90186A,C,4.3636363636363,19,142.060001850128,4.3636363636363,2704
Others,20840,B,32.0000000000000,19,786.769994974136,32.0000000000000,2704
Others,20851,C,29.3636363636363,19,358.169993400574,29.3636363636363,2704
Others,20736,C,72.5000000000000,19,233.500007390976,72.5000000000000,2704
Others,84447,C,23.0000000000000,19,72.4200006723404,23.0000000000000,2704
Others,90164B,C,2.8000000000000,19,214.319996833801,2.8000000000000,2704
Others,22503,B,5.4285714285714,19,1048.1000289917,5.4285714285714,2704
Others,84313A,C,3.4545454545454,19,212.419998168945,3.4545454545454,2704
Others,84627,C,5.0000000000000,19,297.499990463257,5.0000000000000,2704
Others,21374,C,10.3636363636363,19,270.879999637604,10.3636363636363,2704
Others,16202B,C,91.6363636363636,19,502.960009217262,91.6363636363636,2704
Others,90212B,C,2.1818181818181,18,91.1999998092651,2.1818181818181,2752
Others,22693,B,184.0000000000000,18,671.759994506836,184.0000000000000,2752
Others,47586A,C,15.9090909090909,18,206.680002212524,15.9090909090909,2752
Others,84437A,C,26.5000000000000,18,90.9500025510788,26.5000000000000,2752
Others,85131C,C,24.0000000000000,18,135.799998760223,24.0000000000000,2752
Others,79336,C,73.0909090909090,18,356.099995136261,73.0909090909090,2752
Others,17012C,C,46.6666666666666,18,428.120007514954,46.6666666666666,2752
Others,72799A,B,68.0000000000000,18,877.800001144409,68.0000000000000,2752
Others,72799D,C,7.8000000000000,18,260.670000314713,7.8000000000000,2752
Others,84707A,C,2.6363636363636,18,340.699991226196,2.6363636363636,2752
Others,21321,C,24.4000000000000,18,301.799991846085,24.4000000000000,2752
Others,22105,C,10.2727272727272,18,425.790001869202,10.2727272727272,2752
Others,84826,C,45.6363636363636,18,426.700011968613,45.6363636363636,2752
Others,21394,C,13.4000000000000,18,249.160002946854,13.4000000000000,2752
Others,90144,C,2.8181818181818,18,117.089999675751,2.8181818181818,2752
Others,84592,C,7.2727272727272,18,242.050003528595,7.2727272727272,2752
Others,21261,C,5.5454545454545,18,310.080004692078,5.5454545454545,2752
Others,20693,C,8.2500000000000,18,161.889999389648,8.2500000000000,2752
Others,21950,C,42.2000000000000,18,263.629988193512,42.2000000000000,2752
Others,21416,C,67.8181818181818,18,584.310018539429,67.8181818181818,2752
Others,21344,C,13.4545454545454,18,559.880002975464,13.4545454545454,2752
Others,16202A,C,59.4545454545454,18,281.400005698204,59.4545454545454,2752
Others,90112,C,7.0909090909090,18,84.9499963521957,7.0909090909090,2752
Others,84782C,C,7.4000000000000,18,509.899999141693,7.4000000000000,2752
Others,37444B,C,181.6363636363636,18,365.319990873337,181.6363636363636,2752
Others,21331,B,8.1818181818181,18,666.200001716614,8.1818181818181,2752
Others,22786,C,59.0000000000000,18,351.049988746643,59.0000000000000,2752
Others,22797,C,32.0000000000000,18,518.400012969971,32.0000000000000,2752
Others,90195B,C,3.8181818181818,18,377.009991645813,3.8181818181818,2752
Others,90139,C,5.7500000000000,18,118.239995956421,5.7500000000000,2752
Others,90059A,C,4.0909090909090,18,75.6900014877319,4.0909090909090,2752
Others,90081C,C,2.5000000000000,18,125.979997634888,2.5000000000000,2752
Others,21304,C,17.2000000000000,18,591.579986572266,17.2000000000000,2752
Others,85087,C,7.0000000000000,18,239.81000161171,7.0000000000000,2752
Others,90204,C,2.5000000000000,18,68.2500014305115,2.5000000000000,2752
Others,84255B,C,16.2500000000000,18,190.159995079041,16.2500000000000,2752
Others,90160C,C,4.2000000000000,18,293.00999212265,4.2000000000000,2752
Others,84976,C,14.5454545454545,18,269.890007019043,14.5454545454545,2752
Others,21031,C,7.0909090909090,18,96.8599994182587,7.0909090909090,2752
Others,72606A,C,22.6000000000000,18,94.9199970364571,22.6000000000000,2752
Others,17038,C,93.7272727272727,18,93.9000010117888,93.7272727272727,2752
Others,22765,B,133.0000000000000,18,1459.3500328064,133.0000000000000,2752
Others,84454,C,18.6000000000000,18,85.5300017595291,18.6000000000000,2752
Others,79532,C,19.4000000000000,18,121.25,19.4000000000000,2752
Others,90124B,C,2.2727272727272,18,251.389998435974,2.2727272727272,2752
Others,84874B,C,3.6363636363636,18,65.9999990463257,3.6363636363636,2752
Others,72129,C,7.4000000000000,18,49.1099982261658,7.4000000000000,2752
Others,72140E,C,18.4000000000000,18,127.819998860359,18.4000000000000,2752
Others,20821,C,2.6666666666666,18,197.319999694824,2.6666666666666,2752
Others,47421,C,55.6250000000000,18,169.620002061129,55.6250000000000,2752
Others,84247K,C,4.7272727272727,18,165.63000202179,4.7272727272727,2752
Others,35609A,C,30.5454545454545,18,100.539998292923,30.5454545454545,2752
Others,84932B,C,37.8000000000000,17,401.300008773804,37.8000000000000,2804
Others,85190,C,34.5000000000000,17,122.460003376007,34.5000000000000,2804
Others,90000D,C,2.4545454545454,17,164.789996147156,2.4545454545454,2804
Others,85094,C,10.7272727272727,17,116.359998226166,10.7272727272727,2804
Others,90122B,C,3.0000000000000,17,164.409995079041,3.0000000000000,2804
Others,90185B,C,3.0909090909090,17,144.929998397827,3.0909090909090,2804
Others,90214H,C,2.6363636363636,17,35.4500000476837,2.6363636363636,2804
Others,84228,C,13.7500000000000,17,30.2999991774559,13.7500000000000,2804
Others,17109B,B,1135.5000000000000,17,896.340023040771,1135.5000000000000,2804
Others,84508C,C,4.1818181818181,17,119.809997797012,4.1818181818181,2804
Others,21461,C,7.2000000000000,17,147.180003404617,7.2000000000000,2804
Others,90185D,C,2.6000000000000,17,110.759998321533,2.6000000000000,2804
Others,79328,C,74.2500000000000,17,260.759996771812,74.2500000000000,2804
Others,90175B,C,2.5000000000000,17,221.829998970032,2.5000000000000,2804
Others,84680,C,9.4000000000000,17,372.299999952316,9.4000000000000,2804
Others,35937,C,17.0909090909090,17,71.4399991035461,17.0909090909090,2804
Others,44091C,C,6.7777777777777,17,30.6599990427494,6.7777777777777,2804
Others,84251J,C,10.5714285714285,17,37.0399990081787,10.5714285714285,2804
Others,22638,C,23.7500000000000,17,227.849993944168,23.7500000000000,2804
Others,21025,C,9.5454545454545,17,133.829999923706,9.5454545454545,2804
Others,22805,C,151.0000000000000,17,208.909999847412,151.0000000000000,2804
Others,21032,C,9.2727272727272,17,129.379999399185,9.2727272727272,2804
Others,85130B,C,6.2000000000000,17,128.019997477531,6.2000000000000,2804
Others,85032C,C,17.5454545454545,17,202.829992294312,17.5454545454545,2804
Others,16156L,C,45.0000000000000,17,188.99999409914,45.0000000000000,2804
Others,90157,C,4.7500000000000,17,188.799994468689,4.7500000000000,2804
Others,84925A,C,44.7500000000000,17,339.29000544548,44.7500000000000,2804
Others,21197,C,19.6250000000000,17,259.049996256828,19.6250000000000,2804
Others,21003,C,7.5000000000000,17,180.819995880127,7.5000000000000,2804
Others,35649,B,160.7272727272727,17,1202.70003700256,160.7272727272727,2804
Others,22852,C,113.0000000000000,17,457.729999542236,113.0000000000000,2804
Others,22395,C,11.0000000000000,17,178.459997177124,11.0000000000000,2804
Others,46115B,C,41.8333333333333,17,47.6899994015694,41.8333333333333,2804
Others,84625B,C,45.0000000000000,17,279.000005722046,45.0000000000000,2804
Others,84360,C,8.6363636363636,17,487.070000648499,8.6363636363636,2804
Others,20793,C,29.7777777777777,17,430.750001907349,29.7777777777777,2804
Others,35915B,C,31.1818181818181,17,456.509993195534,31.1818181818181,2804
Others,84882,C,2.3636363636363,16,124.589999198914,2.3636363636363,2841
Others,90089,C,7.2000000000000,16,67.7600014209747,7.2000000000000,2841
Others,84817,C,6.4444444444444,16,121.799994468689,6.4444444444444,2841
Others,21736,C,7.9090909090909,16,193.429992675781,7.9090909090909,2841
Others,46000R,C,12.6000000000000,16,182.700006008148,12.6000000000000,2841
Others,22801,C,54.0000000000000,16,214.109999656677,54.0000000000000,2841
Others,37342,C,4.0909090909090,16,171.489999771118,4.0909090909090,2841
Others,72750A,B,76.6000000000000,16,766.85001707077,76.6000000000000,2841
Others,21226,C,9.5454545454545,16,131.25,9.5454545454545,2841
Others,85147,C,10.1666666666666,16,301.949988365173,10.1666666666666,2841
Others,85032B,C,19.1000000000000,16,200.739992618561,19.1000000000000,2841
Others,21582,C,39.0000000000000,16,193.049997210503,39.0000000000000,2841
Others,gift_0001_20,C,1.8888888888888,16,286.990002632141,1.8888888888888,2841
Others,21460,C,21.2500000000000,16,192.870003938675,21.2500000000000,2841
Others,84563B,C,2.6000000000000,16,196.139995574951,2.6000000000000,2841
Others,17013D,C,46.6363636363636,16,271.579994559288,46.6363636363636,2841
Others,84770,C,45.0000000000000,16,419.250005722046,45.0000000000000,2841
Others,84802B,C,37.0000000000000,16,383.030006408691,37.0000000000000,2841
Others,22784,C,67.0000000000000,16,312.519994735718,67.0000000000000,2841
Others,72799B,C,161.0000000000000,16,467.710000276566,161.0000000000000,2841
Others,90003D,C,2.7272727272727,16,113.910000324249,2.7272727272727,2841
Others,35964,C,24.4545454545454,16,169.619995355606,24.4545454545454,2841
Others,84925F,B,63.1000000000000,16,752.980018138886,63.1000000000000,2841
Others,85168B,C,1.8181818181818,16,209.429995536804,1.8181818181818,2841
Others,21087,C,11.9000000000000,16,93.509997010231,11.9000000000000,2841
Others,84595B,C,32.8571428571428,16,408.899994850159,32.8571428571428,2841
Others,22656,A,4.2500000000000,16,5015,4.2500000000000,2841
Others,84555A,C,9.4000000000000,16,133.850001096725,9.4000000000000,2841
Others,35599B,C,3.5454545454545,16,334.699995040894,3.5454545454545,2841
Others,90073,C,2.0909090909090,16,115.639999389648,2.0909090909090,2841
Others,85145,C,4.5454545454545,16,594.299995422363,4.5454545454545,2841
Others,84609,C,4.0909090909090,16,467.669996261597,4.0909090909090,2841
Others,90160B,C,3.6363636363636,16,274.239992618561,3.6363636363636,2841
Others,79403,C,10.2727272727272,16,105.080002307892,10.2727272727272,2841
Others,84456,C,5.2857142857142,16,33.1500009298325,5.2857142857142,2841
Others,gift_0001_30,C,1.4545454545454,16,409.030010223389,1.4545454545454,2841
Others,84465,C,4.4000000000000,16,67.0100009441376,4.4000000000000,2841
Others,79534,C,10.5454545454545,16,63.8000013828278,10.5454545454545,2841
Others,72750C,C,58.0000000000000,15,476.400009632111,58.0000000000000,2879
Others,90166,C,1.6363636363636,15,76.6499977111816,1.6363636363636,2879
Others,84926A,C,6.0000000000000,15,67.5599999427795,6.0000000000000,2879
Others,84859C,C,21.8000000000000,15,360.299999237061,21.8000000000000,2879
Others,84531A,C,3.4545454545454,15,80.9700019359589,3.4545454545454,2879
Others,90186B,C,3.7777777777777,15,100.720001220703,3.7777777777777,2879
Others,84601A,B,32.5000000000000,15,638.339995861053,32.5000000000000,2879
Others,84881,C,3.4000000000000,15,222.269997119904,3.4000000000000,2879
Others,84510e,C,12.3000000000000,15,92.0699992179871,12.3000000000000,2879
Others,84925D,B,39.6363636363636,15,636.650015354156,39.6363636363636,2879
Others,90059E,C,2.1818181818181,15,40.1800004243851,2.1818181818181,2879
Others,84855,C,4.5000000000000,15,196.699992179871,4.5000000000000,2879
Others,22257,C,9.2000000000000,15,65.0599999427795,9.2000000000000,2879
Others,90018A,C,2.4000000000000,15,102.429998397827,2.4000000000000,2879
Others,85230G,C,45.8181818181818,15,128.879996180534,45.8181818181818,2879
Others,72779,C,8.0000000000000,15,81.120002746582,8.0000000000000,2879
Others,90214G,C,3.3636363636363,15,50.0299999713898,3.3636363636363,2879
Others,90214N,C,2.0000000000000,15,29.6200000047684,2.0000000000000,2879
Others,85026B,C,19.0000000000000,15,286.269997477531,19.0000000000000,2879
Others,37485,C,16.3333333333333,15,207.690001010895,16.3333333333333,2879
Others,90214B,C,3.1818181818181,15,44.6100000143051,3.1818181818181,2879
Others,84358,B,8.6000000000000,15,764.879992485046,8.6000000000000,2879
Others,22778,C,72.0000000000000,15,275.480005025864,72.0000000000000,2879
Others,22800,C,64.0000000000000,15,240,64.0000000000000,2879
Others,47013A,C,9.6363636363636,15,30.7399991154671,9.6363636363636,2879
Others,17109C,B,781.0000000000000,15,661.230014681816,781.0000000000000,2879
Others,84893,C,8.2500000000000,15,186.34999370575,8.2500000000000,2879
Others,85168A,C,3.1428571428571,15,218.899995803833,3.1428571428571,2879
Others,21639,C,64.7500000000000,15,228.65000641346,64.7500000000000,2879
Others,90190C,C,3.0000000000000,15,97.4700014591217,3.0000000000000,2879
Others,21372,C,6.5454545454545,15,126.790001630783,6.5454545454545,2879
Others,84029D,C,17.0000000000000,15,183.980001449585,17.0000000000000,2879
Others,16258B,C,1016.0000000000000,15,221.059996366501,1016.0000000000000,2879
Others,47420,C,13.6363636363636,15,28.4999996423721,13.6363636363636,2879
Others,35793,C,108.0000000000000,15,216.330003142357,108.0000000000000,2879
Others,72781,C,11.0000000000000,15,229.499997615814,11.0000000000000,2879
Others,84621,C,5.8000000000000,15,247.259993553162,5.8000000000000,2879
Others,20795,C,7.8000000000000,15,176.740000247955,7.8000000000000,2879
Others,84711B,C,1.5454545454545,15,154.129997253418,1.5454545454545,2879
Others,90122C,C,2.5555555555555,15,114.939997673035,2.5555555555555,2879
Others,37379A,C,5.8333333333333,15,151.700004577637,5.8333333333333,2879
Others,90081A,C,2.8181818181818,15,153.699994087219,2.8181818181818,2879
Others,82095,C,2.5454545454545,15,214.200002670288,2.5454545454545,2879
Others,90214P,C,3.0000000000000,15,42.1100000143051,3.0000000000000,2879
Others,84616,B,5.7000000000000,15,938.350009918213,5.7000000000000,2879
Others,90024B,C,1.4545454545454,15,136.459999084473,1.4545454545454,2879
Others,84800M,C,12.0000000000000,15,177.840004920959,12.0000000000000,2879
Others,37462E,C,7.0000000000000,15,33.1799989640713,7.0000000000000,2879
Others,22780,C,71.0000000000000,15,295.75,71.0000000000000,2879
Others,90214D,C,2.5454545454545,14,37.5199999809265,2.5454545454545,2928
Others,21298,B,13.0000000000000,14,755.800003051758,13.0000000000000,2928
Others,17090A,C,5.2727272727272,14,67.7000002861023,5.2727272727272,2928
Others,90072,C,1.9090909090909,14,84.4099979400635,1.9090909090909,2928
Others,84623,C,14.0000000000000,14,310.439995765686,14.0000000000000,2928
Others,90122A,C,3.3750000000000,14,134.569995880127,3.3750000000000,2928
Others,84803A,C,10.5555555555555,14,160.550005435944,10.5555555555555,2928
Others,85019A,C,22.9000000000000,14,333.690000534058,22.9000000000000,2928
Others,84870B,C,3.8181818181818,14,161.530000209808,3.8181818181818,2928
Others,21489,C,9.3333333333333,14,157.59999704361,9.3333333333333,2928
Others,85167A,C,44.0000000000000,14,396.799999237061,44.0000000000000,2928
Others,21089,C,11.1250000000000,14,61.8899978399277,11.1250000000000,2928
Others,84800L,C,27.6000000000000,14,301.750002264977,27.6000000000000,2928
Others,20896,C,4.3333333333333,14,115.050001859665,4.3333333333333,2928
Others,90163A,C,2.5555555555555,14,175.389997959137,2.5555555555555,2928
Others,17012E,C,19.1818181818181,14,214.030004024506,19.1818181818181,2928
Others,84247C,C,5.6363636363636,14,182.90000295639,5.6363636363636,2928
Others,90159,C,3.3333333333333,14,148.889994621277,3.3333333333333,2928
Others,90082B,C,2.7272727272727,14,190.499997138977,2.7272727272727,2928
Others,90039D,C,2.6250000000000,14,80.1600003242493,2.6250000000000,2928
Others,22853,C,84.0000000000000,14,261.800000190735,84.0000000000000,2928
Others,84522,C,15.0909090909090,14,275.100002288818,15.0909090909090,2928
Others,90184A,C,2.1818181818181,14,217.949997901917,2.1818181818181,2928
Others,84919,B,21.1818181818181,14,1238.05996608734,21.1818181818181,2928
Others,47504F,C,175.6666666666666,14,196.459998846054,175.6666666666666,2928
Others,35953,C,14.1818181818181,14,209.799999237061,14.1818181818181,2928
Others,21030,C,7.8181818181818,14,105.599999427795,7.8181818181818,2928
Others,90125D,C,3.3636363636363,14,96.8699979782104,3.3636363636363,2928
Others,84984C,C,28.5000000000000,14,382.560000896454,28.5000000000000,2928
Others,85195,C,16.8750000000000,14,246.340002059937,16.8750000000000,2928
Others,90014A,C,1.9090909090909,14,212.759997367859,1.9090909090909,2928
Others,20620,C,5.0000000000000,14,61.7600016593933,5.0000000000000,2928
Others,90014C,C,2.2000000000000,14,221.579996109009,2.2000000000000,2928
Others,90210D,C,3.4000000000000,14,100.730001211166,3.4000000000000,2928
Others,84429A,C,3.2222222222222,14,103.700000524521,3.2222222222222,2928
Others,90036E,C,2.4545454545454,14,215.999994277954,2.4545454545454,2928
Others,17136A,C,32.7777777777777,14,24.5099994391203,32.7777777777777,2928
Others,21270,C,2.2727272727272,14,331.489999771118,2.2727272727272,2928
Others,90175C,C,2.5454545454545,14,252.399995803833,2.5454545454545,2928
Others,72753A,B,157.5000000000000,14,690.239970684052,157.5000000000000,2928
Others,90058B,C,42.7272727272727,14,276.519990205765,42.7272727272727,2928
Others,84690,C,3.0000000000000,14,214.649994850159,3.0000000000000,2928
Others,72487,C,827.0000000000000,14,355.049996614456,827.0000000000000,2928
Others,84984D,C,34.7500000000000,14,311.910001277924,34.7500000000000,2928
Others,84388,C,3.9090909090909,14,70.9499989748001,3.9090909090909,2928
Others,15030,C,10.0909090909090,14,32.1899990737438,10.0909090909090,2928
Others,84876D,C,15.3636363636363,14,315.519999980927,15.3636363636363,2928
Others,90057,B,110.2857142857142,14,1283.1600151062,110.2857142857142,2928
Others,22763,A,437.0000000000000,14,3065.220079422,437.0000000000000,2928
Others,72755C,B,148.0000000000000,14,767,148.0000000000000,2928
Others,84924D,C,69.3636363636363,14,268.859999656677,69.3636363636363,2928
Others,21322,C,150.5000000000000,14,590.449995040894,150.5000000000000,2928
Others,35931,C,14.0000000000000,14,77.3599998950958,14.0000000000000,2928
Others,85111,C,133.2727272727272,14,463.959987878799,133.2727272727272,2928
Others,72753B,B,111.2500000000000,14,957.729957580566,111.2500000000000,2928
Others,22655,A,3.7500000000000,14,4425,3.7500000000000,2928
Others,22903,B,186.5000000000000,14,1039.31000232697,186.5000000000000,2928
Others,72134,C,22.9000000000000,14,70.3600002527237,22.9000000000000,2928
Others,84845C,C,4.6666666666666,14,52.5,4.6666666666666,2928
Others,84292,C,6.2857142857142,14,385.97999382019,6.2857142857142,2928
Others,84705D,C,2.7500000000000,14,97.9000015258789,2.7500000000000,2928
Others,35916A,C,3.7272727272727,14,42.9900004863739,3.7272727272727,2928
Others,90210B,C,3.0000000000000,14,97.480001449585,3.0000000000000,2928
Others,22764,B,66.0000000000000,14,1300.31999588013,66.0000000000000,2928
Others,35914,C,5.0000000000000,14,105.139996528625,5.0000000000000,2928
Others,17090D,C,5.0000000000000,14,63.9500002861023,5.0000000000000,2928
Others,84927F,C,2.3636363636363,14,67.2599983215332,2.3636363636363,2928
Others,20889,C,164.2500000000000,13,398.040011405945,164.2500000000000,2995
Others,90103,C,1.1818181818181,13,33.0899994373322,1.1818181818181,2995
Others,84809A,C,22.1000000000000,13,359.339993000031,22.1000000000000,2995
Others,90018B,C,1.6000000000000,13,68.0899982452393,1.6000000000000,2995
Others,35973,C,12.2500000000000,13,61.25,12.2500000000000,2995
Others,90180A,C,1.6000000000000,13,159.699996948242,1.6000000000000,2995
Others,90211A,C,1.4545454545454,13,95.6000003814697,1.4545454545454,2995
Others,90130B,C,1.8181818181818,13,59.3200006484985,1.8181818181818,2995
Others,84804B,C,28.4444444444444,13,313.599998474121,28.4444444444444,2995
Others,90085,C,22.3636363636363,13,210.800005912781,22.3636363636363,2995
Others,79315W,B,22.1111111111111,13,611.510008573532,22.1111111111111,2995
Others,35916B,C,3.6363636363636,13,41.3300005197525,3.6363636363636,2995
Others,21400,C,11.7272727272727,13,55.0199983417988,11.7272727272727,2995
Others,85170B,C,6.5555555555555,13,127.59999704361,6.5555555555555,2995
Others,84927A,C,19.3333333333333,13,80.8499972820282,19.3333333333333,2995
Others,84250M,C,3.5000000000000,13,15.9000002741814,3.5000000000000,2995
Others,72715,C,12.5714285714285,13,36.9599988460541,12.5714285714285,2995
Others,90036A,C,1.6363636363636,13,143.969996452332,1.6363636363636,2995
Others,21759,B,7.5000000000000,13,1274.47001266479,7.5000000000000,2995
Others,90065B,C,2.1111111111111,13,134.619998455048,2.1111111111111,2995
Others,21367,C,3.2727272727272,13,66.2800002098084,3.2727272727272,2995
Others,84709A,C,3.8333333333333,13,136.849995613098,3.8333333333333,2995
Others,90042C,C,5.2000000000000,13,66.1599988937378,5.2000000000000,2995
Others,90115,C,2.5454545454545,13,78.6499989032745,2.5454545454545,2995
Others,84527,C,3.0000000000000,13,46.8000011444092,3.0000000000000,2995
Others,84927E,C,54.0000000000000,13,133.629994869232,54.0000000000000,2995
Others,85162B,B,139.5714285714285,13,1905.15004658699,139.5714285714285,2995
Others,90094,C,7.0000000000000,13,88.8499987125397,7.0000000000000,2995
Others,90010A,C,4.1428571428571,13,257.009994506836,4.1428571428571,2995
Others,90013D,C,4.3333333333333,13,148.699998855591,4.3333333333333,2995
Others,84656,C,3.6666666666666,13,130.899995803833,3.6666666666666,2995
Others,35648,C,4.4545454545454,13,162.960001707077,4.4545454545454,2995
Others,47574A,C,1.7272727272727,13,102.030000686646,1.7272727272727,2995
Others,90002A,C,3.1818181818181,13,131.25,3.1818181818181,2995
Others,21368,C,3.3636363636363,13,66.210000038147,3.3636363636363,2995
Others,71028B,C,247.0000000000000,13,227.479997992516,247.0000000000000,2995
Others,84801B,C,15.2727272727272,13,248.399989128113,15.2727272727272,2995
Others,90165B,C,2.7777777777777,13,63.8499987125397,2.7777777777777,2995
Others,84934,C,137.4000000000000,13,586.500016450882,137.4000000000000,2995
Others,90160D,C,4.2222222222222,13,264.519992828369,4.2222222222222,2995
Others,22893,C,226.0000000000000,13,96.6399971842766,226.0000000000000,2995
Others,17109A,C,177.2500000000000,13,333.609999656677,177.2500000000000,2995
Others,90003B,C,2.6000000000000,13,98.0699996948242,2.6000000000000,2995
Others,47013C,C,8.2727272727272,13,26.3899992406368,8.2727272727272,2995
Others,21338,B,39.8000000000000,13,873.24999332428,39.8000000000000,2995
Others,22848,C,31.0000000000000,13,485.450004577637,31.0000000000000,2995
Others,84926F,C,4.3636363636363,13,75.1799998283386,4.3636363636363,2995
Others,72811,C,34.5454545454545,13,246.519999504089,34.5454545454545,2995
Others,84531B,C,3.2727272727272,13,72.5500018596649,3.2727272727272,2995
Others,79338,C,138.2500000000000,13,252.289996743202,138.2500000000000,2995
Others,20814,C,63.0000000000000,13,208.889991760254,63.0000000000000,2995
Others,20845,C,5.1818181818181,13,381.619995117188,5.1818181818181,2995
Others,90178A,C,2.1111111111111,13,227.159996032715,2.1111111111111,2995
Others,72755D,B,133.2500000000000,13,693.25,133.2500000000000,2995
Others,35600D,C,14.1000000000000,13,497.700005292892,14.1000000000000,2995
Others,79161A,C,5.8750000000000,13,138.650002241135,5.8750000000000,2995
Others,84402D,C,93.2500000000000,13,358.930009126663,93.2500000000000,2995
Others,22486,C,7.5000000000000,13,371.699998855591,7.5000000000000,2995
Others,21763,B,4.6250000000000,13,988.15002822876,4.6250000000000,2995
Others,20796,C,3.0909090909090,12,73.269998550415,3.0909090909090,3054
Others,79406,C,9.1000000000000,12,26.21999964118,9.1000000000000,3054
Others,84927D,C,128.4285714285714,12,142.619995117188,128.4285714285714,3054
Others,21370,C,3.3636363636363,12,144.960000038147,3.3636363636363,3054
Others,21300,B,13.2500000000000,12,841.700004577637,13.2500000000000,3054
Others,22806,C,68.0000000000000,12,368.719996929169,68.0000000000000,3054
Others,20664,C,2.2000000000000,12,64.9000010490417,2.2000000000000,3054
Others,90093,C,12.9090909090909,12,123.210003376007,12.9090909090909,3054
Others,90059F,C,2.3636363636363,12,43.4900004863739,2.3636363636363,3054
Others,84952A,C,4.9090909090909,12,120.560000419617,4.9090909090909,3054
Others,16202C,C,16.1666666666666,12,230.590005159378,16.1666666666666,3054
Others,21339,C,3.7500000000000,12,544.500022888184,3.7500000000000,3054
Others,84952B,C,12.8181818181818,12,215.730000257492,12.8181818181818,3054
Others,72740A,C,32.5000000000000,12,141.229999780655,32.5000000000000,3054
Others,72796B,C,3.3750000000000,12,44.5499993562698,3.3750000000000,3054
Others,21373,C,8.4545454545454,12,121.600000619888,8.4545454545454,3054
Others,85166A,C,38.5000000000000,12,158.900001049042,38.5000000000000,3054
Others,85146,C,6.5000000000000,12,303.319990158081,6.5000000000000,3054
Others,90177E,C,1.1818181818181,12,38.6700003147125,1.1818181818181,3054
Others,20899,C,7.3333333333333,12,129.800002098083,7.3333333333333,3054
Others,90065A,C,1.7272727272727,12,133.209999084473,1.7272727272727,3054
Others,84576,C,2.4545454545454,12,164.949996948242,2.4545454545454,3054
Others,84745B,C,5.1000000000000,12,21.4199993312359,5.1000000000000,3054
Others,21760,B,2.1428571428571,12,1740,2.1428571428571,3054
Others,46138B,C,2.3636363636363,12,109.239999771118,2.3636363636363,3054
Others,17011A,C,29.0000000000000,12,179.559996902943,29.0000000000000,3054
Others,84706D,C,23.4444444444444,12,470.590008735657,23.4444444444444,3054
Others,20994,C,23.5000000000000,12,39.9500011205673,23.5000000000000,3054
Others,22141,C,32.0000000000000,12,131.000005245209,32.0000000000000,3054
Others,90165A,C,2.3636363636363,12,66.5099985599518,2.3636363636363,3054
Others,90060F,C,2.4444444444444,12,130.979997158051,2.4444444444444,3054
Others,71406C,C,5.5454545454545,12,27.3399992287159,5.5454545454545,3054
Others,90082A,C,1.7272727272727,12,122.409998416901,1.7272727272727,3054
Others,20698,C,2.9000000000000,12,68.5499980449677,2.9000000000000,3054
Others,72133,C,5.0000000000000,12,47.8699998855591,5.0000000000000,3054
Others,84827,C,41.4545454545454,12,296.399989128113,41.4545454545454,3054
Others,90155,C,1.7272727272727,12,143.539999485016,1.7272727272727,3054
Others,90000B,C,1.4545454545454,12,96.7199974060059,1.4545454545454,3054
Others,84227,C,37.0000000000000,12,46.6199985444546,37.0000000000000,3054
Others,84907,B,45.1250000000000,12,810.590016365051,45.1250000000000,3054
Others,90086,C,9.8750000000000,12,72.8200014829636,9.8750000000000,3054
Others,90032,C,2.2222222222222,12,125,2.2222222222222,3054
Others,84653,B,4.6666666666666,12,750.480007171631,4.6666666666666,3054
Others,90088,C,9.8000000000000,12,84.1500023603439,9.8000000000000,3054
Others,84915,C,1.7500000000000,12,69.3799991607666,1.7500000000000,3054
Others,84661C,C,8.0000000000000,12,79.9699981212616,8.0000000000000,3054
Others,44089C,C,4.8888888888888,12,18.479999423027,4.8888888888888,3054
Others,DCGS0076,C,1.2000000000000,11,195.309991836548,1.2000000000000,3101
Others,84192,C,12.6250000000000,11,114.849996566772,12.6250000000000,3101
Others,77079,C,12.6000000000000,11,133.559992790222,12.6000000000000,3101
Others,90016C,C,1.4000000000000,11,119.109998703003,1.4000000000000,3101
Others,84564,C,3.0000000000000,11,175.479995727539,3.0000000000000,3101
Others,35840,C,45.0000000000000,11,107.129998803139,45.0000000000000,3101
Others,85023C,C,3.8333333333333,11,58.6499989032745,3.8333333333333,3101
Others,84340,C,21.0000000000000,11,65.7600008547306,21.0000000000000,3101
Others,37509,C,3.5714285714285,11,63.7499988079071,3.5714285714285,3101
Others,72750D,C,55.0000000000000,11,226.500004529953,55.0000000000000,3101
Others,84984A,C,30.8750000000000,11,373.770001411438,30.8750000000000,3101
Others,20957,C,8.1428571428571,11,84.5600025653839,8.1428571428571,3101
Others,47469,C,68.5000000000000,11,312.769989848137,68.5000000000000,3101
Others,84845D,C,3.7272727272727,11,51.25,3.7272727272727,3101
Others,90030B,C,1.5454545454545,11,101.349998474121,1.5454545454545,3101
Others,79051A,C,9.9000000000000,11,80.5199975967407,9.9000000000000,3101
Others,84582,C,3.5000000000000,11,59.5,3.5000000000000,3101
Others,72225D,C,160.3333333333333,11,219.459993302822,160.3333333333333,3101
Others,47503F,B,641.7500000000000,11,729.949998497963,641.7500000000000,3101
Others,90000A,C,1.6363636363636,11,108.749997138977,1.6363636363636,3101
Others,79030D,C,41.3000000000000,11,325.590007901192,41.3000000000000,3101
Others,16043,C,186.0909090909090,11,168.539995759726,186.0909090909090,3101
Others,82545A,C,3.1000000000000,11,38.75,3.1000000000000,3101
Others,78124,B,55.7777777777777,11,666.610000610352,55.7777777777777,3101
Others,90202D,C,2.5555555555555,11,68.1500008106232,2.5555555555555,3101
Others,82069,C,1.5454545454545,11,109.849998474121,1.5454545454545,3101
Others,90022,C,1.0909090909090,11,45.6599998474121,1.0909090909090,3101
Others,84537B,C,29.2500000000000,11,49.1399984657764,29.2500000000000,3101
Others,81952B,C,6.7500000000000,11,46.5600001811981,6.7500000000000,3101
Others,90002E,C,2.0000000000000,11,67.7699999809265,2.0000000000000,3101
Others,90174,C,1.3333333333333,11,30.699999332428,1.3333333333333,3101
Others,84251C,C,9.4545454545454,11,19.7599997520447,9.4545454545454,3101
Others,35963,C,10.1000000000000,11,38.3799995183945,10.1000000000000,3101
Others,20839,C,4.5454545454545,11,154.070002794266,4.5454545454545,3101
Others,90169,C,2.7142857142857,11,48.4899990558624,2.7142857142857,3101
Others,21117,C,19.8181818181818,11,353.580001831055,19.8181818181818,3101
Others,84926D,C,5.6363636363636,11,83.7999999523163,5.6363636363636,3101
Others,35271S,C,23.5454545454545,11,55.379999101162,23.5454545454545,3101
Others,84464,C,41.0000000000000,11,179.100000858307,41.0000000000000,3101
Others,22791,C,290.0000000000000,11,338.919991731644,290.0000000000000,3101
Others,10124A,C,4.8750000000000,11,16.3799994885921,4.8750000000000,3101
Others,21764,B,4.2500000000000,11,659.150012969971,4.2500000000000,3101
Others,90038A,C,1.8181818181818,11,75.8400001525879,1.8181818181818,3101
Others,90148,C,1.4545454545454,11,204,1.4545454545454,3101
Others,90168,C,2.3000000000000,11,68.2400007247925,2.3000000000000,3101
Others,90188,C,1.2000000000000,11,30.8399991989136,1.2000000000000,3101
Others,17011F,C,27.0000000000000,11,253.029990673065,27.0000000000000,3101
Others,84984B,C,38.1250000000000,11,462.250001430511,38.1250000000000,3101
Others,16168S,C,427.6666666666666,11,126.83000421524,427.6666666666666,3101
Others,90214T,C,2.8181818181818,11,39.6100000143051,2.8181818181818,3101
Others,20688,C,116.0000000000000,11,332.899994850159,116.0000000000000,3101
Others,90002B,C,2.0000000000000,11,82.7399997711182,2.0000000000000,3101
Others,47552A,C,1.7142857142857,11,23.4000005722046,1.7142857142857,3101
Others,21761,B,4.7272727272727,11,1425.40003967285,4.7272727272727,3101
Others,90177B,C,1.6000000000000,11,47.4100005626678,1.6000000000000,3101
Others,48179,C,34.0000000000000,11,214.469999313354,34.0000000000000,3101
Others,90116,C,3.6666666666666,11,59.0500016212463,3.6666666666666,3101
Others,22811,C,42.0000000000000,11,240.439998626709,42.0000000000000,3101
Others,20879,C,57.0000000000000,11,67.7999985218048,57.0000000000000,3101
Others,90018C,C,1.4545454545454,11,68.1099987030029,1.4545454545454,3101
Others,20861,C,3.5555555555555,11,67.1999969482422,3.5555555555555,3101
Others,37492A,C,108.0000000000000,11,216.069999098778,108.0000000000000,3101
Others,90059C,C,2.1818181818181,11,40.0099999904633,2.1818181818181,3101
Others,47347B,C,60.0000000000000,11,179.879999160767,60.0000000000000,3101
Others,17129C,C,14.3333333333333,11,57.9799993038177,14.3333333333333,3101
Others,35913B,C,9.0000000000000,10,56.060001373291,9.0000000000000,3166
Others,90035A,C,1.5714285714285,10,117.930000305176,1.5714285714285,3166
Others,85018A,C,1.6666666666666,10,63.75,1.6666666666666,3166
Others,21420,C,4.3333333333333,10,120.75,4.3333333333333,3166
Others,90162A,C,3.4285714285714,10,70.8000011444092,3.4285714285714,3166
Others,75178,C,4.5000000000000,10,51.2999999523163,4.5000000000000,3166
Others,85019B,C,25.6250000000000,10,295.25,25.6250000000000,3166
Others,84424A,C,4.6000000000000,10,86.25,4.6000000000000,3166
Others,84660A,C,1.6363636363636,10,83.3000001907349,1.6363636363636,3166
Others,90202C,C,1.0000000000000,10,29.7900002002716,1.0000000000000,3166
Others,16256C,C,28.1666666666666,10,70.9799977838993,28.1666666666666,3166
Others,37483,C,71.5000000000000,10,232.89000248909,71.5000000000000,3166
Others,90056,C,1.8750000000000,10,164.43000125885,1.8750000000000,3166
Others,84925C,C,4.6666666666666,10,71.399998664856,4.6666666666666,3166
Others,90177C,C,1.5714285714285,10,32.8000001907349,1.5714285714285,3166
Others,90194,C,1.3636363636363,10,63.7199993133545,1.3636363636363,3166
Others,72793,C,5.0000000000000,10,268.750002384186,5.0000000000000,3166
Others,90214I,C,1.8181818181818,10,27.1799999475479,1.8181818181818,3166
Others,90185A,C,1.4545454545454,10,68.2799987792969,1.4545454545454,3166
Others,90016B,C,1.2727272727272,10,118.979999542236,1.2727272727272,3166
Others,84870C,C,3.6000000000000,10,143.060000419617,3.6000000000000,3166
Others,90100,C,2.5454545454545,10,71.399998664856,2.5454545454545,3166
Others,90137,C,3.8000000000000,10,95.8499975204468,3.8000000000000,3166
Others,90199A,C,1.1000000000000,10,69.8699989318848,1.1000000000000,3166
Others,79303B,C,12.1111111111111,10,339.570004224777,12.1111111111111,3166
Others,90037A,C,1.7272727272727,10,48.5299990177155,1.7272727272727,3166
Others,84745A,C,5.0000000000000,10,16.7999994754791,5.0000000000000,3166
Others,72132,C,42.9090909090909,10,322.7999958992,42.9090909090909,3166
Others,90181B,C,0.9090909090909,10,93.6400012969971,0.9090909090909,3166
Others,16161G,C,25.0000000000000,10,25.000000372529,25.0000000000000,3166
Others,79337,C,54.4000000000000,10,232.169996857643,54.4000000000000,3166
Others,90160A,C,1.4000000000000,10,97.5699973106384,1.4000000000000,3166
Others,85023A,C,4.4000000000000,10,56.0999989509583,4.4000000000000,3166
Others,85161,C,1.2727272727272,10,257.300010681152,1.2727272727272,3166
Others,16202E,C,6.0000000000000,10,149.680003643036,6.0000000000000,3166
Others,21686,B,1.7272727272727,10,719.05001449585,1.7272727272727,3166
Others,35610B,C,12.2727272727272,10,89.0699987411499,12.2727272727272,3166
Others,84967B,B,2.1000000000000,10,1159.44996643066,2.1000000000000,3166
Others,84800S,C,31.2222222222222,10,171.969997167587,31.2222222222222,3166
Others,72798C,C,2.1111111111111,10,38.2599993944168,2.1111111111111,3166
Others,84804A,C,21.1428571428571,10,215.800000190735,21.1428571428571,3166
Others,90024D,C,1.3333333333333,10,102.180000305176,1.3333333333333,3166
Others,48103,C,4.3750000000000,10,201.729995727539,4.3750000000000,3166
Others,21265,C,13.8181818181818,10,352.32000541687,13.8181818181818,3166
Others,37482B,B,139.1111111111111,10,1145.26002788544,139.1111111111111,3166
Others,90214O,C,1.3636363636363,10,18.75,1.3636363636363,3166
Others,90014B,C,1.6250000000000,10,133.829998970032,1.6250000000000,3166
Others,90114,C,2.2222222222222,10,50.7199993133545,2.2222222222222,3166
Others,84596I,C,24.0000000000000,10,80.6199967861176,24.0000000000000,3166
Others,84801A,C,22.6000000000000,10,330.839998245239,22.6000000000000,3166
Others,84926B,C,10.8000000000000,10,67.5,10.8000000000000,3166
Others,90162B,C,7.0000000000000,10,82.600001335144,7.0000000000000,3166
Others,21267,C,24.0000000000000,10,74.6000008583069,24.0000000000000,3166
Others,72140F,C,8.4444444444444,10,31.9199990034103,8.4444444444444,3166
Others,90003C,C,1.8000000000000,10,67.8899998664856,1.8000000000000,3166
Others,90164A,C,1.1000000000000,10,84.4399991035461,1.1000000000000,3166
Others,22792,C,100.0000000000000,10,88.240002155304,100.0000000000000,3166
Others,47518f,C,7.2727272727272,10,56.519999563694,7.2727272727272,3166
Others,72724,C,36.0000000000000,10,45,36.0000000000000,3166
Others,17084J,C,16.4545454545454,10,38.0099988132715,16.4545454545454,3166
Others,90024E,C,1.5555555555555,9,119.170000076294,1.5555555555555,3226
Others,20988,C,8.0000000000000,9,46.8000011444092,8.0000000000000,3226
Others,90130C,C,0.9000000000000,9,26.7500002384186,0.9000000000000,3226
Others,35936,C,3.2727272727272,9,13.6799998283386,3.2727272727272,3226
Others,TEST001,C,10.0000000000000,9,225,10.0000000000000,3226
Others,16169D,C,250.0000000000000,9,104.999996721745,250.0000000000000,3226
Others,35920,C,332.6666666666666,9,191.500005722046,332.6666666666666,3226
Others,35085E,C,4.8750000000000,9,44.25,4.8750000000000,3226
Others,90178B,C,1.1818181818181,9,155.559997558594,1.1818181818181,3226
Others,90177D,C,2.1111111111111,9,56.3200006484985,2.1111111111111,3226
Others,20697,C,1.8181818181818,9,45.5999984741211,1.8181818181818,3226
Others,35910A,C,3.6666666666666,9,64.3500015735626,3.6666666666666,3226
Others,84725,C,11.3333333333333,9,132.999998569489,11.3333333333333,3226
Others,21264,C,4.0000000000000,9,141.720000267029,4.0000000000000,3226
Others,84886,C,1.7142857142857,9,119.399997711182,1.7142857142857,3226
Others,18010,C,32.0000000000000,9,30.1599991321564,32.0000000000000,3226
Others,84622,C,7.6666666666666,9,152.599996566772,7.6666666666666,3226
Others,84751B,C,2.1111111111111,9,71.25,2.1111111111111,3226
Others,21674,B,10.7500000000000,9,680.850009918213,10.7500000000000,3226
Others,44089A,C,2.7777777777777,9,10.4999996721745,2.7777777777777,3226
Others,72038P,C,116.6666666666666,9,116.499996930361,116.6666666666666,3226
Others,90092,C,11.2222222222222,9,85.8500024080276,11.2222222222222,3226
Others,21196,C,8.7500000000000,9,117.209998250008,8.7500000000000,3226
Others,35646,C,2.5000000000000,9,93.4400005340576,2.5000000000000,3226
Others,16201A,C,10.1000000000000,9,213.370004415512,10.1000000000000,3226
Others,84247J,C,10.0000000000000,9,12.7800002098083,10.0000000000000,3226
Others,37345,C,160.5000000000000,9,561.049994468689,160.5000000000000,3226
Others,84425A,C,3.0000000000000,9,76.6000003814697,3.0000000000000,3226
Others,16161E,C,250.0000000000000,9,75.0000011175871,250.0000000000000,3226
Others,90156,C,1.9000000000000,9,104.979996681213,1.9000000000000,3226
Others,90138,C,1.8571428571428,9,67.710000038147,1.8571428571428,3226
Others,84921,C,1.6000000000000,9,60,1.6000000000000,3226
Others,85018B,C,1.2727272727272,9,59.5,1.2727272727272,3226
Others,84706B,C,6.6666666666666,9,188.729996681213,6.6666666666666,3226
Others,21266,C,23.0000000000000,9,98.9000043869019,23.0000000000000,3226
Others,90121B,C,9.5000000000000,9,80.75,9.5000000000000,3226
Others,17084A,C,22.7777777777777,9,43.0499986559153,22.7777777777777,3226
Others,90124A,C,1.8750000000000,9,149.969997406006,1.8750000000000,3226
Others,35911B,C,3.6363636363636,9,83.9999961853027,3.6363636363636,3226
Others,37491C,C,6.2500000000000,9,154.31999540329,6.2500000000000,3226
Others,90067A,C,2.1111111111111,9,56.0900008678436,2.1111111111111,3226
Others,84806A,C,18.2000000000000,9,165.020002841949,18.2000000000000,3226
Others,71215,C,14.6000000000000,9,55.0799983143806,14.6000000000000,3226
Others,84744,C,2.9090909090909,9,40,2.9090909090909,3226
Others,90101,C,0.9000000000000,9,22.9099996089935,0.9000000000000,3226
Others,85019C,C,18.1818181818181,9,274,18.1818181818181,3226
Others,90023,C,1.0909090909090,9,51.2199993133545,1.0909090909090,3226
Others,21337,C,3.7500000000000,9,94.6800012588501,3.7500000000000,3226
Others,84875A,C,0.9090909090909,9,37.5,0.9090909090909,3226
Others,72753D,C,72.0000000000000,9,302.39998626709,72.0000000000000,3226
Others,90214F,C,1.2727272727272,9,17.5,1.2727272727272,3226
Others,17012D,C,4.8750000000000,9,60.960000038147,4.8750000000000,3226
Others,37491D,C,1.8888888888888,9,36.5999991893768,1.8888888888888,3226
Others,84414B,C,19.5000000000000,9,536.239988327026,19.5000000000000,3226
Others,84906,C,2.8181818181818,9,184.449994087219,2.8181818181818,3226
Others,35607B,C,19.5454545454545,9,43.8699995875359,19.5454545454545,3226
Others,84586L,C,7.5000000000000,9,44.2500007152557,7.5000000000000,3226
Others,62086A,C,2.3750000000000,9,37.0500009059906,2.3750000000000,3226
Others,90162D,C,1.9000000000000,9,56.0500009059906,1.9000000000000,3226
Others,20860,C,2.4285714285714,9,35.6999983787537,2.4285714285714,3226
Others,84806B,C,27.2500000000000,9,108.610002279282,27.2500000000000,3226
Others,79413,C,5.0000000000000,9,37.5,5.0000000000000,3226
Others,90123A,C,2.2222222222222,9,118.999996185303,2.2222222222222,3226
Others,90196B,C,1.2727272727272,9,178.5,1.2727272727272,3226
Others,22779,C,50.0000000000000,9,212.5,50.0000000000000,3226
Others,21353,C,19.0000000000000,9,160.449996948242,19.0000000000000,3226
Others,72772,B,228.5000000000000,9,615.840000629425,228.5000000000000,3226
Others,84922,B,29.9090909090909,9,744.710000038147,29.9090909090909,3226
Others,84858B,C,108.6666666666666,9,430.999999046326,108.6666666666666,3226
Others,37479B,B,124.3333333333333,9,995.680017471313,124.3333333333333,3226
Others,84613C,C,6.8750000000000,8,225.509999752045,6.8750000000000,3296
Others,90036D,C,2.2222222222222,8,159.119996070862,2.2222222222222,3296
Others,16050,C,50.3333333333333,8,46.4500003457069,50.3333333333333,3296
Others,72754B,C,85.0000000000000,8,137.539998054504,85.0000000000000,3296
Others,90028,C,1.0000000000000,8,93.6499996185303,1.0000000000000,3296
Others,90190B,C,2.9090909090909,8,94.4000015258789,2.9090909090909,3296
Others,85151,C,44.0000000000000,8,55,44.0000000000000,3296
Others,85179A,C,1.9090909090909,8,116.330000400543,1.9090909090909,3296
Others,84509e,C,7.6666666666666,8,136.159999847412,7.6666666666666,3296
Others,84816,B,1.5454545454545,8,639.150012969971,1.5454545454545,3296
Others,90036F,C,0.9000000000000,8,72.4399976730347,0.9000000000000,3296
Others,90179C,C,2.7500000000000,8,65.4399981498718,2.7500000000000,3296
Others,37489A,C,1.2222222222222,8,28.2300004959106,1.2222222222222,3296
Others,85024B,C,2.5000000000000,8,41.2499994039536,2.5000000000000,3296
Others,90162C,C,3.3750000000000,8,79.6500012874603,3.3750000000000,3296
Others,78033,C,4.7500000000000,8,185.299997329712,4.7500000000000,3296
Others,22794,C,16.0000000000000,8,127.199996948242,16.0000000000000,3296
Others,90033,C,1.8000000000000,8,23.159999370575,1.8000000000000,3296
Others,90199D,C,1.2727272727272,8,88.9599986076355,1.2727272727272,3296
Others,10123G,C,202.7272727272727,8,148.879996657372,202.7272727272727,3296
Others,20953,C,2.5000000000000,8,32.9999995231628,2.5000000000000,3296
Others,90026A,C,1.1250000000000,8,76.4699993133545,1.1250000000000,3296
Others,35817P,C,66.0000000000000,8,181.539997577667,66.0000000000000,3296
Others,90150,C,1.3000000000000,8,97.5,1.3000000000000,3296
Others,90036C,C,2.5714285714285,8,143.509996414185,2.5714285714285,3296
Others,90130A,C,1.6363636363636,8,53.2000007629395,1.6363636363636,3296
Others,84877A,C,2.7000000000000,8,101.25,2.7000000000000,3296
Others,90084,C,9.0000000000000,8,53.550001502037,9.0000000000000,3296
Others,16243B,C,53.0000000000000,8,441.770009279251,53.0000000000000,3296
Others,71495B,C,12.9000000000000,8,48.8400009274483,12.9000000000000,3296
Others,35824C,C,47.0000000000000,8,117.049999237061,47.0000000000000,3296
Others,16119,C,273.0000000000000,8,130.709998846054,273.0000000000000,3296
Others,35233,C,1.6666666666666,8,37.5,1.6666666666666,3296
Others,90079,C,0.9090909090909,8,50.0599994659424,0.9090909090909,3296
Others,90146,C,1.2727272727272,8,105.569999694824,1.2727272727272,3296
Others,22762,C,18.0000000000000,8,251.499998092651,18.0000000000000,3296
Others,90191,C,1.0000000000000,8,140.529999732971,1.0000000000000,3296
Others,84548,C,2.2727272727272,8,41.2499994039536,2.2727272727272,3296
Others,20847,C,3.0000000000000,8,113.019999980927,3.0000000000000,3296
Others,21702,B,878.6666666666666,8,918.680035591125,878.6666666666666,3296
Others,44241C,C,8.7500000000000,8,59.5000016689301,8.7500000000000,3296
Others,90019B,C,1.2000000000000,8,61.6399993896484,1.2000000000000,3296
Others,84858A,C,5.3000000000000,8,128.829998016357,5.3000000000000,3296
Others,71495A,C,13.1111111111111,8,44.2200010716915,13.1111111111111,3296
Others,35637C,C,8.1250000000000,8,186.950000762939,8.1250000000000,3296
Others,17012F,C,4.5000000000000,8,53.3900001049042,4.5000000000000,3296
Others,90123B,C,2.1250000000000,8,101.269997119904,2.1250000000000,3296
Others,84367,C,8.2222222222222,8,126.299998283386,8.2222222222222,3296
Others,17014D,C,59.8750000000000,8,204.359995603561,59.8750000000000,3296
Others,72369A,C,3.2727272727272,8,58.8599998950958,3.2727272727272,3296
Others,37351,C,673.5000000000000,8,595.950009137392,673.5000000000000,3296
Others,84226,C,8.6666666666666,8,22.1000006198883,8.6666666666666,3296
Others,90205C,C,4.3636363636363,8,72.4100019931793,4.3636363636363,3296
Others,90016A,C,1.1000000000000,8,93.6499996185303,1.1000000000000,3296
Others,16206B,C,3.3000000000000,8,41.25,3.3000000000000,3296
Others,20667,C,1.8181818181818,8,59.0000009536743,1.8181818181818,3296
Others,90037D,C,2.0000000000000,8,35.8699991703033,2.0000000000000,3296
Others,84926E,C,5.6363636363636,8,77.5,5.6363636363636,3296
Others,44235,C,30.5555555555555,8,102.540002316236,30.5555555555555,3296
Others,35633B,C,7.6000000000000,8,14.4399998188019,7.6000000000000,3296
Others,90210A,C,2.8000000000000,8,82.6800012588501,2.8000000000000,3296
Others,72821,C,4.6000000000000,8,75.8999989032745,4.6000000000000,3296
Others,37491A,C,1.3750000000000,8,25.129999756813,1.3750000000000,3296
Others,84462,C,44.0000000000000,8,99.8599965572357,44.0000000000000,3296
Others,90040C,C,1.7272727272727,8,67.5199999809265,1.7272727272727,3296
Others,35610A,C,11.9090909090909,8,85.3899986743927,11.9090909090909,3296
Others,90037C,C,1.9090909090909,8,53.5599989891052,1.9090909090909,3296
Others,62074B,C,2.0000000000000,8,9.23999971151352,2.0000000000000,3296
Others,90011B,C,0.8000000000000,8,23.7900002002716,0.8000000000000,3296
Others,84251B,C,9.2500000000000,8,14.0599998235703,9.2500000000000,3296
Others,40005B,C,2.8571428571428,8,17.0000004768372,2.8571428571428,3296
Others,20887,C,18.0000000000000,8,118.390002965927,18.0000000000000,3296
Others,85225,C,1.3000000000000,8,16.25,1.3000000000000,3296
Others,16053,C,468.3333333333333,8,165.149995908141,468.3333333333333,3296
Others,35912B,C,4.8571428571428,8,51.8199996948242,4.8571428571428,3296
Others,21263,C,62.0000000000000,8,269.760004997253,62.0000000000000,3296
Others,90054,C,0.7272727272727,8,20.4399995803833,0.7272727272727,3296
Others,72771B,C,117.0000000000000,8,56.8999988734722,117.0000000000000,3296
Others,17091F,C,9.5000000000000,8,27.7099997997284,9.5000000000000,3296
Others,71510,C,4.8181818181818,8,37.3700000047684,4.8181818181818,3296
Others,85079,C,23.0000000000000,8,32.249999165535,23.0000000000000,3296
Others,21596,C,1.0000000000000,7,34.2200012207031,1.0000000000000,3377
Others,84614A,C,1.5000000000000,7,89.1599979400635,1.5000000000000,3377
Others,81985A,C,2.5555555555555,7,58.6499989032745,2.5555555555555,3377
Others,90202A,C,0.8888888888888,7,23.6600003242493,0.8888888888888,3377
Others,84562B,C,5.0000000000000,7,106.589997291565,5.0000000000000,3377
Others,90123D,C,2.3333333333333,7,125.18999671936,2.3333333333333,3377
Others,37471,C,137.6000000000000,7,167.420001924038,137.6000000000000,3377
Others,37477B,C,0.8750000000000,7,26.25,0.8750000000000,3377
Others,84924F,C,96.5000000000000,7,266.650000095367,96.5000000000000,3377
Others,84705A,C,2.8000000000000,7,65.100001335144,2.8000000000000,3377
Others,35071,C,50.0000000000000,7,51.1400012969971,50.0000000000000,3377
Others,22869,C,16.0000000000000,7,35.720000743866,16.0000000000000,3377
Others,21118,C,34.5000000000000,7,104.25,34.5000000000000,3377
Others,22788,B,228.0000000000000,7,1617.20003890991,228.0000000000000,3377
Others,21697,C,124.0000000000000,7,295.080010414124,124.0000000000000,3377
Others,90036B,C,1.3000000000000,7,103.349997520447,1.3000000000000,3377
Others,84859B,C,31.3750000000000,7,368.650000572205,31.3750000000000,3377
Others,16008,C,19.7500000000000,7,39.5,19.7500000000000,3377
Others,84249A,C,15.6000000000000,7,32.7599989771843,15.6000000000000,3377
Others,37348,C,3.5000000000000,7,35.699999332428,3.5000000000000,3377
Others,84830,B,28.2500000000000,7,1195.15000534058,28.2500000000000,3377
Others,90048,C,3.1111111111111,7,144.039995193481,3.1111111111111,3377
Others,37352,C,421.6363636363636,7,498.300006866455,421.6363636363636,3377
Others,35932,C,2.5454545454545,7,12.2099999189377,2.5454545454545,3377
Others,84798B,C,52.5000000000000,7,464.849981546402,52.5000000000000,3377
Others,84706A,C,45.6666666666666,7,325.88000535965,45.6666666666666,3377
Others,16245A,C,2.2000000000000,7,13.75,2.2000000000000,3377
Others,85184B,C,3.5000000000000,7,41.300000667572,3.5000000000000,3377
Others,20958,C,2.5000000000000,7,39.0000009536743,2.5000000000000,3377
Others,37491B,C,1.4285714285714,7,23.4799997806549,1.4285714285714,3377
Others,84549,C,2.5555555555555,7,44.789999127388,2.5555555555555,3377
Others,84857C,C,33.0000000000000,7,212.700004577637,33.0000000000000,3377
Others,84711A,C,1.5454545454545,7,169.149996757507,1.5454545454545,3377
Others,90027B,C,2.5000000000000,7,29.5200004577637,2.5000000000000,3377
Others,90027D,C,2.5000000000000,7,31.5400004386902,2.5000000000000,3377
Others,17191A,C,2.1818181818181,7,90,2.1818181818181,3377
Others,84809B,C,27.8000000000000,7,313.799999237061,27.8000000000000,3377
Others,84766,C,4.1000000000000,7,219.949992179871,4.1000000000000,3377
Others,72083A,C,12.0000000000000,7,50.3999977111816,12.0000000000000,3377
Others,20870,C,29.0000000000000,7,52.1999998092651,29.0000000000000,3377
Others,84807,C,46.6000000000000,7,215.929999470711,46.6000000000000,3377
Others,84746,C,1.1250000000000,7,33.75,1.1250000000000,3377
Others,84963A,C,1.2222222222222,7,471.550006866455,1.2222222222222,3377
Others,84803B,C,3.1250000000000,7,42.2500014305115,3.1250000000000,3377
Others,22657,C,19.6666666666666,7,50.1500014066696,19.6666666666666,3377
Others,84705C,C,15.0000000000000,7,212.33000087738,15.0000000000000,3377
Others,84539,C,2.1818181818181,7,39.5999994277954,2.1818181818181,3377
Others,90180B,C,1.2222222222222,7,110.169998168945,1.2222222222222,3377
Others,21097,C,5.3333333333333,7,27.2000007629395,5.3333333333333,3377
Others,35816P,C,24.3333333333333,7,107.789999008179,24.3333333333333,3377
Others,72024U,C,11.2727272727272,7,26.0399991869926,11.2727272727272,3377
Others,90183B,C,0.6363636363636,7,20.8500001430511,0.6363636363636,3377
Others,84723,C,2.1666666666666,6,103.349997520447,2.1666666666666,3429
Others,84876B,C,9.2727272727272,6,142.5,9.2727272727272,3429
Others,90196A,C,1.5714285714285,6,140.25,1.5714285714285,3429
Others,84798A,C,17.2000000000000,6,373.799984931946,17.2000000000000,3429
Others,10124G,C,2.6666666666666,6,7.13999977707863,2.6666666666666,3429
Others,35824B,C,88.0000000000000,6,203.239997506142,88.0000000000000,3429
Others,47369B,C,1.8000000000000,6,53.1000008583069,1.8000000000000,3429
Others,90205A,C,1.7500000000000,6,11.9500002861023,1.7500000000000,3429
Others,90063B,C,0.8181818181818,6,76.8600006103516,0.8181818181818,3429
Others,35644,C,3.6000000000000,6,35.1000008583069,3.6000000000000,3429
Others,20825,B,32.2727272727272,6,1232.58003616333,32.2727272727272,3429
Others,90209A,C,8.9000000000000,6,161.699998378754,8.9000000000000,3429
Others,90179B,C,0.7272727272727,6,47.7199988365173,0.7272727272727,3429
Others,45013,C,9.0000000000000,6,123.149999856949,9.0000000000000,3429
Others,84613A,C,1.7500000000000,6,65.100001335144,1.7500000000000,3429
Others,DCGS0003,C,0.5454545454545,6,15.1199998855591,0.5454545454545,3429
Others,72783,C,2.6000000000000,6,54.5999975204468,2.6000000000000,3429
Others,84933B,C,68.0000000000000,6,309.149986743927,68.0000000000000,3429
Others,17014E,C,23.7500000000000,6,36.6000009179115,23.7500000000000,3429
Others,47583A,B,35.5000000000000,6,612.820003509521,35.5000000000000,3429
Others,90001B,C,0.7777777777777,6,29.7299995422363,0.7777777777777,3429
Others,37327,C,10.2727272727272,6,150.649999141693,10.2727272727272,3429
Others,90123C,C,1.4444444444444,6,77.4599981307983,1.4444444444444,3429
Others,90053,C,0.6000000000000,6,15.2399997711182,0.6000000000000,3429
Others,90003E,C,0.7777777777777,6,26.5799999237061,0.7777777777777,3429
Others,22799,C,10.0000000000000,6,93.4799995422363,10.0000000000000,3429
Others,90125E,C,0.8571428571428,6,18.9299998283386,0.8571428571428,3429
Others,84767,B,48.7500000000000,6,806.219999313354,48.7500000000000,3429
Others,84575A,C,0.7777777777777,6,41.649998664856,0.7777777777777,3429
Others,22827,B,8.0000000000000,6,1240,8.0000000000000,3429
Others,90001A,C,0.7500000000000,6,25.6499996185303,0.7500000000000,3429
Others,84201B,C,2.3636363636363,6,4.93999993801117,2.3636363636363,3429
Others,90064A,C,1.1111111111111,6,40.439998626709,1.1111111111111,3429
Others,21308,B,66.0000000000000,6,705.900000572205,66.0000000000000,3429
Others,51012L,C,10.0000000000000,6,12.5,10.0000000000000,3429
Others,90011A,C,0.6000000000000,6,17.9000000953674,0.6000000000000,3429
Others,90058A,C,28.0000000000000,6,95.7599987983704,28.0000000000000,3429
Others,84599,C,3.7500000000000,6,160.149993896484,3.7500000000000,3429
Others,84371,C,15.0000000000000,6,257.100002288818,15.0000000000000,3429
Others,84206A,C,5.0000000000000,6,10.4499998688698,5.0000000000000,3429
Others,17014A,C,11.6000000000000,6,88.9799983799458,11.6000000000000,3429
Others,22777,C,19.0000000000000,6,151.300001144409,19.0000000000000,3429
Others,90024C,C,1.0000000000000,6,51.1800003051758,1.0000000000000,3429
Others,90202B,C,0.7000000000000,6,20.8400001525879,0.7000000000000,3429
Others,84765,C,2.2500000000000,6,140.229999542236,2.2500000000000,3429
Others,35610C,C,6.2727272727272,6,49.0499992370605,6.2727272727272,3429
Others,84933C,C,68.0000000000000,6,316.99998664856,68.0000000000000,3429
Others,72771C,C,54.0000000000000,6,42.0800003111362,54.0000000000000,3429
Others,47583B,C,9.0000000000000,6,332.600006103516,9.0000000000000,3429
Others,90046,C,1.6666666666666,6,49.4999980926514,1.6666666666666,3429
Others,90111,C,1.7500000000000,6,7.34999966621399,1.7500000000000,3429
Others,90001D,C,2.1666666666666,6,55.2299995422363,2.1666666666666,3429
Others,84805B,C,30.2000000000000,6,498.900009155273,30.2000000000000,3429
Others,84933A,C,43.6666666666666,6,314.349987030029,43.6666666666666,3429
Others,20823,C,6.5000000000000,6,295.750001907349,6.5000000000000,3429
Others,90025C,C,0.6666666666666,6,22.5599999427795,0.6666666666666,3429
Others,20838,C,6.7777777777777,6,104.3500020504,6.7777777777777,3429
Others,47343A,C,2.2727272727272,6,37.2500002384186,2.2727272727272,3429
Others,90125A,C,3.0000000000000,6,65.1099972724915,3.0000000000000,3429
Others,37399,C,143.0000000000000,6,74.9999983608723,143.0000000000000,3429
Others,84706F,C,1.7500000000000,6,125.299997329712,1.7500000000000,3429
Others,72045D,B,134.7500000000000,6,918.650031089783,134.7500000000000,3429
Others,84782B,C,1.4285714285714,6,127.5,1.4285714285714,3429
Others,90029,C,1.0000000000000,6,93.5,1.0000000000000,3429
Others,72753C,C,21.5000000000000,6,107.679996013641,21.5000000000000,3429
Others,90183A,C,0.6666666666666,6,17.7500002384186,0.6666666666666,3429
Others,35819B,C,8.5000000000000,6,46.2499995231628,8.5000000000000,3429
Others,90128A,C,3.2500000000000,6,35.0199999809265,3.2500000000000,3429
Others,16054,C,4.4000000000000,6,18.479999423027,4.4000000000000,3429
Others,44236,C,1.5000000000000,6,55.8000011444092,1.5000000000000,3429
Others,90039C,C,1.5454545454545,6,64.1700000762939,1.5454545454545,3429
Others,35001B,C,4.2500000000000,6,59.3300001621246,4.2500000000000,3429
Others,84914A,C,3.0000000000000,5,155.700004577637,3.0000000000000,3501
Others,16201B,C,34.0000000000000,5,81.1000018119812,34.0000000000000,3501
Others,21919,C,0.5454545454545,5,30.4699997901917,0.5454545454545,3501
Others,20800,C,335.0000000000000,5,303.95999956131,335.0000000000000,3501
Others,84867A,C,3.4000000000000,5,119.389996528625,3.4000000000000,3501
Others,84705b,C,86.0000000000000,5,120.130000591278,86.0000000000000,3501
Others,21595,C,0.7142857142857,5,43.0699987411499,0.7142857142857,3501
Others,90187A,C,0.5454545454545,5,20.3300001621246,0.5454545454545,3501
Others,90083,C,3.7142857142857,5,22.9500006437302,3.7142857142857,3501
Others,90030C,C,1.4285714285714,5,59.5999989509583,1.4285714285714,3501
Others,37112,C,3.3333333333333,5,37.5,3.3333333333333,3501
Others,35654,C,1.5000000000000,5,59.3999977111816,1.5000000000000,3501
Others,35638B,C,6.1111111111111,5,149.260000228882,6.1111111111111,3501
Others,35933,C,6.0909090909090,5,29.2899997234344,6.0909090909090,3501
Others,90189A,C,0.8750000000000,5,52.6399998664856,0.8750000000000,3501
Others,20816,C,1.7777777777777,5,108,1.7777777777777,3501
Others,90108,C,1.9000000000000,5,19.9499990940094,1.9000000000000,3501
Others,20820,C,0.4545454545454,5,24.7499990463257,0.4545454545454,3501
Others,90124C,C,0.6363636363636,5,70.3699989318848,0.6363636363636,3501
Others,16045,C,34.6666666666666,5,37.4399991631508,34.6666666666666,3501
Others,72754A,C,97.3333333333333,5,201.239993929863,97.3333333333333,3501
Others,90037B,C,3.6000000000000,5,45.8899991512299,3.6000000000000,3501
Others,84450A,C,17.3333333333333,5,24.1799994111061,17.3333333333333,3501
Others,22882,C,13.0000000000000,5,31.6300008296967,13.0000000000000,3501
Others,90025E,C,0.5555555555555,5,18.960000038147,0.5555555555555,3501
Others,90039B,C,1.0000000000000,5,37.6799998283386,1.0000000000000,3501
Others,62043B,C,9.2500000000000,5,61.0499991178513,9.2500000000000,3501
Others,79329,C,8.0000000000000,5,53.7599992752075,8.0000000000000,3501
Others,21309,C,16.3333333333333,5,325.599998474121,16.3333333333333,3501
Others,84705F,C,1.6000000000000,5,37.2000007629395,1.6000000000000,3501
Others,17013F,C,6.8888888888888,5,26.7000005245209,6.8888888888888,3501
Others,84427B,C,4.2500000000000,5,72.25,4.2500000000000,3501
Others,20836,C,13.5000000000000,5,108.900002002716,13.5000000000000,3501
Others,90141A,C,0.6666666666666,5,30.8199996948242,0.6666666666666,3501
Others,72709,C,3.5000000000000,5,17.850000500679,3.5000000000000,3501
Others,35910B,C,8.0000000000000,5,35.720000743866,8.0000000000000,3501
Others,90059B,C,1.0000000000000,5,16.6600000858307,1.0000000000000,3501
Others,90038C,C,1.0000000000000,5,37.7699999809265,1.0000000000000,3501
Others,35918B,C,3.3333333333333,5,12.5,3.3333333333333,3501
Others,90214V,C,0.5555555555555,5,6.25,0.5555555555555,3501
Others,35597B,C,6.9090909090909,5,221.59999370575,6.9090909090909,3501
Others,47351B,C,1.0909090909090,5,35.4000005722046,1.0909090909090,3501
Others,90181A,C,0.5000000000000,5,45.9200000762939,0.5000000000000,3501
Others,84795E,C,1.1111111111111,5,79.4999980926514,1.1111111111111,3501
Others,35995,C,5.0000000000000,5,3.77999985218048,5.0000000000000,3501
Others,gift_0001_10,C,0.5000000000000,5,42.7300004959106,0.5000000000000,3501
Others,90176A,C,0.7000000000000,5,53.3999996185303,0.7000000000000,3501
Others,84292B,C,2.0000000000000,5,51.7999992370605,2.0000000000000,3501
Others,72708,C,4.8888888888888,5,9.23999971151352,4.8888888888888,3501
Others,21369,C,0.7272727272727,5,33.8699998855591,0.7272727272727,3501
Others,78027,C,0.6666666666666,5,100.149998664856,0.6666666666666,3501
Others,90027C,C,1.2000000000000,5,17.8100001811981,1.2000000000000,3501
Others,72796A,C,2.2000000000000,5,18.1499997377396,2.2000000000000,3501
Others,79331,C,3.1111111111111,5,46.199999332428,3.1111111111111,3501
Others,84529B,C,4.3333333333333,5,62.3500003814697,4.3333333333333,3501
Others,44242B,C,2.1250000000000,5,21.25,2.1250000000000,3501
Others,90187B,C,0.5454545454545,5,20.4000000953674,0.5454545454545,3501
Others,84891B,C,2.5000000000000,5,79.4999980926514,2.5000000000000,3501
Others,90063A,C,1.8000000000000,5,76.4799995422363,1.8000000000000,3501
Others,84593,C,1.5000000000000,5,44.2500007152557,1.5000000000000,3501
Others,37489B,C,1.0000000000000,5,13.650000333786,1.0000000000000,3501
Others,90130D,C,1.6666666666666,5,29.610000371933,1.6666666666666,3501
Others,90042B,C,2.1428571428571,5,38.2499992847443,2.1428571428571,3501
Others,90038B,C,0.8000000000000,5,30.4200000762939,0.8000000000000,3501
Others,90011C,C,0.9090909090909,5,29.5300004482269,0.9090909090909,3501
Others,90177A,C,0.4545454545454,5,14.7900002002716,0.4545454545454,3501
Others,20833,B,13.0000000000000,5,811.800003051758,13.0000000000000,3501
Others,20877,C,12.0000000000000,5,5.03999984264374,12.0000000000000,3501
Others,85220,A,4078.6666666666666,5,6875.00024271011,4078.6666666666666,3501
Others,84726,C,38.8333333333333,5,394.849994540215,38.8333333333333,3501
Others,35818P,C,49.1666666666666,5,132.95999789238,49.1666666666666,3501
Others,84493,C,285.5000000000000,5,111.11999759078,285.5000000000000,3501
Others,35596,C,29.0000000000000,4,24.6500006914139,29.0000000000000,3573
Others,20890,C,151.2500000000000,4,202.620007038116,151.2500000000000,3573
Others,22968,C,8.0000000000000,4,79.5999984741211,8.0000000000000,3573
Others,47504J,C,5.0000000000000,4,67.2500009536743,5.0000000000000,3573
Others,84805A,C,14.3750000000000,4,152.850002288818,14.3750000000000,3573
Others,35651,C,0.6363636363636,4,55.649998664856,0.6363636363636,3573
Others,81950V,C,1.0909090909090,4,10.2000002861023,1.0909090909090,3573
Others,90182C,C,1.0000000000000,4,14.7800002098083,1.0000000000000,3573
Others,90126C,C,2.1111111111111,4,35.5200009346008,2.1111111111111,3573
Others,22783,C,8.0000000000000,4,147.600006103516,8.0000000000000,3573
Others,46775B,C,5.0000000000000,4,84.7500038146973,5.0000000000000,3573
Others,84876C,C,1.7500000000000,4,26.25,1.7500000000000,3573
Others,20848,C,2.5714285714285,4,53.1000008583069,2.5714285714285,3573
Others,90141B,C,0.6666666666666,4,20.0799999237061,0.6666666666666,3573
Others,90075,C,1.2500000000000,4,45.5699996948242,1.2500000000000,3573
Others,22830,C,5.0000000000000,4,134.750003814697,5.0000000000000,3573
Others,35955,C,22.5000000000000,4,34.6199992597103,22.5000000000000,3573
Others,84963B,C,1.1666666666666,4,321.650005340576,1.1666666666666,3573
Others,84608,C,3.0000000000000,4,47.6999988555908,3.0000000000000,3573
Others,90060D,C,0.7272727272727,4,47.5999984741211,0.7272727272727,3573
Others,84864A,C,1.0000000000000,4,67.7099990844727,1.0000000000000,3573
Others,90151,C,0.7777777777777,4,59.6700000762939,0.7777777777777,3573
Others,22808,C,30.5000000000000,4,160.74999833107,30.5000000000000,3573
Others,90119,C,1.8000000000000,4,25.4199995994568,1.8000000000000,3573
Others,90055,C,0.6666666666666,4,10.2099997997284,0.6666666666666,3573
Others,90141C,C,0.5555555555555,4,25.8699998855591,0.5555555555555,3573
Others,90197D,C,3.0000000000000,4,44.5499982833862,3.0000000000000,3573
Others,17014F,C,7.6250000000000,4,23.7000005841255,7.6250000000000,3573
Others,72785A,C,2.6666666666666,4,16.7999992370605,2.6666666666666,3573
Others,22856,C,20.0000000000000,4,25,20.0000000000000,3573
Others,90043,C,1.5000000000000,4,29.6999988555908,1.5000000000000,3573
Others,84838,C,25.0000000000000,4,312.5,25.0000000000000,3573
Others,84732D,C,0.3636363636363,4,6.59999990463257,0.3636363636363,3573
Others,90179A,C,0.6000000000000,4,35.6899991035461,0.6000000000000,3573
Others,35265,C,1.3333333333333,4,27.7999992370605,1.3333333333333,3573
Others,90183C,C,0.4444444444444,4,11.9700000286102,0.4444444444444,3573
Others,90214Z,C,0.3636363636363,4,4.60000002384186,0.3636363636363,3573
Others,90181C,C,0.5000000000000,4,37.7800006866455,0.5000000000000,3573
Others,21387,C,12.5000000000000,4,21.2500005960464,12.5000000000000,3573
Others,79172D,C,3.0000000000000,4,20.4000005722046,3.0000000000000,3573
Others,84415A,C,1.5000000000000,4,56.25,1.5000000000000,3573
Others,22987,C,50.0000000000000,4,41.9999986886978,50.0000000000000,3573
Others,21560,C,4.0000000000000,4,15.4400000572205,4.0000000000000,3573
Others,90026D,C,1.0000000000000,4,42.5,1.0000000000000,3573
Others,20826,C,5.5454545454545,4,129.319993019104,5.5454545454545,3573
Others,84868B,C,1.0000000000000,4,34.7499990463257,1.0000000000000,3573
Others,35591T,C,5.5000000000000,4,13.75,5.5000000000000,3573
Others,84743C,C,4.0000000000000,4,10,4.0000000000000,3573
Others,35818B,C,41.5714285714285,4,114.389998555183,41.5714285714285,3573
Others,90128D,C,1.2500000000000,4,15.0199999809265,1.2500000000000,3573
Others,37489C,C,1.0000000000000,4,12.4100003242493,1.0000000000000,3573
Others,90125B,C,1.3000000000000,4,27.2999987602234,1.3000000000000,3573
Others,90035C,C,3.7142857142857,4,279.5,3.7142857142857,3573
Others,84030B,C,2.0000000000000,4,27.210000038147,2.0000000000000,3573
Others,17011D,C,23.2222222222222,4,135.699995696545,23.2222222222222,3573
Others,17174,C,3.0000000000000,4,11.3399996459484,3.0000000000000,3573
Others,90011E,C,0.4000000000000,4,11.8900001049042,0.4000000000000,3573
Others,10080,C,1.1000000000000,4,9.35000026226044,1.1000000000000,3573
Others,20895,C,5.3333333333333,4,47.2000007629395,5.3333333333333,3573
Others,90099,C,0.8181818181818,4,25.4599995613098,0.8181818181818,3573
Others,20942,C,6.0000000000000,4,7.5,6.0000000000000,3573
Others,90064B,C,0.6363636363636,4,26.25,0.6363636363636,3573
Others,17007B,C,0.9090909090909,4,20.9999990463257,0.9090909090909,3573
Others,21081,C,2.0000000000000,4,3.40000009536743,2.0000000000000,3573
Others,90163B,C,0.8571428571428,4,45.7299995422363,0.8571428571428,3573
Others,35443,C,0.8000000000000,4,6.80000019073486,0.8000000000000,3573
Others,15059A,B,509.0000000000000,4,1567,509.0000000000000,3573
Others,84551,C,1.0909090909090,4,19.7999997138977,1.0909090909090,3573
Others,16162M,C,12.0000000000000,4,20.159999370575,12.0000000000000,3573
Others,22761,C,7.0000000000000,4,162.650005340576,7.0000000000000,3573
Others,20680,C,3.0000000000000,4,19.5,3.0000000000000,3573
Others,84757,C,2.5000000000000,4,74.7499990463257,2.5000000000000,3573
Others,85128,C,83.5000000000000,4,188.9500041008,83.5000000000000,3573
Others,90001C,C,1.0000000000000,4,17.0699996948242,1.0000000000000,3573
Others,84967C,C,1.5000000000000,4,419.849990844727,1.5000000000000,3573
Others,47369A,C,1.7142857142857,4,38.360000371933,1.7142857142857,3573
Others,90035B,C,6.1428571428571,4,380.889991760254,6.1428571428571,3573
Others,21347,C,1.6000000000000,4,47.5999984741211,1.6000000000000,3573
Others,84086B,C,0.8333333333333,4,14.7500002384186,0.8333333333333,3573
Others,90149,C,1.1666666666666,4,52.5,1.1666666666666,3573
Others,20905,C,5.0000000000000,4,63.4999990463257,5.0000000000000,3573
Others,90210C,C,1.9000000000000,4,56.0500009059906,1.9000000000000,3573
Others,84415B,C,1.6000000000000,4,60,1.6000000000000,3573
Others,84612B,C,2.0000000000000,4,50.9999990463257,2.0000000000000,3573
Others,90176C,C,0.6363636363636,4,53.6800003051758,0.6363636363636,3573
Others,90140,C,1.5000000000000,4,45.1399998664856,1.5000000000000,3573
Others,90067B,C,1.5555555555555,4,41.3200006484985,1.5555555555555,3573
Others,16051,C,134.4285714285714,4,84.689997844398,134.4285714285714,3573
Others,90126A,C,2.1111111111111,4,33.7800009250641,2.1111111111111,3573
Others,DCGS0069,C,0.5000000000000,4,64.5199966430664,0.5000000000000,3573
Others,46137D,C,15.0000000000000,4,132.750002145767,15.0000000000000,3573
Others,84706C,C,42.0000000000000,4,170.800003767014,42.0000000000000,3573
Others,84942,C,1.5000000000000,3,5.07000017166138,1.5000000000000,3665
Others,90020,C,0.8333333333333,3,63.75,0.8333333333333,3665
Others,84720,C,35.0000000000000,3,147.050001621246,35.0000000000000,3665
Others,90069,C,0.2727272727272,3,22.5,0.2727272727272,3665
Others,84965B,B,3.2500000000000,3,1329.94999694824,3.2500000000000,3665
Others,90051,C,0.8000000000000,3,28.6099991798401,0.8000000000000,3665
Others,84550,C,0.7000000000000,3,11.549999833107,0.7000000000000,3665
Others,22825,C,10.0000000000000,3,79.4999980926514,10.0000000000000,3665
Others,79149B,C,0.8750000000000,3,2.93999990820885,0.8750000000000,3665
Others,90076,C,0.5000000000000,3,8.88000011444092,0.5000000000000,3665
Others,84632,C,1.2000000000000,3,319.700004577637,1.2000000000000,3665
Others,84857A,C,2.0000000000000,3,68,2.0000000000000,3665
Others,47016,C,7.0000000000000,3,58.7999973297119,7.0000000000000,3665
Others,84823,C,0.6666666666666,3,159.800003051758,0.6666666666666,3665
Others,90128B,C,2.5000000000000,3,18.75,2.5000000000000,3665
Others,84967A,C,0.3333333333333,3,174.899993896484,0.3333333333333,3665
Others,90095,C,2.0000000000000,3,22.9099996089935,2.0000000000000,3665
Others,84366,C,0.7500000000000,3,11.25,0.7500000000000,3665
Others,16044,C,3096.5000000000000,3,389.219991117716,3096.5000000000000,3665
Others,47341B,C,0.3000000000000,3,11.25,0.3000000000000,3665
Others,35817B,C,23.8333333333333,3,61.2999993562698,23.8333333333333,3665
Others,47344B,C,0.6000000000000,3,7.5,0.6000000000000,3665
Others,18097B,C,3.5000000000000,3,17.849999666214,3.5000000000000,3665
Others,21853,C,0.6000000000000,3,15.4000000953674,0.6000000000000,3665
Others,35909B,C,2.3333333333333,3,20.650000333786,2.3333333333333,3665
Others,21119,C,0.3000000000000,3,41.0099992752075,0.3000000000000,3665
Others,90135A,C,2.5000000000000,3,49.6399984359741,2.5000000000000,3665
Others,90078,C,0.6666666666666,3,45,0.6666666666666,3665
Others,90030A,C,1.7500000000000,3,41.7599992752075,1.7500000000000,3665
Others,90152C,C,1.2000000000000,3,35.6999988555908,1.2000000000000,3665
Others,90118,C,0.6000000000000,3,10.0799999237061,0.6000000000000,3665
Others,84925E,C,37.5000000000000,3,130.050003290176,37.5000000000000,3665
Others,90082C,C,1.5000000000000,3,19.9299998283386,1.5000000000000,3665
Others,84546,C,4.2000000000000,3,34.649999499321,4.2000000000000,3665
Others,21450,C,13.0000000000000,3,77.3499975204468,13.0000000000000,3665
Others,21699,C,36.0000000000000,3,82.4400029182434,36.0000000000000,3665
Others,84798C,C,8.0000000000000,3,40.7999992370605,8.0000000000000,3665
Others,72805,C,3.3333333333333,3,16.9000005722046,3.3333333333333,3665
Others,40046C,C,3.0000000000000,3,3.75,3.0000000000000,3665
Others,84575B,C,1.3333333333333,3,23.7999992370605,1.3333333333333,3665
Others,72785B,C,4.5000000000000,3,10.8999996185303,4.5000000000000,3665
Others,21310,C,0.8333333333333,3,149.750003814697,0.8333333333333,3665
Others,18098B,C,1.0000000000000,3,8.85000014305115,1.0000000000000,3665
Others,84617,C,3.0000000000000,3,76.5,3.0000000000000,3665
Others,37409,C,1.7500000000000,3,5.95000016689301,1.7500000000000,3665
Others,90131,C,0.6250000000000,3,34.7499990463257,0.6250000000000,3665
Others,10002R,C,2.0000000000000,3,20.5700001716614,2.0000000000000,3665
Others,84966B,C,2.3333333333333,3,284,2.3333333333333,3665
Others,84732B,C,0.4545454545454,3,8.24999988079071,0.4545454545454,3665
Others,85018C,C,6.6000000000000,3,114.450003147125,6.6000000000000,3665
Others,81953P,C,0.6250000000000,3,4.25000011920929,0.6250000000000,3665
Others,84814B,C,7.0000000000000,3,13.650000333786,7.0000000000000,3665
Others,90027A,C,1.0000000000000,3,8.8600001335144,1.0000000000000,3665
Others,47563B,C,0.6000000000000,3,11.25,0.6000000000000,3665
Others,22885,C,11.0000000000000,3,25.470000743866,11.0000000000000,3665
Others,62097A,C,0.3333333333333,3,8.85000014305115,0.3333333333333,3665
Others,90060C,C,0.8750000000000,3,41.649998664856,0.8750000000000,3665
Others,35824P,C,162.0000000000000,3,136.439998626709,162.0000000000000,3665
Others,90052,C,0.7142857142857,3,35.4399991035461,0.7142857142857,3665
Others,22878,C,8.0000000000000,3,21.0199995040894,8.0000000000000,3665
Others,90126B,C,0.7500000000000,3,8.48000001907349,0.7500000000000,3665
Others,44091A,C,3.0000000000000,3,3.7799998819828,3.0000000000000,3665
Others,90024A,C,0.5000000000000,3,34,0.5000000000000,3665
Others,17013B,C,256.0000000000000,3,221.029995948076,256.0000000000000,3665
Others,90012B,C,0.5000000000000,3,40.5499992370605,0.5000000000000,3665
Others,20827,C,5.5454545454545,3,129.319993019104,5.5454545454545,3665
Others,90026B,C,0.3636363636363,3,34,0.3636363636363,3665
Others,90206A,C,1.0000000000000,3,19.7999992370605,1.0000000000000,3665
Others,75172,C,0.8000000000000,3,15,0.8000000000000,3665
Others,22206,C,1.5000000000000,3,5.10000014305115,1.5000000000000,3665
Others,35816B,C,23.1666666666666,3,58.0699992179871,23.1666666666666,3665
Others,90025F,C,1.0000000000000,3,11.460000038147,1.0000000000000,3665
Others,44265,C,0.8571428571428,3,25.5,0.8571428571428,3665
Others,ADJUST2,B,3.0000000000000,3,731.050003051758,3.0000000000000,3665
Others,90128C,C,1.4000000000000,3,18.8199999332428,1.4000000000000,3665
Others,20812,C,2.5000000000000,3,12.7499997615814,2.5000000000000,3665
Others,90060B,C,0.7142857142857,3,29.7499990463257,0.7142857142857,3665
Others,DCGS0004,C,0.2727272727272,3,51.3099994659424,0.2727272727272,3665
Others,35537,C,2.1666666666666,3,5.45999982953072,2.1666666666666,3665
Others,35821B,C,30.0000000000000,3,56.9999992847443,30.0000000000000,3665
Others,84611B,C,0.6250000000000,3,29.7499990463257,0.6250000000000,3665
Others,35815B,C,95.0000000000000,3,43.9399999380112,95.0000000000000,3665
Others,DCGS0072,C,4.0000000000000,3,20.6800003051758,4.0000000000000,3665
Others,90141E,C,0.6250000000000,3,25.3099994659424,0.6250000000000,3665
Others,20964,C,1.2222222222222,3,28.0499994754791,1.2222222222222,3665
Others,84629,C,0.5714285714285,3,87.8000030517578,0.5714285714285,3665
Others,21343,C,6.6666666666666,3,92.0000016689301,6.6666666666666,3665
Others,18097A,C,0.8333333333333,3,12.7499997615814,0.8333333333333,3665
Others,85070,C,1.0000000000000,3,320,1.0000000000000,3665
Others,16215,C,8.0000000000000,3,5.19999980926514,8.0000000000000,3665
Others,71496A,C,13.6250000000000,3,60.1699969768524,13.6250000000000,3665
Others,20891,C,171.0000000000000,3,236.330006897449,171.0000000000000,3665
Others,20884,C,3.0000000000000,3,6.29999971389771,3.0000000000000,3665
Others,84966A,C,0.8333333333333,3,129.950000762939,0.8333333333333,3665
Others,81953B,C,0.6000000000000,3,2.55000007152557,0.6000000000000,3665
Others,44217M,C,72.0000000000000,3,236.400003433228,72.0000000000000,3665
Others,37489D,C,0.7142857142857,3,9.75000023841858,0.7142857142857,3665
Others,37379B,C,1122.0000000000000,3,181.500006616116,1122.0000000000000,3665
Others,82072,C,0.7142857142857,3,6.25,0.7142857142857,3665
Others,90034,C,1.5000000000000,3,30.3099994659424,1.5000000000000,3665
Others,78034B,C,2.3333333333333,3,13.650000333786,2.3333333333333,3665
Others,90141D,C,0.4285714285714,3,15.9700002670288,0.4285714285714,3665
Others,90132,C,1.0000000000000,3,15.3800001144409,1.0000000000000,3665
Others,90212C,C,0.5454545454545,3,22.5,0.5454545454545,3665
Others,85192S,C,3.0000000000000,2,1.94999992847443,3.0000000000000,3769
Others,22887,C,9.0000000000000,2,21.5700006484985,9.0000000000000,3769
Others,90154,C,0.4000000000000,2,17.8999996185303,0.4000000000000,3769
Others,82011E,C,2.0000000000000,2,7.5,2.0000000000000,3769
Others,22857,C,60.0000000000000,2,51.0000014305115,60.0000000000000,3769
Others,90152B,C,0.4000000000000,2,11.8999996185303,0.4000000000000,3769
Others,22864,C,378.0000000000000,2,158.759995043278,378.0000000000000,3769
Others,85218,B,996.0000000000000,2,625.200024604797,996.0000000000000,3769
Others,35980B,C,0.6666666666666,2,1.51999998092651,0.6666666666666,3769
Others,21857,C,2.0000000000000,2,10.2300000190735,2.0000000000000,3769
Others,22883,C,9.0000000000000,2,21.5700006484985,9.0000000000000,3769
Others,44092C,C,0.3750000000000,2,2.55000007152557,0.3750000000000,3769
Others,22859,C,30.0000000000000,2,49.4999992847443,30.0000000000000,3769
Others,17013C,C,53.2500000000000,2,89.4599972069263,53.2500000000000,3769
Others,79308B,C,144.0000000000000,2,122.400003433228,144.0000000000000,3769
Others,20835,C,13.0000000000000,2,21.220000743866,13.0000000000000,3769
Others,20837,C,4.5000000000000,2,27.9000005722046,4.5000000000000,3769
Others,22872,C,9.0000000000000,2,17.5500004291534,9.0000000000000,3769
Others,84868A,C,2.0000000000000,2,13.8999996185303,2.0000000000000,3769
Others,90102,C,1.3333333333333,2,6.76000010967255,1.3333333333333,3769
Others,85179C,C,7.0000000000000,2,32.550000667572,7.0000000000000,3769
Others,35823P,C,0.3333333333333,2,5.90000009536743,0.3333333333333,3769
Others,84965A,B,2.3750000000000,2,1020,2.3750000000000,3769
Others,90091,C,0.5000000000000,2,2.55000007152557,0.5000000000000,3769
Others,90012A,C,0.5000000000000,2,20.6199998855591,0.5000000000000,3769
Others,21511,C,20.0000000000000,2,16.7999994754791,20.0000000000000,3769
Others,90041,C,0.2500000000000,2,7.40000009536743,0.2500000000000,3769
Others,35821P,C,2.0000000000000,2,5.90000009536743,2.0000000000000,3769
Others,35909A,C,6.0000000000000,2,35.4000005722046,6.0000000000000,3769
Others,90049,C,14.0000000000000,2,69.2999973297119,14.0000000000000,3769
Others,22782,C,2.0000000000000,2,49.9000015258789,2.0000000000000,3769
Others,DCGS0068,C,1.0000000000000,2,17.1199998855591,1.0000000000000,3769
Others,22875,C,9.0000000000000,2,19.8100004196167,9.0000000000000,3769
Others,22770,C,3.0000000000000,2,44.8499994277954,3.0000000000000,3769
Others,85186B,C,14.0000000000000,2,5.87999981641769,14.0000000000000,3769
Others,84206C,C,0.3333333333333,2,0.379999995231628,0.3333333333333,3769
Others,35611B,C,51.0000000000000,2,41.5800004005432,51.0000000000000,3769
Others,21858,C,0.5000000000000,2,10.2300000190735,0.5000000000000,3769
Others,20882,C,3.0000000000000,2,8.85000014305115,3.0000000000000,3769
Others,71496B,C,0.4000000000000,2,1.29999995231628,0.4000000000000,3769
Others,90024F,C,1.0000000000000,2,25.4799995422363,1.0000000000000,3769
Others,17014C,C,97.0000000000000,2,43.7499988079071,97.0000000000000,3769
Others,71434B,C,0.6666666666666,2,5.09999990463257,0.6666666666666,3769
Others,90189B,C,1.0000000000000,2,22.5,1.0000000000000,3769
Others,90176D,C,0.3333333333333,2,22.8099999427795,0.3333333333333,3769
Others,gift_0001_40,C,0.6666666666666,2,65.3900012969971,0.6666666666666,3769
Others,21852,C,2.0000000000000,2,13.8999996185303,2.0000000000000,3769
Others,85083,C,5.0000000000000,2,12.7499997615814,5.0000000000000,3769
Others,71050,C,3.6000000000000,2,6.29999989271164,3.6000000000000,3769
Others,90011D,C,0.5000000000000,2,5.99000000953674,0.5000000000000,3769
Others,37326,C,0.6666666666666,2,4.60999989509583,0.6666666666666,3769
Others,90142A,C,1.5000000000000,2,15.2700004577637,1.5000000000000,3769
Others,20881,C,3.0000000000000,2,2.55000007152557,3.0000000000000,3769
Others,21594,C,0.3333333333333,2,8.51000022888184,0.3333333333333,3769
Others,35652,C,4.5000000000000,2,21.5,4.5000000000000,3769
Others,90000C,C,1.0000000000000,2,12.3199996948242,1.0000000000000,3769
Others,90077,C,0.5000000000000,2,5.57999992370605,0.5000000000000,3769
Others,20673,C,5.0000000000000,2,6.25,5.0000000000000,3769
Others,22803,C,2.0000000000000,2,79.9000015258789,2.0000000000000,3769
Others,90125C,C,13.0000000000000,2,27.2999987602234,13.0000000000000,3769
Others,37488A,C,1.0000000000000,2,8.85000014305115,1.0000000000000,3769
Others,78056,C,3.0000000000000,2,29.8499994277954,3.0000000000000,3769
Others,90074,C,0.2500000000000,2,17.8999996185303,0.2500000000000,3769
Others,84570B,C,2.0000000000000,2,19.7999992370605,2.0000000000000,3769
Others,90152A,C,0.4000000000000,2,11.5799999237061,0.4000000000000,3769
Others,16151A,C,1.5000000000000,2,11.25,1.5000000000000,3769
Others,84201C,C,5.0000000000000,2,0.949999988079071,5.0000000000000,3769
Others,SP1002,C,5.0000000000000,2,14.7500002384186,5.0000000000000,3769
Others,90039A,C,0.6666666666666,2,7.65000009536743,0.6666666666666,3769
Others,22879,C,9.0000000000000,2,21.5700006484985,9.0000000000000,3769
Others,35051B,C,14.0000000000000,2,5.87999981641769,14.0000000000000,3769
Others,90025B,C,0.2500000000000,2,7.55999994277954,0.2500000000000,3769
Others,17027A,C,114.0000000000000,2,84.8399974107742,114.0000000000000,3769
Others,21525,C,2.0000000000000,2,13.5,2.0000000000000,3769
Others,35751C,C,31.0000000000000,2,12.6099999547005,31.0000000000000,3769
Others,90066A,C,1.2500000000000,2,33.75,1.2500000000000,3769
Others,35001P,C,2.0000000000000,2,6.98000001907349,2.0000000000000,3769
Others,22884,C,9.0000000000000,2,19.3100006580353,9.0000000000000,3769
Others,85185E,C,4.0000000000000,2,11.8000001907349,4.0000000000000,3769
Others,75011,C,0.7142857142857,2,18.75,0.7142857142857,3769
Others,16248B,C,25.5000000000000,2,63.75,25.5000000000000,3769
Others,90013E,C,1.0000000000000,2,8.56999969482422,1.0000000000000,3769
Others,17011B,C,4.7500000000000,2,11.0999999046326,4.7500000000000,3769
Others,18098A,C,2.0000000000000,2,5.90000009536743,2.0000000000000,3769
Others,79140,C,3.0000000000000,2,6.29999980330467,3.0000000000000,3769
Others,22874,C,9.0000000000000,2,17.5500004291534,9.0000000000000,3769
Others,17011C,C,335.0000000000000,2,221.399992227554,335.0000000000000,3769
Others,37479P,C,2.3333333333333,2,17.849999666214,2.3333333333333,3769
Others,17084G,C,50.0000000000000,2,10.4999996721745,50.0000000000000,3769
Others,46037A,C,1.5000000000000,2,7.5,1.5000000000000,3769
Others,72752B,C,3.0000000000000,2,12.75,3.0000000000000,3769
Others,90031,C,0.6666666666666,2,12.0100002288818,0.6666666666666,3769
Others,78026,C,1.3333333333333,2,139.950000762939,1.3333333333333,3769
Others,90050,C,0.5000000000000,2,14.4399995803833,0.5000000000000,3769
Others,48175,C,39.0000000000000,2,158.039999961853,39.0000000000000,3769
Others,21225,C,2.0000000000000,2,2.5,2.0000000000000,3769
Others,22873,C,9.0000000000000,2,17.5500004291534,9.0000000000000,3769
Others,35603B,C,50.0000000000000,2,20.9999993443489,50.0000000000000,3769
Others,21685,C,3.0000000000000,2,44.8499994277954,3.0000000000000,3769
Others,DCGS0066N,C,2.0000000000000,2,17.2999992370605,2.0000000000000,3769
Others,90026C,C,0.1818181818181,2,17,0.1818181818181,3769
Others,gift_0001_50,C,0.1818181818181,2,86.0299987792969,0.1818181818181,3769
Others,84721,C,20.0000000000000,2,87.8000009059906,20.0000000000000,3769
Others,90025D,C,0.5000000000000,2,7.5,0.5000000000000,3769
Others,90127B,C,0.2500000000000,2,2.5,0.2500000000000,3769
Others,84679,C,8.0000000000000,2,47.5999984741211,8.0000000000000,3769
Others,22823,C,3.0000000000000,2,345,3.0000000000000,3769
Others,35597D,C,0.1818181818181,2,1.29999995231628,0.1818181818181,3769
Others,84962,C,0.7500000000000,2,179.850002288818,0.7500000000000,3769
Others,16161C,C,450.0000000000000,2,45.0000006705523,450.0000000000000,3769
Others,84255A,C,1.0000000000000,2,4.19999980926514,1.0000000000000,3769
Others,20858,C,4.0000000000000,1,6.59999990463257,4.0000000000000,3880
Others,62097B,C,2.0000000000000,1,5.90000009536743,2.0000000000000,3880
Others,22790,A,200.0000000000000,1,3884.00001525879,200.0000000000000,3880
Others,21854,C,1.0000000000000,1,5.17000007629395,1.0000000000000,3880
Others,40002,C,78.0000000000000,1,66.3000018596649,78.0000000000000,3880
Others,16192,C,3.0000000000000,1,12.9000005722046,3.0000000000000,3880
Others,22850,C,8.0000000000000,1,123.60000038147,8.0000000000000,3880
Others,85230C,C,24.0000000000000,1,6.95999979972839,24.0000000000000,3880
Others,72751B,C,1.0000000000000,1,5.94999980926514,1.0000000000000,3880
Others,71101A,C,6.0000000000000,1,5.10000014305115,6.0000000000000,3880
Others,35822B,C,229.0000000000000,1,87.0199989080429,229.0000000000000,3880
Others,17011E,C,124.0000000000000,1,80.5999970436096,124.0000000000000,3880
Others,gift_0001_70,C,1.0000000000000,1,59.5699996948242,1.0000000000000,3880
Others,84964A,B,10.0000000000000,1,600,10.0000000000000,3880
Others,84966C,C,19.0000000000000,1,228,19.0000000000000,3880
Others,85069,C,3.0000000000000,1,50.8500022888184,3.0000000000000,3880
Others,47569,C,1.0000000000000,1,2.54999995231628,1.0000000000000,3880
Others,45014,C,1.0000000000000,1,4.65000009536743,1.0000000000000,3880
Others,21496,C,25.0000000000000,1,10.4999996721745,25.0000000000000,3880
Others,37451,C,1.0000000000000,1,4.94999980926514,1.0000000000000,3880
Others,35974,C,1.0000000000000,1,3.75,1.0000000000000,3880
Others,DCGS0070,C,1.0000000000000,1,12.7200002670288,1.0000000000000,3880
Others,84760L,B,560.0000000000000,1,896.00001335144,560.0000000000000,3880
Others,84206B,C,4.0000000000000,1,0.759999990463257,4.0000000000000,3880
Others,84814A,C,1.0000000000000,1,1.95000004768372,1.0000000000000,3880
Others,47341A,C,1.0000000000000,1,3.75,1.0000000000000,3880
Others,37468,C,1.0000000000000,1,7.78000020980835,1.0000000000000,3880
Others,gift_0001_80,C,1.0000000000000,1,69.5599975585938,1.0000000000000,3880
Others,79301,C,1.0000000000000,1,2.95000004768372,1.0000000000000,3880
Others,84964B,B,16.0000000000000,1,960,16.0000000000000,3880
Others,22880,C,8.0000000000000,1,17.3600006103516,8.0000000000000,3880
Others,84205C,C,2.0000000000000,1,0.379999995231628,2.0000000000000,3880
Others,21585,C,1.0000000000000,1,1.64999997615814,1.0000000000000,3880
Others,35598C,C,1.0000000000000,1,2.95000004768372,1.0000000000000,3880
Others,85095,C,24.0000000000000,1,15.5999994277954,24.0000000000000,3880
Others,37432,C,6.0000000000000,1,3.89999985694885,6.0000000000000,3880
Others,47554,C,1.0000000000000,1,2.54999995231628,1.0000000000000,3880
Others,48173A,C,1.0000000000000,1,6.75,1.0000000000000,3880
Others,90081B,C,3.0000000000000,1,14.8499994277954,3.0000000000000,3880
Others,44242A,C,2.0000000000000,1,2.5,2.0000000000000,3880
Others,20721,C,1.0000000000000,1,0.850000023841858,1.0000000000000,3880
Others,47556,C,1.0000000000000,1,2.54999995231628,1.0000000000000,3880
Others,84567,C,9.0000000000000,1,14.8499997854233,9.0000000000000,3880
Others,79070b,C,1.0000000000000,1,11.2600002288818,1.0000000000000,3880
Others,46138D,C,1.0000000000000,1,1.95000004768372,1.0000000000000,3880
Others,10109,C,4.0000000000000,1,1.67999994754791,4.0000000000000,3880
Others,35638A,C,1.0000000000000,1,5.94999980926514,1.0000000000000,3880
Others,85230D,C,24.0000000000000,1,6.95999979972839,24.0000000000000,3880
Others,90004A,C,1.0000000000000,1,3.75,1.0000000000000,3880
Others,35945,C,1.0000000000000,1,1.95000004768372,1.0000000000000,3880
Others,21772,C,1.0000000000000,1,12.75,1.0000000000000,3880
Others,90182B,C,1.0000000000000,1,3.02999997138977,1.0000000000000,3880
Others,84731,C,1.0000000000000,1,1.64999997615814,1.0000000000000,3880
Others,85123b,C,1.0000000000000,1,6.03999996185303,1.0000000000000,3880
Others,DCGS0062,C,1.0000000000000,1,2.50999999046326,1.0000000000000,3880
Others,30086C,C,1.0000000000000,1,1.70000004768372,1.0000000000000,3880
Others,22881,C,8.0000000000000,1,17.3600006103516,8.0000000000000,3880
Others,85024A,C,1.0000000000000,1,1.64999997615814,1.0000000000000,3880
Others,72740B,C,1.0000000000000,1,5.05999994277954,1.0000000000000,3880
Others,16169A,C,25.0000000000000,1,10.4999996721745,25.0000000000000,3880
Others,84648,C,1.0000000000000,1,12.75,1.0000000000000,3880
Others,35976B,C,1.0000000000000,1,1.25,1.0000000000000,3880
Others,35837,C,2.0000000000000,1,1.70000004768372,2.0000000000000,3880
Others,20737,C,1.0000000000000,1,1.70000004768372,1.0000000000000,3880
Others,22876,C,8.0000000000000,1,15.6000003814697,8.0000000000000,3880
Others,TEST002,C,1.0000000000000,1,1,1.0000000000000,3880
Others,72751A,C,1.0000000000000,1,5.94999980926514,1.0000000000000,3880
Others,85171,C,1.0000000000000,1,2.54999995231628,1.0000000000000,3880
Others,22871,C,8.0000000000000,1,15.6000003814697,8.0000000000000,3880
Others,22877,C,8.0000000000000,1,15.6000003814697,8.0000000000000,3880
Others,22961,C,1.0000000000000,1,1.45000004768372,1.0000000000000,3880
Others,85077,C,1.0000000000000,1,5.94999980926514,1.0000000000000,3880
Others,21475,C,1.0000000000000,1,14.9499998092651,1.0000000000000,3880
Others,22868,C,8.0000000000000,1,15.6000003814697,8.0000000000000,3880
Others,37438,C,1.0000000000000,1,3.75,1.0000000000000,3880
Others,37408,C,5.0000000000000,1,6.25,5.0000000000000,3880
Others,84867b,C,2.0000000000000,1,27.1399993896484,2.0000000000000,3880
Others,16010,C,2.0000000000000,1,0.239999994635582,2.0000000000000,3880
Others,79157B,C,1.0000000000000,1,0.850000023841858,1.0000000000000,3880
Others,72751C,C,1.0000000000000,1,5.94999980926514,1.0000000000000,3880
Others,85115B,C,3.0000000000000,1,12.75,3.0000000000000,3880
Others,22802,C,1.0000000000000,1,19.9500007629395,1.0000000000000,3880
Others,DCGS0044,C,1.0000000000000,1,2.5699999332428,1.0000000000000,3880
Others,21290,C,2.0000000000000,1,2.5,2.0000000000000,3880
Others,20715,C,400.0000000000000,1,423.999977111816,400.0000000000000,3880
Others,20885,C,1.0000000000000,1,2.95000004768372,1.0000000000000,3880
Others,22860,C,12.0000000000000,1,19.7999997138977,12.0000000000000,3880
Others,21838,C,1.0000000000000,1,5.44999980926514,1.0000000000000,3880
Others,47348A,C,6.0000000000000,1,11.7000002861023,6.0000000000000,3880
Others,22889,C,8.0000000000000,1,19.2000007629395,8.0000000000000,3880
Others,21008,C,1.0000000000000,1,2.50999999046326,1.0000000000000,3880
Others,20954,C,1.0000000000000,1,8.64999961853027,1.0000000000000,3880
Others,20939,C,12.0000000000000,1,10.2000002861023,12.0000000000000,3880
Others,22870,C,8.0000000000000,1,15.6000003814697,8.0000000000000,3880
Others,90021,C,2.0000000000000,1,23.8999996185303,2.0000000000000,3880
Others,35751D,C,28.0000000000000,1,5.3199999332428,28.0000000000000,3880
Others,35822P,C,114.0000000000000,1,43.3199994564056,114.0000000000000,3880
Others,85157,C,1.0000000000000,1,12.7200002670288,1.0000000000000,3880
Others,22886,C,8.0000000000000,1,17.3600006103516,8.0000000000000,3880
Others,72754D,C,1.0000000000000,1,1.69000005722046,1.0000000000000,3880
Others,20791,C,5.0000000000000,1,63.75,5.0000000000000,3880
Others,21036,C,1.0000000000000,1,2.54999995231628,1.0000000000000,3880
Others,DCGS0041,C,1.0000000000000,1,5.05999994277954,1.0000000000000,3880
Others,72752A,C,1.0000000000000,1,4.25,1.0000000000000,3880
Others,44092B,C,1.0000000000000,1,0.850000023841858,1.0000000000000,3880
Others,84572,C,1.0000000000000,1,8.48999977111816,1.0000000000000,3880
Others,21409,C,1.0000000000000,1,4.25,1.0000000000000,3880
Others,90068,C,1.0000000000000,1,7.5,1.0000000000000,3880
Others,84311,C,11.0000000000000,1,18.1499997377396,11.0000000000000,3880
Others,85232C,C,1.0000000000000,1,4.94999980926514,1.0000000000000,3880
Others,22351,C,2.0000000000000,1,6.71999979019165,2.0000000000000,3880
Others,90214W,C,1.0000000000000,1,1.25,1.0000000000000,3880
Others,17061,C,52.0000000000000,1,2.07999995350838,52.0000000000000,3880
Others,35818C,C,1.0000000000000,1,3.4300000667572,1.0000000000000,3880
Others,35915A,C,288.0000000000000,1,365.759994506836,288.0000000000000,3880
Others,37481,C,6.0000000000000,1,15.2999997138977,6.0000000000000,3880
Others,21767,C,1.0000000000000,1,29.9500007629395,1.0000000000000,3880
Others,21406,C,1.0000000000000,1,8.64999961853027,1.0000000000000,3880
Others,72796C,C,1.0000000000000,1,1.64999997615814,1.0000000000000,3880
Others,84630,C,2.0000000000000,1,15.8999996185303,2.0000000000000,3880
Others,37484,C,1.0000000000000,1,6.75,1.0000000000000,3880
Others,85072,C,120.0000000000000,1,66.0000014305115,120.0000000000000,3880
Others,35950,C,1.0000000000000,1,1.25,1.0000000000000,3880
Others,35597A,C,2.0000000000000,1,2.5,2.0000000000000,3880
Others,DCGS0075,C,1.0000000000000,1,12.7200002670288,1.0000000000000,3880
Others,16169G,C,25.0000000000000,1,10.4999996721745,25.0000000000000,3880
Others,79303A,C,2.0000000000000,1,5.90000009536743,2.0000000000000,3880
Others,35815P,C,5.0000000000000,1,10.4999995231628,5.0000000000000,3880
Others,21860,C,1.0000000000000,1,5.17000007629395,1.0000000000000,3880
Others,85050,C,48.0000000000000,1,100.799995422363,48.0000000000000,3880
Others,85043,C,1.0000000000000,1,4.94999980926514,1.0000000000000,3880
Others,22963,C,2.0000000000000,1,1.70000004768372,2.0000000000000,3880
Others,35598A,C,1.0000000000000,1,2.95000004768372,1.0000000000000,3880
Others,84614C,C,3.0000000000000,1,17.8499994277954,3.0000000000000,3880
Others,35999,C,1.0000000000000,1,2.54999995231628,1.0000000000000,3880
Others,20822,C,2.0000000000000,1,9.30000019073486,2.0000000000000,3880
Others,22828,C,2.0000000000000,1,290,2.0000000000000,3880
Others,84845A,C,1.0000000000000,1,1.25,1.0000000000000,3880
Others,20739,C,1.0000000000000,1,8.64999961853027,1.0000000000000,3880
Others,35930,C,1.0000000000000,1,0.379999995231628,1.0000000000000,3880
Others,84626,C,1.0000000000000,1,45.9500007629395,1.0000000000000,3880
Others,35650,C,1.0000000000000,1,4.94999980926514,1.0000000000000,3880
Others,79065A,C,4.0000000000000,1,39.7999992370605,4.0000000000000,3880
Others,72084B,C,2.0000000000000,1,3.90000009536743,2.0000000000000,3880
Others,DCGS0037,C,1.0000000000000,1,12.7200002670288,1.0000000000000,3880
Others,20683,C,1.0000000000000,1,3.25,1.0000000000000,3880
