stock_code,abc_class,cluster_label,cluster_name,pick_frequency,monthly_velocity,total_sales
85123A,A,0,A-Group (Fast),2803,4557.454545454546,136346.098907709
85099B,A,0,A-Group (Fast),1674,3853.9090909090905,77096.2000346184
22423,A,0,A-Group (Fast),1647,1303.25,128397.198662758
21212,A,0,A-Group (Fast),1590,4786.0,27158.8900848031
21232,A,0,A-Group (Fast),1446,2118.3636363636365,29443.8594110012
20725,A,0,A-Group (Fast),1342,1729.5454545454545,32094.290084362
84991,A,0,A-Group (Fast),1180,3048.090909090909,16681.3300765753
21754,A,0,A-Group (Fast),1136,389.090909090909,26205.7592077255
84879,A,0,A-Group (Fast),1117,3133.181818181818,55824.4818072319
21080,A,0,A-Group (Fast),1038,1499.7272727272727,12943.3300831318
20914,A,0,A-Group (Fast),1011,1028.6363636363635,31325.7099065781
21977,A,0,A-Group (Fast),999,2557.909090909091,14274.4000703692
21931,A,0,A-Group (Fast),995,1248.4545454545455,26207.8901538849
82494L,A,0,A-Group (Fast),975,691.4545454545454,21813.950019598
22138,A,0,A-Group (Fast),975,401.8181818181818,21652.189450264
22383,A,0,A-Group (Fast),973,1156.5,19089.7199854851
21755,A,0,A-Group (Fast),970,297.1818181818181,20246.8693962097
48138,A,0,A-Group (Fast),955,514.9090909090909,36589.1392903328
85099F,A,0,A-Group (Fast),948,1620.0,32696.0400619507
20727,A,0,A-Group (Fast),947,1213.090909090909,21274.9201472998
22139,A,0,A-Group (Fast),936,477.090909090909,25379.2695026398
20685,A,0,A-Group (Fast),919,468.5454545454545,34396.8893823624
22384,A,0,A-Group (Fast),916,979.3,15838.279950738
22386,A,0,A-Group (Fast),906,1585.9,29278.2701060772
47566,A,0,A-Group (Fast),902,850.7272727272727,46271.6004900932
22382,A,0,A-Group (Fast),889,910.1,14846.2199430466
21843,A,0,A-Group (Fast),886,351.090909090909,40650.7793874741
22411,A,0,A-Group (Fast),880,1279.4,23987.9401783943
20724,A,0,A-Group (Fast),873,1175.4545454545455,11742.0102926493
21231,A,0,A-Group (Fast),856,1046.2727272727273,14218.6697289944
22090,A,0,A-Group (Fast),843,785.4545454545454,26124.9799461365
21733,A,0,A-Group (Fast),833,763.9090909090909,23430.2499880791
22469,A,0,A-Group (Fast),831,1216.142857142857,14274.4899332523
21034,B,0,A-Group (Fast),827,154.9090909090909,1618.79997968674
85099C,A,0,A-Group (Fast),827,1376.2727272727273,27877.1800742149
22470,A,0,A-Group (Fast),825,884.4285714285714,17923.950160265
20728,A,0,A-Group (Fast),817,1110.5454545454545,19502.0401260853
84970S,A,0,A-Group (Fast),812,1429.2727272727273,12769.4201945066
21790,A,0,A-Group (Fast),801,939.5454545454544,8614.34025323391
20726,A,0,A-Group (Fast),800,1042.181818181818,18812.4600836039
21181,A,0,A-Group (Fast),777,980.8181818181818,21365.389670372
82482,A,0,A-Group (Fast),774,625.9090909090909,16283.0395092964
21621,A,0,A-Group (Fast),770,357.090909090909,34119.8698482513
22355,A,0,A-Group (Fast),757,1046.9090909090908,12499.1002219915
84992,A,0,A-Group (Fast),755,1668.181818181818,9265.83003139496
22356,A,0,A-Group (Fast),750,865.2727272727273,8536.20021486282
84836,A,0,A-Group (Fast),749,1133.7272727272727,15094.6497858763
22114,A,0,A-Group (Fast),731,410.7272727272727,18909.3501355648
22379,A,0,A-Group (Fast),730,757.8,16175.4497352839
21175,A,0,A-Group (Fast),729,694.090909090909,15061.139721632
22197,A,0,A-Group (Fast),719,2038.0909090909088,17895.9105921984
21535,A,0,A-Group (Fast),713,373.3636363636363,10364.6797597408
21213,A,0,A-Group (Fast),708,2056.8181818181815,11528.8100670576
22189,A,0,A-Group (Fast),699,623.2727272727273,22752.0201592445
48194,A,0,A-Group (Fast),687,367.7272727272727,24590.429599762
22111,A,0,A-Group (Fast),687,328.7272727272727,18162.7096710205
84946,A,0,A-Group (Fast),676,1230.2727272727273,17523.8396314383
85152,A,0,A-Group (Fast),674,663.4545454545454,13885.7297754288
22083,A,0,A-Group (Fast),673,728.9090909090909,22593.3999123573
21929,A,0,A-Group (Fast),655,1241.181818181818,24628.7600049973
20719,A,0,A-Group (Fast),655,916.6363636363636,9595.12021827698
22149,A,0,A-Group (Fast),652,467.5454545454545,10705.1997025013
22178,A,0,A-Group (Fast),649,1026.2727272727273,14033.6897902489
21928,A,0,A-Group (Fast),645,1138.8181818181818,22660.5999927521
22077,A,0,A-Group (Fast),642,584.5454545454545,10827.2899160385
20972,A,0,A-Group (Fast),641,1012.090909090909,13206.4697406292
82580,A,0,A-Group (Fast),635,619.090909090909,3657.97002756596
21975,A,0,A-Group (Fast),628,1604.6363636363635,8466.00002491474
84978,A,0,A-Group (Fast),626,758.2727272727273,10877.8298091888
22112,A,0,A-Group (Fast),626,314.4545454545454,17145.2696943283
22457,A,0,A-Group (Fast),621,610.75,14433.0200788975
84520B,A,0,A-Group (Fast),618,618.9090909090909,5901.51003921032
21527,A,0,A-Group (Fast),616,237.8181818181818,19266.8696451187
21210,A,0,A-Group (Fast),616,762.4545454545454,12018.710287571
47591D,A,0,A-Group (Fast),611,484.090909090909,9929.79011905193
21524,A,0,A-Group (Fast),610,294.090909090909,20317.1896343231
48187,A,0,A-Group (Fast),597,287.1818181818181,19726.1796264648
82486,A,0,A-Group (Fast),595,211.090909090909,17661.7295331955
84755,A,0,A-Group (Fast),593,2120.181818181818,14221.1599330902
21429,A,0,A-Group (Fast),589,342.8181818181818,6469.159943223
21791,A,0,A-Group (Fast),585,742.8181818181818,9821.72979569435
85150,A,0,A-Group (Fast),584,359.3636363636363,9964.51976799965
20723,A,0,A-Group (Fast),583,675.8181818181818,6713.11016845703
22352,A,0,A-Group (Fast),581,330.090909090909,9069.54977083206
21166,A,0,A-Group (Fast),577,745.3636363636363,14656.0703904629
21485,A,0,A-Group (Fast),575,270.090909090909,14281.4496831894
22381,A,0,A-Group (Fast),574,506.9,10629.229780674
21731,A,0,A-Group (Fast),574,1157.3636363636365,20881.120118618
82600,A,0,A-Group (Fast),572,526.5454545454545,11257.3298473358
20718,A,0,A-Group (Fast),569,687.090909090909,9440.32979416847
21559,A,0,A-Group (Fast),568,347.1818181818181,9417.14975047112
84997B,A,0,A-Group (Fast),565,423.3636363636363,17396.800154686
84970L,A,0,A-Group (Fast),562,945.6363636363636,9869.28005760908
21533,A,0,A-Group (Fast),561,163.6363636363636,8997.32978010178
48185,A,0,A-Group (Fast),560,274.1818181818181,20097.8796405792
22326,A,0,A-Group (Fast),559,569.8,16393.9399995804
22585,A,0,A-Group (Fast),553,1083.375,10830.6298789978
84997C,A,0,A-Group (Fast),553,425.6363636363636,17112.730162859
72741,A,0,A-Group (Fast),552,1137.8181818181818,17273.0402562618
20713,A,0,A-Group (Fast),549,737.7272727272727,15298.7700669765
71459,A,0,A-Group (Fast),547,1703.6363636363635,15367.9004992247
22528,A,0,A-Group (Fast),546,720.875,7457.20988798141
15056N,A,0,A-Group (Fast),545,626.1818181818181,33687.8791246414
84029E,A,0,A-Group (Fast),540,378.6363636363636,14602.9601659775
22348,A,0,A-Group (Fast),536,700.2727272727273,6433.79018974304
21523,A,0,A-Group (Fast),534,299.5454545454545,21610.4795970917
21930,A,0,A-Group (Fast),532,577.3636363636363,12031.5700993538
22086,A,0,A-Group (Fast),529,774.5454545454545,24566.4898412228
84997D,A,0,A-Group (Fast),526,459.1818181818181,18301.2902011871
22219,A,0,A-Group (Fast),524,448.1818181818181,4588.10009074211
37503,A,0,A-Group (Fast),522,273.8888888888888,25428.3297939301
22029,A,0,A-Group (Fast),522,757.6363636363636,3455.51996845007
22297,A,0,A-Group (Fast),519,757.9090909090909,10727.0099437237
20971,A,0,A-Group (Fast),519,824.9090909090909,10982.5197687149
21868,A,0,A-Group (Fast),512,560.1818181818181,7312.47994041443
22147,A,0,A-Group (Fast),511,497.0,7624.81015372276
21217,A,0,A-Group (Fast),509,143.8181818181818,15709.9396982193
21174,A,0,A-Group (Fast),509,450.7272727272727,9044.42010045052
22328,A,0,A-Group (Fast),507,532.1,14854.7099692822
22367,A,0,A-Group (Fast),501,351.0,6692.93009209633
21936,A,0,A-Group (Fast),500,335.5454545454545,10714.850007534
22551,A,0,A-Group (Fast),499,717.25,9397.54997885227
85232B,A,0,A-Group (Fast),497,236.9090909090909,13209.1996679306
82483,A,0,A-Group (Fast),497,194.6363636363636,11907.9196062088
21955,A,0,A-Group (Fast),496,239.7272727272727,15743.899728775
22417,A,0,A-Group (Fast),496,1148.2,5824.00002551079
84406B,A,0,A-Group (Fast),495,410.4545454545454,13613.4299993515
21622,A,0,A-Group (Fast),493,291.0,17335.7194818258
85014B,A,0,A-Group (Fast),491,364.4545454545454,18417.3795871735
22385,A,0,A-Group (Fast),489,743.4,13561.3000619411
21976,A,0,A-Group (Fast),488,765.9090909090909,4408.24002426863
21156,A,0,A-Group (Fast),488,427.8181818181818,8661.63007879257
22556,A,0,A-Group (Fast),486,706.0,9080.41997659206
21035,A,0,A-Group (Fast),485,256.3636363636363,8503.60004878044
84378,A,0,A-Group (Fast),481,429.1818181818181,6103.13996529579
15056BL,A,0,A-Group (Fast),477,565.0,29048.7392034531
22087,A,0,A-Group (Fast),474,347.4545454545454,11913.5599822998
21531,A,0,A-Group (Fast),473,202.9090909090909,5693.23986363411
22294,A,0,A-Group (Fast),473,862.9090909090909,11754.7798745632
21238,A,0,A-Group (Fast),472,479.7272727272727,4443.01012516022
82581,A,0,A-Group (Fast),471,395.2727272727272,2391.95003503561
82583,A,0,A-Group (Fast),471,433.4545454545454,9337.10990428925
20712,A,0,A-Group (Fast),470,664.090909090909,13926.6900837421
20754,A,0,A-Group (Fast),469,303.9090909090909,6725.87991762161
20711,A,0,A-Group (Fast),468,572.4545454545454,12005.6000692844
84270,A,0,A-Group (Fast),468,2064.454545454545,4776.62986183167
22353,A,0,A-Group (Fast),468,270.7272727272727,7758.97980618477
22055,A,0,A-Group (Fast),467,296.2727272727272,5602.11999642849
84692,A,0,A-Group (Fast),467,931.9090909090908,4484.93987882137
20676,A,0,A-Group (Fast),463,462.1818181818181,6228.53988361359
84988,A,0,A-Group (Fast),463,334.1818181818181,5711.02013468742
21218,A,0,A-Group (Fast),456,237.7272727272727,9817.10002350807
20750,A,0,A-Group (Fast),455,159.1818181818181,12771.4297456741
21314,A,0,A-Group (Fast),451,558.9090909090909,12663.2998790741
47590B,A,0,A-Group (Fast),450,300.090909090909,16692.4398856163
21165,A,0,A-Group (Fast),448,427.4545454545454,7374.52022171021
21172,A,0,A-Group (Fast),446,339.8181818181818,5362.47011828423
22198,A,0,A-Group (Fast),439,434.6363636363636,8237.67997026443
22196,A,0,A-Group (Fast),438,284.1818181818181,2834.2000656724
22557,A,0,A-Group (Fast),434,541.25,7016.24001836777
21121,A,0,A-Group (Fast),433,660.1818181818181,8869.5399107933
48111,A,0,A-Group (Fast),433,265.1818181818181,16912.0297336578
21155,A,0,A-Group (Fast),433,301.8181818181818,6576.04991054535
20975,A,0,A-Group (Fast),433,918.0,6530.87982869148
22554,A,0,A-Group (Fast),433,581.5,7684.92996537685
22027,A,0,A-Group (Fast),432,546.6363636363636,2561.93995890021
22624,A,0,A-Group (Fast),431,184.3333333333333,9460.88001823425
21908,A,0,A-Group (Fast),431,490.1818181818181,10285.3998682499
22082,A,0,A-Group (Fast),429,354.7272727272727,6329.84997475147
21985,A,0,A-Group (Fast),429,1456.3636363636365,6021.43993514776
22296,A,0,A-Group (Fast),428,529.4545454545454,9516.98995625973
21539,A,0,A-Group (Fast),426,147.0,8108.70984363556
21889,A,0,A-Group (Fast),425,442.8181818181818,6348.83991765976
47556B,A,0,A-Group (Fast),425,225.090909090909,7286.15006542206
84987,A,0,A-Group (Fast),424,415.8181818181818,6640.08017849922
22487,A,0,A-Group (Fast),424,94.875,7577.74988079071
21122,A,0,A-Group (Fast),419,567.1818181818181,7599.66992807388
15036,A,0,A-Group (Fast),416,1706.7272727272727,13149.4696811438
21498,A,0,A-Group (Fast),415,1302.2727272727273,5796.49985805154
22558,A,0,A-Group (Fast),415,681.5714285714286,5716.01988148689
82552,A,0,A-Group (Fast),413,345.5454545454545,4643.2499396801
21974,A,0,A-Group (Fast),411,417.0,6675.53014755249
21094,A,0,A-Group (Fast),411,901.9090909090908,7695.44000768662
47568,A,0,A-Group (Fast),410,264.8888888888888,4983.01989126205
84077,A,0,A-Group (Fast),407,3784.636363636364,8546.60995782912
22413,A,0,A-Group (Fast),406,298.7,7959.57005143166
22271,A,0,A-Group (Fast),406,224.0,7056.91005659103
22173,A,0,A-Group (Fast),406,194.6363636363636,6279.95003342628
21078,A,0,A-Group (Fast),406,398.090909090909,3576.0100351572
21239,A,0,A-Group (Fast),405,370.7272727272727,3480.18009287119
84050,A,0,A-Group (Fast),404,549.2727272727273,8854.68996286392
22617,A,0,A-Group (Fast),404,219.125,8421.78977489471
21240,A,0,A-Group (Fast),403,346.0,3234.06008690596
21154,A,0,A-Group (Fast),401,327.2727272727272,4814.32992959023
21900,A,0,A-Group (Fast),400,433.090909090909,3103.53988409042
22273,A,0,A-Group (Fast),399,206.6363636363636,6579.370033741
22666,A,0,A-Group (Fast),397,430.0,5131.60004138947
22561,A,0,A-Group (Fast),396,626.125,8198.0199649334
21164,A,0,A-Group (Fast),395,351.1818181818181,10474.8300085068
82484,A,0,A-Group (Fast),395,434.7142857142857,16527.6101446152
22553,A,0,A-Group (Fast),395,349.625,4588.27996659279
21481,A,0,A-Group (Fast),395,327.7272727272727,10261.6799557209
84839,A,0,A-Group (Fast),393,138.4545454545454,8747.05013751984
71477,A,0,A-Group (Fast),393,607.3636363636363,19253.2499933243
22064,A,0,A-Group (Fast),393,388.7272727272727,7047.93003165722
21937,A,0,A-Group (Fast),389,210.3636363636363,6912.11999607086
82551,A,0,A-Group (Fast),387,242.4545454545454,3453.96998286247
22646,A,0,A-Group (Fast),387,637.8333333333333,5558.81012868881
22464,A,0,A-Group (Fast),385,490.375,6640.50995790958
48184,A,0,A-Group (Fast),384,209.9090909090909,14203.1097192764
22150,A,0,A-Group (Fast),384,394.1818181818181,7719.74002456665
22502,A,0,A-Group (Fast),381,250.0,7390.73998069763
22295,A,0,A-Group (Fast),379,445.9090909090909,8040.60995018482
84029G,A,0,A-Group (Fast),379,210.6363636363636,8655.08013677597
21870,A,0,A-Group (Fast),378,352.4545454545454,4742.93992733955
47559B,A,0,A-Group (Fast),376,250.1818181818181,3425.24995565414
85014A,A,0,A-Group (Fast),374,301.1818181818181,14335.9097099304
20677,A,0,A-Group (Fast),374,349.090909090909,4687.00990605354
21673,A,0,A-Group (Fast),373,492.6363636363636,6879.40987634659
21672,A,0,A-Group (Fast),373,531.1818181818181,7259.91986823082
22607,A,0,A-Group (Fast),371,164.2857142857142,9869.97000789642
22073,A,0,A-Group (Fast),371,147.3636363636363,6456.86003494263
22507,A,0,A-Group (Fast),371,223.125,8384.86978816986
22212,A,0,A-Group (Fast),369,186.3636363636363,4179.03985929489
21912,A,0,A-Group (Fast),365,147.8181818181818,6327.10003709793
21086,A,0,A-Group (Fast),365,759.5454545454545,5207.44978260994
82578,B,0,A-Group (Fast),365,304.0,1801.5900169611
85066,A,0,A-Group (Fast),363,97.2727272727272,13179.5299444199
21918,A,0,A-Group (Fast),362,621.7272727272727,2810.48996853828
22195,A,0,A-Group (Fast),361,247.9090909090909,4647.21997153759
48188,A,0,A-Group (Fast),361,240.1818181818181,15237.9397592545
21888,A,0,A-Group (Fast),361,138.3636363636363,5992.34002542496
20974,A,0,A-Group (Fast),361,442.9090909090909,3257.71989774704
47566B,A,0,A-Group (Fast),360,277.7272727272727,13013.1301455498
21670,A,0,A-Group (Fast),360,386.0,5580.41993093491
84380,A,0,A-Group (Fast),359,372.1818181818181,5179.83991599083
22088,A,0,A-Group (Fast),359,215.5454545454545,6995.94001197815
22505,A,0,A-Group (Fast),359,234.625,8972.33978748322
21871,A,0,A-Group (Fast),358,503.6363636363636,6306.68999266624
22030,A,0,A-Group (Fast),358,562.090909090909,2530.77996945381
21907,A,0,A-Group (Fast),358,255.1,5324.49981784821
79321,A,0,A-Group (Fast),358,362.1818181818181,18924.3398752213
22131,A,0,A-Group (Fast),357,267.1818181818181,5455.09002661705
22630,A,0,A-Group (Fast),354,1016.5,7602.04007411003
21877,A,0,A-Group (Fast),354,731.4545454545454,8296.6799697876
22555,A,0,A-Group (Fast),353,590.0,7522.52999329567
21935,A,0,A-Group (Fast),352,321.9090909090909,6422.8800330162
21124,A,0,A-Group (Fast),351,481.3636363636363,6460.70994448662
22301,A,0,A-Group (Fast),351,234.9090909090909,6556.47984290123
21668,A,0,A-Group (Fast),351,401.090909090909,5810.34993624687
22380,A,0,A-Group (Fast),350,338.2,6829.11987006664
79323W,A,0,A-Group (Fast),349,300.4,18048.719622612
71053,A,0,A-Group (Fast),346,228.9090909090909,9345.56017398834
22061,A,0,A-Group (Fast),345,137.7272727272727,14156.6899328232
21390,A,0,A-Group (Fast),345,609.3636363636363,8277.22992610931
21411,A,0,A-Group (Fast),345,109.5454545454545,4931.46999835968
22488,A,0,A-Group (Fast),343,406.25,5470.01997590065
21669,A,0,A-Group (Fast),343,450.0,6242.24989509583
79029,A,0,A-Group (Fast),343,327.1111111111111,5473.82002568245
22499,A,0,A-Group (Fast),341,156.1111111111111,8488.65974922478
22444,A,0,A-Group (Fast),341,965.25,10023.8799564838
22329,A,0,A-Group (Fast),340,332.0,5379.55002236366
22629,A,0,A-Group (Fast),340,1062.0,7879.04008865356
20679,A,0,A-Group (Fast),337,378.090909090909,18399.3895730972
85049E,A,0,A-Group (Fast),337,258.090909090909,3684.99997615814
35961,A,0,A-Group (Fast),335,721.7272727272727,6410.36019361019
22188,A,0,A-Group (Fast),335,426.4545454545454,13495.5299696922
22508,A,0,A-Group (Fast),334,134.875,4242.3600127697
21901,A,0,A-Group (Fast),334,355.9090909090909,2514.72990345955
21385,A,0,A-Group (Fast),332,597.9090909090909,5580.85015070438
37448,A,0,A-Group (Fast),332,276.5454545454545,4537.14001464844
22084,A,0,A-Group (Fast),331,310.2727272727272,9371.22000217438
22625,A,0,A-Group (Fast),331,143.0,7413.65000867844
22151,A,0,A-Group (Fast),330,1004.090909090909,4639.69991722703
20675,A,0,A-Group (Fast),330,280.5454545454545,3759.92993688583
20749,A,0,A-Group (Fast),329,102.1818181818181,8273.77983283997
21891,A,0,A-Group (Fast),328,305.0,4201.12995433807
22584,A,0,A-Group (Fast),328,320.875,6496.15983486176
22227,A,0,A-Group (Fast),328,311.7272727272727,2462.23991847038
21484,A,0,A-Group (Fast),327,165.6363636363636,6226.30008745193
22467,A,0,A-Group (Fast),326,408.0,7591.60975337029
21380,A,0,A-Group (Fast),326,199.4545454545454,6516.05006456375
21216,A,0,A-Group (Fast),326,145.4545454545454,7901.90987491608
21509,B,0,A-Group (Fast),325,412.7272727272727,1840.50998455286
84949,A,0,A-Group (Fast),325,518.3636363636363,9111.36005985737
21114,A,0,A-Group (Fast),325,355.1818181818181,4986.01998329163
22333,A,0,A-Group (Fast),324,426.5454545454545,7287.65008163452
20979,A,0,A-Group (Fast),323,342.2727272727272,4732.24995040894
22910,A,0,A-Group (Fast),322,2065.5,11547.3899953365
21260,A,0,A-Group (Fast),321,198.0,7265.24004650116
22605,A,0,A-Group (Fast),321,143.8571428571428,11605.4298839569
82582,A,0,A-Group (Fast),320,261.9,5322.32986688614
21671,A,0,A-Group (Fast),318,434.8181818181818,5877.5898911953
22236,A,0,A-Group (Fast),318,71.3636363636363,9907.41995048523
22358,A,0,A-Group (Fast),318,187.9,5561.93000531197
22327,A,0,A-Group (Fast),318,176.0,5207.18002080917
21242,A,0,A-Group (Fast),317,324.5454545454545,5920.11017918587
21777,A,0,A-Group (Fast),317,84.8181818181818,7555.88981533051
22274,A,0,A-Group (Fast),315,195.2727272727272,5962.48001074791
22080,A,0,A-Group (Fast),315,216.7272727272727,3983.90996146202
20828,A,0,A-Group (Fast),314,260.1818181818181,6841.18979811668
35004C,A,0,A-Group (Fast),313,206.0,12368.9401507378
22366,A,0,A-Group (Fast),312,159.2,10081.4398293495
21980,A,0,A-Group (Fast),312,2117.0,6145.14994117618
20983,A,0,A-Group (Fast),311,255.090909090909,2461.34006226063
22275,A,0,A-Group (Fast),311,79.6363636363636,7338.98002815247
20717,A,0,A-Group (Fast),310,287.7272727272727,3853.4199347496
72760B,A,0,A-Group (Fast),309,100.9090909090909,10590.6297702789
79067,A,0,A-Group (Fast),308,119.1818181818181,5113.97002744675
21915,A,0,A-Group (Fast),308,1035.6363636363635,13058.7996165752
21506,A,0,A-Group (Fast),308,503.8181818181818,2272.13998168707
21892,A,0,A-Group (Fast),308,286.090909090909,4001.60995221138
82599,A,0,A-Group (Fast),308,159.090909090909,3705.71989631653
21259,A,0,A-Group (Fast),307,83.7272727272727,5534.04984092712
37449,A,0,A-Group (Fast),307,173.6666666666666,14869.5299272537
21844,A,0,A-Group (Fast),306,296.4545454545454,9354.80999422073
22072,A,0,A-Group (Fast),306,127.8181818181818,5784.83003330231
84832,A,0,A-Group (Fast),305,285.4545454545454,2793.61006855965
22456,A,0,A-Group (Fast),305,315.625,11179.5499391556
21186,A,0,A-Group (Fast),305,398.9090909090909,7109.74005329609
22570,A,0,A-Group (Fast),304,213.5,6632.53005838394
22645,A,0,A-Group (Fast),304,414.8333333333333,4056.00008964539
48129,A,0,A-Group (Fast),304,188.4545454545454,12495.129776001
22952,A,0,A-Group (Fast),304,4684.5,4803.58001995087
35400,A,0,A-Group (Fast),303,96.8181818181818,10165.4698228836
22569,A,0,A-Group (Fast),303,220.125,6607.06005239487
21508,B,0,A-Group (Fast),303,355.2727272727272,1629.8199826777
22079,A,0,A-Group (Fast),301,246.090909090909,4443.26997792721
21108,A,0,A-Group (Fast),300,216.2727272727272,6386.18987250328
22568,A,0,A-Group (Fast),300,177.875,5343.45003843308
21558,A,0,A-Group (Fast),299,160.3636363636363,4456.08989095688
22242,A,0,A-Group (Fast),298,332.7272727272727,5846.40001904964
48173C,A,0,A-Group (Fast),298,198.8181818181818,12789.7797875404
85049B,A,0,A-Group (Fast),298,179.4545454545454,2465.81999063492
84997A,A,0,A-Group (Fast),298,218.3636363636363,8988.9100921154
37370,A,0,A-Group (Fast),296,356.7272727272727,6055.81978702545
22300,A,0,A-Group (Fast),294,219.1818181818181,6005.73985099792
21899,A,0,A-Group (Fast),294,335.1818181818181,2360.82990968227
21911,A,0,A-Group (Fast),293,212.9090909090909,3718.87994623184
21989,A,0,A-Group (Fast),293,545.5454545454545,4381.38999319077
20682,A,0,A-Group (Fast),292,151.0,5390.65999627113
22245,A,0,A-Group (Fast),292,285.2727272727272,2731.90007090569
21507,B,0,A-Group (Fast),292,410.0,1870.55997872353
21258,A,0,A-Group (Fast),292,60.4545454545454,9640.41994380951
21136,A,0,A-Group (Fast),292,416.7272727272727,7657.3802523613
21544,A,0,A-Group (Fast),291,349.3636363636363,3142.29003632069
85042,A,0,A-Group (Fast),291,244.0,12229.6097993851
15060B,A,0,A-Group (Fast),289,74.6363636363636,4101.17004776001
22169,A,0,A-Group (Fast),289,86.9090909090909,8130.04002380371
21714,A,0,A-Group (Fast),288,235.1818181818181,3112.96997404099
22492,A,0,A-Group (Fast),288,2459.5,9450.65972721577
21519,B,0,A-Group (Fast),288,344.6363636363636,1648.12997716665
22667,A,0,A-Group (Fast),287,349.25,3962.75002884865
21561,A,0,A-Group (Fast),286,143.5454545454545,3898.57990169525
21381,A,0,A-Group (Fast),284,236.3636363636363,4402.16013026237
22909,A,0,A-Group (Fast),283,2634.5,4103.2600351572
22113,A,0,A-Group (Fast),282,155.9090909090909,6172.68007564545
21916,B,0,A-Group (Fast),281,401.7272727272727,1887.38996136189
21700,A,0,A-Group (Fast),281,378.1818181818181,4090.94010937214
85061W,A,0,A-Group (Fast),281,355.5454545454545,3350.4000467062
21407,A,0,A-Group (Fast),281,80.6363636363636,3955.21000862122
22489,A,0,A-Group (Fast),280,901.875,2955.84996446967
22303,A,0,A-Group (Fast),278,238.2727272727272,6358.2798306942
79000,A,0,A-Group (Fast),278,647.3636363636363,5834.79000651836
72351B,A,0,A-Group (Fast),277,298.1818181818181,6391.34992074966
21431,A,0,A-Group (Fast),277,134.6363636363636,2508.0599796772
21624,A,0,A-Group (Fast),277,135.3636363636363,8881.3698682785
22560,A,0,A-Group (Fast),276,708.25,6691.78987455368
22109,A,0,A-Group (Fast),276,128.5454545454545,5662.98006868362
22156,A,0,A-Group (Fast),275,313.090909090909,2978.55008125305
21934,A,0,A-Group (Fast),275,182.7272727272727,3426.17001497746
21874,A,0,A-Group (Fast),275,270.5454545454545,3562.47991323471
21590,A,0,A-Group (Fast),274,307.090909090909,4053.77994918823
22694,A,0,A-Group (Fast),274,459.0,3807.41986942291
22170,A,0,A-Group (Fast),274,104.9090909090909,7611.37991142273
21982,A,0,A-Group (Fast),274,2077.272727272727,7413.93996143341
21704,A,0,A-Group (Fast),274,865.1818181818181,7305.6702555418
22185,A,0,A-Group (Fast),273,201.090909090909,3637.62998712063
18098c,A,0,A-Group (Fast),271,98.9090909090909,3137.24001026154
22659,A,0,A-Group (Fast),271,391.25,5825.14003276825
84880,A,0,A-Group (Fast),270,116.5454545454545,7127.3197593689
21756,A,0,A-Group (Fast),270,91.7142857142857,3954.07988166809
20982,B,0,A-Group (Fast),270,203.1818181818181,1962.21005022526
22501,A,0,A-Group (Fast),269,139.5,8697.90988540649
22549,A,0,A-Group (Fast),269,320.125,3782.66009688377
48116,A,0,A-Group (Fast),269,167.4545454545454,10804.2998123169
22158,A,0,A-Group (Fast),268,264.3636363636363,8272.3400425911
85049A,A,0,A-Group (Fast),267,209.8181818181818,3022.63998436928
22023,B,0,A-Group (Fast),266,314.9090909090909,1414.27999195457
85175,A,0,A-Group (Fast),266,823.3636363636363,3817.45994397998
22665,A,0,A-Group (Fast),265,269.5,3305.70001792908
22276,A,0,A-Group (Fast),265,132.7272727272727,3684.82990932465
22644,A,0,A-Group (Fast),265,364.3333333333333,3324.58007788658
79323P,A,0,A-Group (Fast),264,227.7,13760.9297142029
47590A,A,0,A-Group (Fast),264,234.4545454545454,12719.3399915695
85049D,A,0,A-Group (Fast),264,151.5454545454545,2081.70999145508
22089,A,0,A-Group (Fast),264,179.4545454545454,5521.54001498222
84971S,A,0,A-Group (Fast),264,413.6363636363636,3788.60006928444
21243,A,0,A-Group (Fast),263,294.8181818181818,5247.87016320229
22431,A,0,A-Group (Fast),263,133.4444444444444,2552.55004501343
21890,A,0,A-Group (Fast),262,146.2727272727272,4755.94003653526
21770,A,0,A-Group (Fast),262,135.1,6873.46995735168
22620,A,0,A-Group (Fast),261,415.1666666666666,3187.92999005318
21500,A,0,A-Group (Fast),261,809.090909090909,3579.99991625547
22218,A,0,A-Group (Fast),261,111.5454545454545,5344.4100227356
21241,B,0,A-Group (Fast),260,201.1818181818181,1869.07005190849
21430,A,0,A-Group (Fast),260,113.8181818181818,4801.23004674912
84032A,A,0,A-Group (Fast),259,172.6363636363636,4016.75999927521
21623,A,0,A-Group (Fast),257,239.4444444444444,16841.3900136948
85065,A,0,A-Group (Fast),256,56.3636363636363,7524.43994998932
20970,A,0,A-Group (Fast),256,108.2727272727272,4453.4300339222
21071,A,0,A-Group (Fast),255,279.3636363636363,3341.62996864319
22059,A,0,A-Group (Fast),254,257.9090909090909,4076.8200070858
10002,A,0,A-Group (Fast),254,622.4545454545454,5427.18017435074
22357,A,0,A-Group (Fast),254,154.1,6854.72997093201
22621,A,0,A-Group (Fast),254,425.5,3692.51009583473
21577,A,0,A-Group (Fast),253,155.0,3734.38999915123
20966,A,0,A-Group (Fast),253,161.6363636363636,2514.21999120712
84947,A,0,A-Group (Fast),253,539.8181818181818,6979.19983506203
22215,A,0,A-Group (Fast),253,66.4545454545454,6245.04001331329
20829,A,0,A-Group (Fast),253,270.9090909090909,6132.80982065201
21169,A,0,A-Group (Fast),253,356.090909090909,6096.74019813538
84792,A,0,A-Group (Fast),252,121.5454545454545,5594.96002960205
22424,A,0,A-Group (Fast),252,100.6666666666666,7814.59994888306
21746,A,0,A-Group (Fast),252,241.0,3430.31996655464
21745,A,0,A-Group (Fast),252,151.0,5338.71002292633
22627,A,0,A-Group (Fast),251,109.1666666666666,5646.77000617981
21658,A,0,A-Group (Fast),251,99.5454545454545,4502.03007411957
48189,A,0,A-Group (Fast),251,116.7272727272727,7849.36985206604
22115,A,0,A-Group (Fast),251,117.3636363636363,3500.04001164436
20681,A,0,A-Group (Fast),250,105.090909090909,3824.49999713898
20977,A,0,A-Group (Fast),249,164.4545454545454,2417.44999504089
22623,A,0,A-Group (Fast),249,178.6666666666666,5192.56985187531
22622,A,0,A-Group (Fast),248,200.3333333333333,11282.7698707581
22699,A,0,A-Group (Fast),248,789.0,6692.73001527786
84032B,A,0,A-Group (Fast),247,173.5454545454545,3924.08000779152
21363,A,0,A-Group (Fast),245,67.7,3527.17988967896
85049C,A,0,A-Group (Fast),245,146.4545454545454,2034.32999897003
22045,A,0,A-Group (Fast),243,653.6363636363636,2979.79991406202
22534,A,0,A-Group (Fast),243,895.75,2948.00996154547
21116,A,0,A-Group (Fast),243,51.4545454545454,3323.07995700836
22427,A,0,A-Group (Fast),242,157.0,5656.51982307434
84375,A,0,A-Group (Fast),242,249.1818181818181,5301.09006333351
21715,A,0,A-Group (Fast),241,195.3636363636363,5271.28988480568
22652,A,0,A-Group (Fast),241,675.0,4417.41997539997
21914,A,0,A-Group (Fast),241,267.8181818181818,3852.27999973297
22521,B,0,A-Group (Fast),240,200.375,1394.58003628254
21033,A,0,A-Group (Fast),240,231.7272727272727,4955.2100148201
84945,A,0,A-Group (Fast),240,780.7272727272727,6933.96022820473
20969,A,0,A-Group (Fast),240,97.3636363636363,4029.76003336906
21488,A,0,A-Group (Fast),240,130.6363636363636,5563.79007148743
22037,B,0,A-Group (Fast),239,249.2727272727272,1169.62996989489
21479,A,0,A-Group (Fast),239,111.2727272727272,5057.48006010056
21326,A,0,A-Group (Fast),239,519.4545454545454,3710.61992967129
22179,A,0,A-Group (Fast),239,86.4545454545454,6414.26992034912
21875,A,0,A-Group (Fast),239,420.9090909090909,5263.23995780945
22331,A,0,A-Group (Fast),239,156.9090909090909,2874.48998773098
20751,A,0,A-Group (Fast),238,154.8181818181818,3631.01985692978
22365,A,0,A-Group (Fast),238,144.0,8786.83985137939
22078,A,0,A-Group (Fast),238,200.1818181818181,4635.49984002113
22865,A,0,A-Group (Fast),238,932.5,4042.82985544205
22697,A,0,A-Group (Fast),238,592.0,5329.35998749733
21115,A,0,A-Group (Fast),238,56.9090909090909,4349.26997184753
22244,A,0,A-Group (Fast),237,240.090909090909,5050.89004564285
22649,A,0,A-Group (Fast),237,218.5,6406.93983459473
21716,A,0,A-Group (Fast),237,201.5454545454545,5330.70988559723
21876,A,0,A-Group (Fast),237,145.6363636363636,2131.02998828888
21472,A,0,A-Group (Fast),235,81.4545454545454,3451.05000257492
22567,A,0,A-Group (Fast),235,351.5,3315.67992806435
21042,A,0,A-Group (Fast),235,80.7272727272727,5210.94989776611
37450,A,0,A-Group (Fast),234,140.1818181818181,4394.1999874115
84580,A,0,A-Group (Fast),234,52.090909090909,2206.82001018524
21486,A,0,A-Group (Fast),234,84.9090909090909,2934.73002386093
84510A,B,0,A-Group (Fast),233,105.2727272727272,1575.15999746323
20674,A,0,A-Group (Fast),233,159.7272727272727,2207.20998215675
21432,A,0,A-Group (Fast),232,85.090909090909,5386.66982269287
21718,A,0,A-Group (Fast),232,227.9090909090909,3094.36998307705
22636,A,0,A-Group (Fast),232,139.1666666666666,6767.94000434875
85047,A,0,A-Group (Fast),232,95.0,6626.23000669479
22207,A,0,A-Group (Fast),232,129.0,6029.26998519897
21781,A,0,A-Group (Fast),231,39.6363636363636,6679.09993171692
37495,A,0,A-Group (Fast),231,95.9090909090909,3891.54001092911
84536A,B,0,A-Group (Fast),231,156.7272727272727,780.959979474545
22635,A,0,A-Group (Fast),231,135.0,7596.56991291046
21100,A,0,A-Group (Fast),231,220.9090909090909,3491.9800093174
84691,A,0,A-Group (Fast),231,227.7272727272727,2051.0000616312
22171,A,0,A-Group (Fast),231,102.0,8232.91006278992
21491,A,0,A-Group (Fast),231,243.1818181818181,5014.36006069183
22435,A,0,A-Group (Fast),230,268.1428571428571,2375.86999297142
20981,A,0,A-Group (Fast),230,227.1818181818181,2115.48005890846
16156S,A,0,A-Group (Fast),230,919.181818181818,3932.61993291974
22520,B,0,A-Group (Fast),230,186.875,1318.75003349781
22378,A,0,A-Group (Fast),230,133.4,2880.97992360592
21497,A,0,A-Group (Fast),229,752.2727272727273,3285.49993112683
22241,A,0,A-Group (Fast),229,215.7272727272727,3221.72998762131
22335,A,0,A-Group (Fast),228,513.0,3503.11995792389
72351A,A,0,A-Group (Fast),228,195.1818181818181,4308.42993354797
22662,A,0,A-Group (Fast),228,650.0,4105.44001913071
22412,A,0,A-Group (Fast),228,131.6,2837.23992371559
21244,A,0,A-Group (Fast),228,242.5454545454545,4315.81013727188
37447,A,0,A-Group (Fast),227,171.8181818181818,2935.74000549316
20978,A,0,A-Group (Fast),227,167.8181818181818,2445.11998534203
22616,A,0,A-Group (Fast),227,1313.0,2290.77994757891
22525,B,0,A-Group (Fast),226,166.5,1899.6999874115
21981,A,0,A-Group (Fast),226,1828.636363636364,5284.14996445179
22432,A,0,A-Group (Fast),225,191.6666666666666,3203.37002778053
48197,A,0,A-Group (Fast),225,112.25,5905.63989448547
22866,A,0,A-Group (Fast),225,1101.0,4569.70986270905
21986,A,0,A-Group (Fast),225,777.8181818181818,3267.41996905208
20973,A,0,A-Group (Fast),225,545.5,2892.21992325783
21713,A,0,A-Group (Fast),225,174.5454545454545,3264.6699296236
21137,A,0,A-Group (Fast),225,521.6363636363636,19935.8505268097
21902,B,0,A-Group (Fast),225,276.2727272727272,1909.77992427349
16237,B,0,A-Group (Fast),225,398.9090909090909,959.879974171519
22759,A,0,A-Group (Fast),223,840.3333333333333,4134.68998277187
22588,A,0,A-Group (Fast),223,442.5,4405.95989704132
85040A,B,0,A-Group (Fast),223,94.1818181818181,1834.08998024464
22203,A,0,A-Group (Fast),223,86.1818181818181,3771.91001200676
22318,A,0,A-Group (Fast),223,92.6363636363636,3123.70003414154
21866,B,0,A-Group (Fast),223,108.4545454545454,1927.22998142242
22498,A,0,A-Group (Fast),222,86.7777777777777,4672.4398651123
22465,A,0,A-Group (Fast),222,256.25,3411.05997061729
84884A,A,0,A-Group (Fast),222,119.9090909090909,4724.61004447937
21499,A,0,A-Group (Fast),221,656.8181818181818,2906.4999319613
22180,A,0,A-Group (Fast),221,51.9090909090909,5795.25990772247
20961,A,0,A-Group (Fast),221,155.1818181818181,2202.40998101234
22063,A,0,A-Group (Fast),220,150.9090909090909,4793.84997558594
85049G,A,0,A-Group (Fast),219,182.5454545454545,2448.13997507095
21578,A,0,A-Group (Fast),219,117.6363636363636,3025.41999673843
20658,B,0,A-Group (Fast),218,97.8181818181818,1490.37999629974
21833,A,0,A-Group (Fast),218,259.4545454545454,4933.45013904572
21703,B,0,A-Group (Fast),218,403.7272727272727,1806.91999170184
22429,A,0,A-Group (Fast),218,118.0,4013.92000961304
22130,A,0,A-Group (Fast),218,356.6363636363636,3439.85009515285
35970,A,0,A-Group (Fast),218,394.625,5147.41011476517
22734,A,0,A-Group (Fast),218,1830.0,8792.74975395203
21328,B,0,A-Group (Fast),218,67.9090909090909,1459.24997663498
21041,A,0,A-Group (Fast),217,132.6363636363636,4261.08000564575
22441,A,0,A-Group (Fast),217,179.5,3071.12988615036
21592,A,0,A-Group (Fast),217,296.2727272727272,3845.74993133545
21906,A,0,A-Group (Fast),216,102.8181818181818,7861.4100151062
22595,A,0,A-Group (Fast),216,1110.25,3645.16010868549
22867,A,0,A-Group (Fast),215,980.5,4087.36988306046
20963,A,0,A-Group (Fast),215,143.6363636363636,2062.48998093605
82597,A,0,A-Group (Fast),214,109.9090909090909,2565.44992685318
37446,A,0,A-Group (Fast),214,263.25,3011.81003069878
21257,A,0,A-Group (Fast),213,69.3636363636363,6042.55983066559
21917,B,0,A-Group (Fast),213,329.2727272727272,1521.02996340394
22634,A,0,A-Group (Fast),213,124.8333333333333,7024.74991703033
22028,B,0,A-Group (Fast),213,252.3636363636363,1145.43998599052
22272,A,0,A-Group (Fast),212,90.8181818181818,2774.54001760483
22371,A,0,A-Group (Fast),212,60.6666666666666,2950.63996267319
22199,A,0,A-Group (Fast),212,116.5454545454545,5196.28003311157
21179,A,0,A-Group (Fast),212,202.090909090909,2040.19998645782
22243,A,0,A-Group (Fast),212,349.5454545454545,5964.80007171631
22224,A,0,A-Group (Fast),211,116.4545454545454,4050.06002402306
22606,A,0,A-Group (Fast),211,102.2857142857142,9618.52991199493
22698,A,0,A-Group (Fast),211,703.3333333333333,5954.66001415253
22468,A,0,A-Group (Fast),210,124.75,6422.8199005127
85064,A,0,A-Group (Fast),210,79.8181818181818,4399.42998981476
21098,A,0,A-Group (Fast),210,235.4545454545454,3849.89993429184
47580,A,0,A-Group (Fast),210,104.7272727272727,2857.16992235184
22583,A,0,A-Group (Fast),210,136.0,2844.90994429588
22132,B,0,A-Group (Fast),209,196.2727272727272,1908.78004789352
72008,B,0,A-Group (Fast),209,340.7272727272727,1501.57998979092
84975,A,0,A-Group (Fast),208,180.1818181818181,3252.88009476662
22332,A,0,A-Group (Fast),208,273.9090909090909,4644.13006365299
85049F,B,0,A-Group (Fast),207,135.2727272727272,1879.01999974251
22349,A,0,A-Group (Fast),207,94.8181818181818,4099.97001647949
22283,A,0,A-Group (Fast),206,62.4545454545454,5424.23986530304
21135,A,0,A-Group (Fast),205,255.7272727272727,4825.37016010284
21933,A,0,A-Group (Fast),205,128.9090909090909,4047.5799806118
21988,A,0,A-Group (Fast),205,473.5454545454545,3740.279992342
21679,A,0,A-Group (Fast),205,324.1818181818181,2855.96009147167
22361,A,0,A-Group (Fast),204,110.625,2787.13998866081
22418,A,0,A-Group (Fast),204,738.8333333333333,3736.38010597229
22377,A,0,A-Group (Fast),204,217.2,4498.64995384216
22035,B,0,A-Group (Fast),204,214.8181818181818,1003.95998120308
21272,A,0,A-Group (Fast),204,153.0,2154.50998234749
22202,A,0,A-Group (Fast),203,73.1818181818181,3269.9300198555
22668,A,0,A-Group (Fast),202,308.75,3688.29002523422
22024,B,0,A-Group (Fast),202,234.4545454545454,1070.68998855352
85038,A,0,A-Group (Fast),201,123.4545454545454,2819.07994365692
84849B,A,0,A-Group (Fast),201,142.5454545454545,2587.92007803917
22168,A,0,A-Group (Fast),201,42.2727272727272,3837.13000535965
21864,A,0,A-Group (Fast),201,84.1818181818181,2072.22995376587
22121,A,0,A-Group (Fast),201,83.0,5551.02985668182
85206A,A,0,A-Group (Fast),200,133.9,2387.45998227596
21541,B,0,A-Group (Fast),200,173.2727272727272,1635.39003252983
21214,A,0,A-Group (Fast),199,182.3636363636363,2920.82005548477
21987,A,0,A-Group (Fast),199,380.3636363636363,2560.37989282608
20960,A,0,A-Group (Fast),199,168.8181818181818,2443.20999574661
85040B,A,0,A-Group (Fast),198,205.2727272727272,3500.46004605293
22523,B,0,A-Group (Fast),198,158.25,1084.81002938747
22485,A,0,A-Group (Fast),197,69.0,7079.57996177673
22631,A,0,A-Group (Fast),197,250.25,3829.29005527496
84347,A,0,A-Group (Fast),197,864.6363636363636,19184.279542923
22315,B,0,A-Group (Fast),196,107.1818181818181,1478.06998419762
22637,A,0,A-Group (Fast),196,211.3333333333333,3190.90992546082
21504,B,0,A-Group (Fast),195,255.2727272727272,1131.94999217987
21355,A,0,A-Group (Fast),195,225.090909090909,2984.15995550156
21361,A,0,A-Group (Fast),195,46.4444444444444,5435.03997802734
21329,B,0,A-Group (Fast),195,77.7272727272727,1496.66997933388
85199S,B,0,A-Group (Fast),195,260.3636363636363,1268.34997725487
21903,A,0,A-Group (Fast),195,198.1818181818181,4196.03993201256
21330,A,0,A-Group (Fast),194,129.8181818181818,2414.47000062466
22752,A,0,A-Group (Fast),194,341.6666666666666,8428.14004325867
22494,B,0,A-Group (Fast),194,151.1,1925.94999408722
21787,A,0,A-Group (Fast),193,717.625,4349.38997864723
21077,A,0,A-Group (Fast),192,279.0,2058.10000252724
21495,A,0,A-Group (Fast),192,547.7272727272727,2510.49992516637
46000M,A,0,A-Group (Fast),192,125.4545454545454,2138.99993419647
22437,A,0,A-Group (Fast),192,493.4285714285714,2834.62008500099
47591B,B,0,A-Group (Fast),191,68.4545454545454,1216.87999343872
21832,A,0,A-Group (Fast),191,181.6363636363636,3348.19999694824
22122,A,0,A-Group (Fast),191,121.6666666666666,3290.08003091812
22200,A,0,A-Group (Fast),191,66.3636363636363,3274.46000862122
22350,A,0,A-Group (Fast),191,117.1818181818181,3449.43991971016
21967,A,0,A-Group (Fast),190,894.0,2642.37996929884
21542,B,0,A-Group (Fast),190,170.6363636363636,1600.75003278255
20702,A,0,A-Group (Fast),189,55.0,2531.97000026703
22354,A,0,A-Group (Fast),189,131.8181818181818,5488.58005475998
22563,A,0,A-Group (Fast),189,299.375,2759.08992505074
21984,A,0,A-Group (Fast),189,1945.4545454545453,5764.13996917009
21333,A,0,A-Group (Fast),188,81.5454545454545,2711.21003127098
21357,B,0,A-Group (Fast),188,121.5454545454545,1764.00999474525
22119,A,0,A-Group (Fast),188,40.5454545454545,3086.44992160797
22524,B,0,A-Group (Fast),188,147.375,1629.98999190331
21932,A,0,A-Group (Fast),188,101.5454545454545,3394.04998588562
84990,A,0,A-Group (Fast),187,378.9090909090909,2027.54999655485
22026,B,0,A-Group (Fast),187,197.0,907.809983819723
22110,A,0,A-Group (Fast),186,109.9090909090909,2832.91998004913
20886,A,0,A-Group (Fast),186,110.6363636363636,2396.44003808498
22522,B,0,A-Group (Fast),186,156.625,1083.19002902508
21786,B,0,A-Group (Fast),185,460.7272727272727,1923.16995301843
22172,A,1,B-Group (Medium),185,37.8,3451.8199930191
22835,A,0,A-Group (Fast),185,447.0,4219.26005840302
21452,A,0,A-Group (Fast),185,115.375,2751.79002404213
22302,A,0,A-Group (Fast),184,236.090909090909,5358.15993404388
21563,A,0,A-Group (Fast),184,114.090909090909,3668.42001867294
21482,A,0,A-Group (Fast),184,67.2727272727272,2296.76001048088
47567B,A,0,A-Group (Fast),184,100.7272727272727,6004.35993719101
15056P,A,0,A-Group (Fast),184,137.1818181818181,6936.32983589172
84536B,C,0,A-Group (Fast),184,106.4545454545454,567.649987339973
22070,A,0,A-Group (Fast),183,71.7272727272727,2979.59000682831
22433,A,0,A-Group (Fast),183,146.0,2380.0200176239
85231B,B,0,A-Group (Fast),182,83.2727272727272,836.740020751953
22663,A,0,A-Group (Fast),182,497.5,3716.54004025459
47570B,A,0,A-Group (Fast),182,61.090909090909,6939.11978244781
47599A,A,0,A-Group (Fast),181,297.090909090909,6057.55000257492
22145,A,0,A-Group (Fast),181,109.6363636363636,2529.99993038177
21829,B,0,A-Group (Fast),181,594.090909090909,1407.62996776402
22619,A,0,A-Group (Fast),181,176.5,3969.7200217247
21110,A,0,A-Group (Fast),181,45.7272727272727,3670.38996601105
21327,B,0,A-Group (Fast),180,76.5454545454545,1464.68997919559
46000S,A,0,A-Group (Fast),180,166.0,2647.70008707047
22654,A,0,A-Group (Fast),180,188.5,4508.13986206055
17003,A,0,A-Group (Fast),180,3336.909090909091,6716.29987108707
22125,A,0,A-Group (Fast),180,160.0,3949.22988700867
85206B,A,0,A-Group (Fast),179,304.8,2454.20000648499
22057,A,0,A-Group (Fast),179,213.8181818181818,3136.60999727249
85068,A,0,A-Group (Fast),179,67.4545454545454,5284.17986106873
22360,A,0,A-Group (Fast),179,102.6363636363636,3320.07998752594
21992,A,0,A-Group (Fast),179,105.5454545454545,2536.58000040054
47505,A,0,A-Group (Fast),178,105.2857142857142,3527.419921875
72807c,A,0,A-Group (Fast),178,93.2727272727272,4586.41996765137
35832,A,0,A-Group (Fast),177,144.6363636363636,4902.27007007599
21313,A,0,A-Group (Fast),177,284.2727272727272,2642.36000394821
21447,A,0,A-Group (Fast),177,153.2727272727272,2212.01997113228
84596B,B,0,A-Group (Fast),177,96.3636363636363,1350.96998417377
22415,A,1,B-Group (Medium),177,24.8181818181818,2170.34994792938
21107,A,0,A-Group (Fast),176,107.0,3476.37999844551
20752,B,0,A-Group (Fast),176,92.6363636363636,1773.35995578766
21614,A,0,A-Group (Fast),174,134.1818181818181,4106.12000489235
22220,A,1,B-Group (Medium),174,43.9090909090909,4745.1399269104
82567,B,1,B-Group (Medium),174,40.090909090909,962.749967932701
85063,A,1,B-Group (Medium),174,26.9090909090909,5208.04012203217
22278,A,0,A-Group (Fast),174,50.1818181818181,2908.4999332428
16161P,A,0,A-Group (Fast),173,486.090909090909,2197.97993984818
21171,B,0,A-Group (Fast),173,118.4545454545454,1810.51003193855
22518,A,0,A-Group (Fast),172,125.625,2046.92996954918
21534,A,0,A-Group (Fast),172,46.8181818181818,2638.68993854523
22133,B,0,A-Group (Fast),172,142.8181818181818,1411.09003376961
85216,A,0,A-Group (Fast),171,246.2727272727272,2056.24993216991
22550,A,0,A-Group (Fast),171,100.375,3067.95000171661
22419,B,0,A-Group (Fast),171,355.1666666666666,973.809999316931
35001W,A,0,A-Group (Fast),171,69.5454545454545,2445.93001246452
37502,A,0,A-Group (Fast),171,108.5,2599.7900185585
22530,A,0,A-Group (Fast),171,699.25,2226.28999111056
85174,A,0,A-Group (Fast),171,66.7272727272727,3678.33994674683
21587,A,0,A-Group (Fast),170,134.0,3693.89992284775
79323LP,A,0,A-Group (Fast),170,130.2727272727272,8481.18980979919
20967,A,0,A-Group (Fast),170,59.090909090909,2440.53001356125
22748,A,0,A-Group (Fast),169,574.0,2323.89994335175
84509A,A,0,A-Group (Fast),169,54.9090909090909,2406.19000101089
22596,A,0,A-Group (Fast),169,707.75,2340.38006961346
21826,B,0,A-Group (Fast),169,128.1818181818181,1790.27998638153
21973,A,0,A-Group (Fast),168,132.0,2097.8100464344
21922,A,0,A-Group (Fast),168,75.0,4077.75990104675
22191,A,1,B-Group (Medium),168,38.4545454545454,3483.3000125885
84670,B,0,A-Group (Fast),167,418.5454545454545,1905.99997055531
21774,B,0,A-Group (Fast),167,53.9090909090909,927.239991188049
21584,A,0,A-Group (Fast),167,195.9090909090909,3459.74998295307
22374,A,1,B-Group (Medium),167,41.0,2174.71997308731
22812,A,0,A-Group (Fast),167,1080.0,4107.58006095886
21428,A,0,A-Group (Fast),166,142.9090909090909,6152.640001297
85227,B,0,A-Group (Fast),166,150.5454545454545,1433.69002735615
22618,A,0,A-Group (Fast),166,65.125,5022.10988903046
21537,A,0,A-Group (Fast),166,52.8181818181818,2530.21000289917
22136,A,0,A-Group (Fast),165,134.2727272727272,2430.77998995781
16161U,A,0,A-Group (Fast),165,495.5454545454545,2189.41994938254
22222,A,1,B-Group (Medium),165,36.2727272727272,2101.629945755
20665,A,0,A-Group (Fast),165,68.3636363636363,2331.29002761841
21865,B,0,A-Group (Fast),165,49.9090909090909,1296.55995845795
22175,A,0,A-Group (Fast),165,77.1818181818181,2386.10001373291
22548,B,0,A-Group (Fast),165,145.75,1572.67999720573
22602,A,0,A-Group (Fast),164,832.0,2645.32008552551
85217,B,0,A-Group (Fast),164,286.9,1981.84992790222
20703,B,1,B-Group (Medium),164,42.2727272727272,1967.97000026703
21737,A,1,B-Group (Medium),164,36.1818181818181,7362.6603012085
22739,A,0,A-Group (Fast),164,785.5,2595.3599858284
21356,B,0,A-Group (Fast),164,71.8181818181818,1079.35999560356
85062,A,0,A-Group (Fast),164,201.9090909090909,3582.49001455307
22480,B,0,A-Group (Fast),163,194.625,1880.84997797012
22174,A,0,A-Group (Fast),163,106.3636363636363,2335.86997509003
21878,A,0,A-Group (Fast),162,368.75,2313.37007594109
22536,B,0,A-Group (Fast),162,504.875,1651.98997175694
22577,B,0,A-Group (Fast),162,490.75,1692.04004514217
47591C,A,0,A-Group (Fast),162,117.2222222222222,2029.27001833916
22364,A,0,A-Group (Fast),162,174.0,4329.03005719185
22284,A,0,A-Group (Fast),161,136.7272727272727,2359.43996858597
21470,A,0,A-Group (Fast),161,59.8181818181818,2465.01000452042
22021,B,0,A-Group (Fast),161,208.4,1809.95999133587
72349B,A,0,A-Group (Fast),161,105.5454545454545,2393.83995723724
22519,B,0,A-Group (Fast),161,124.125,2017.91996693611
22578,B,0,A-Group (Fast),161,439.0,1507.99004077911
84279P,A,0,A-Group (Fast),160,66.4545454545454,2753.33003902435
21245,A,0,A-Group (Fast),160,130.7272727272727,2381.55007457733
22755,B,0,A-Group (Fast),160,419.6666666666666,1064.06002938747
21069,A,0,A-Group (Fast),160,266.4545454545454,2839.41002202034
22478,B,0,A-Group (Fast),159,144.875,1532.71000051498
82607A,B,0,A-Group (Fast),159,60.2727272727272,923.719990968704
22531,B,0,A-Group (Fast),159,510.125,1658.3999761045
22067,A,0,A-Group (Fast),157,119.0,2148.23000752926
20716,B,0,A-Group (Fast),157,96.6363636363636,1360.34999489784
84078A,A,0,A-Group (Fast),156,59.5454545454545,25342.9605522156
22065,A,0,A-Group (Fast),156,140.3636363636363,2266.12005138397
21896,A,0,A-Group (Fast),156,120.6363636363636,2490.58994603157
21067,A,0,A-Group (Fast),156,391.6363636363636,3114.96001029015
22483,A,0,A-Group (Fast),155,114.75,2607.46000957489
21068,A,0,A-Group (Fast),155,207.8181818181818,2147.99999928474
22321,B,0,A-Group (Fast),155,134.9090909090909,1340.95002949238
21667,A,1,B-Group (Medium),155,31.2727272727272,5960.75010871887
21872,A,0,A-Group (Fast),155,330.6363636363636,3496.63002967834
22726,B,0,A-Group (Fast),155,258.0,2011.34000015259
21215,B,0,A-Group (Fast),154,288.0,1710.59000885487
21564,A,0,A-Group (Fast),154,77.8181818181818,2533.57002568245
85067,A,1,B-Group (Medium),154,33.4545454545454,6381.20019626617
84828,B,0,A-Group (Fast),154,121.0,1673.70998573303
22669,A,0,A-Group (Fast),154,240.75,2865.9700319767
22727,A,0,A-Group (Fast),154,311.5,2383.26000642776
79160,B,1,B-Group (Medium),153,40.090909090909,1065.45997405052
22582,A,0,A-Group (Fast),153,155.5,3127.51992988586
22120,A,1,B-Group (Medium),153,38.2727272727272,4303.01992988586
84534B,B,0,A-Group (Fast),153,61.5454545454545,641.900013208389
22262,B,0,A-Group (Fast),153,87.9090909090909,952.990016818047
21529,B,1,B-Group (Medium),152,50.3,1790.44001746178
22745,A,0,A-Group (Fast),152,546.5,2229.93994951248
22950,A,0,A-Group (Fast),152,1538.0,4231.60008430481
84212,A,0,A-Group (Fast),151,1289.181818181818,6815.27977585793
22071,A,0,A-Group (Fast),151,62.8181818181818,2572.04001140594
22251,B,0,A-Group (Fast),151,102.0,1376.85997080803
22334,A,0,A-Group (Fast),151,134.1818181818181,2314.10001301765
21383,B,0,A-Group (Fast),151,109.1818181818181,828.31997525692
22192,A,1,B-Group (Medium),150,36.2727272727272,3296.73001337051
21384,B,0,A-Group (Fast),150,319.5,1810.19004642963
22575,A,0,A-Group (Fast),150,366.25,2762.27004623413
79320,A,0,A-Group (Fast),150,90.4,4357.37993621826
22341,A,0,A-Group (Fast),150,216.3636363636363,3926.67998671532
22661,B,0,A-Group (Fast),150,553.5,1768.27005648613
47599B,A,0,A-Group (Fast),150,192.5,3649.07995843887
21768,A,1,B-Group (Medium),150,40.7272727272727,6152.14989185333
22398,B,0,A-Group (Fast),150,172.25,1738.3399977684
22497,A,0,A-Group (Fast),150,61.8,2639.80000400543
22443,A,0,A-Group (Fast),150,55.875,3445.1099357605
21126,B,0,A-Group (Fast),149,151.090909090909,1510.25999379158
22041,A,0,A-Group (Fast),149,238.6363636363636,5984.1397767067
22493,A,0,A-Group (Fast),149,315.5,2976.30001544952
84596F,B,0,A-Group (Fast),148,82.0,1142.78998565674
21556,B,1,B-Group (Medium),148,47.2727272727272,1412.83997893333
70006,A,0,A-Group (Fast),148,150.0,2102.90000033379
21611,A,0,A-Group (Fast),148,68.1818181818181,2182.19002079964
84510B,B,0,A-Group (Fast),148,130.2222222222222,1483.19997286797
22399,A,0,A-Group (Fast),148,322.375,3021.78993606567
21983,B,0,A-Group (Fast),148,327.090909090909,1027.67997708917
85199L,B,0,A-Group (Fast),148,173.3636363636363,1263.30995237827
22571,B,0,A-Group (Fast),147,534.75,1787.01005065441
84568,A,0,A-Group (Fast),147,2017.636363636364,4629.91993059218
35004B,A,0,A-Group (Fast),147,77.4545454545454,3627.69003582001
21625,A,1,B-Group (Medium),147,49.3636363636363,3839.36990737915
21591,B,0,A-Group (Fast),147,145.5454545454545,1996.68999862671
84279B,A,0,A-Group (Fast),146,88.0,2302.22002601624
22593,B,0,A-Group (Fast),146,564.5,1903.64005303383
22600,B,0,A-Group (Fast),146,618.25,2017.03006136417
85178,A,0,A-Group (Fast),146,242.1818181818181,2885.76002717018
22712,B,0,A-Group (Fast),145,282.1666666666666,716.50999468565
21471,A,0,A-Group (Fast),145,65.090909090909,2679.92000722885
84535B,B,0,A-Group (Fast),145,101.4545454545454,741.179976701736
21466,A,1,B-Group (Medium),145,51.5454545454545,2146.09000301361
21203,A,0,A-Group (Fast),145,171.0,2527.00000929832
21735,A,1,B-Group (Medium),144,51.8181818181818,7411.62997245789
84912A,A,0,A-Group (Fast),144,82.9090909090909,2352.22998738289
22025,B,0,A-Group (Fast),144,170.3636363636363,775.739991754293
22231,B,0,A-Group (Fast),144,96.4545454545454,1574.56003260612
21680,B,0,A-Group (Fast),144,168.9090909090909,1575.45004183054
22632,A,0,A-Group (Fast),144,1824.0,7035.34995603561
22107,A,1,B-Group (Medium),144,48.9090909090909,2187.91001939774
22491,A,0,A-Group (Fast),144,535.8333333333333,2544.53008341789
22562,A,0,A-Group (Fast),144,249.0,2276.15993404388
85048,A,0,A-Group (Fast),143,61.1818181818181,5296.47988128662
84837,A,1,B-Group (Medium),143,27.8888888888888,3210.04000091553
15039,A,0,A-Group (Fast),143,265.9090909090909,2289.8299703598
21410,B,1,B-Group (Medium),143,27.3636363636363,1390.4300031662
21494,A,0,A-Group (Fast),143,123.6363636363636,2120.47999155521
22426,A,0,A-Group (Fast),143,76.2857142857142,2046.65000748634
21846,A,0,A-Group (Fast),143,102.4545454545454,2451.04998779297
15044A,A,0,A-Group (Fast),143,408.090909090909,11721.6798219681
84989A,B,0,A-Group (Fast),143,189.9090909090909,1112.35000354052
85232D,A,1,B-Group (Medium),142,43.1818181818181,2459.909948349
22940,A,0,A-Group (Fast),142,458.5,3808.11000347137
21058,B,0,A-Group (Fast),142,104.5454545454545,1011.73002445698
85017A,B,0,A-Group (Fast),142,99.3636363636363,737.770005941391
21677,B,0,A-Group (Fast),142,104.6363636363636,998.530025243759
82613D,B,1,B-Group (Medium),142,39.6363636363636,667.519997596741
22749,A,0,A-Group (Fast),142,377.0,2795.010014534
22291,A,0,A-Group (Fast),141,172.6363636363636,2498.13005518913
21675,B,0,A-Group (Fast),141,92.5454545454545,890.550021827221
22580,A,0,A-Group (Fast),141,150.75,3593.12988567352
22482,B,0,A-Group (Fast),141,214.125,2013.56996154785
21867,B,1,B-Group (Medium),141,56.0,855.099997520447
22430,A,0,A-Group (Fast),141,122.5,3271.18992996216
21765,A,1,B-Group (Medium),140,36.8,3052.5399389267
22451,A,0,A-Group (Fast),140,105.5,2789.59994602203
15044D,A,0,A-Group (Fast),140,85.9090909090909,2713.31999635696
22737,A,0,A-Group (Fast),140,678.5,2210.63999187946
85231G,B,0,A-Group (Fast),140,63.2727272727272,611.490016937256
21207,A,0,A-Group (Fast),140,221.5454545454545,3755.28005099297
22047,B,0,A-Group (Fast),140,406.8181818181818,1809.49995592237
20692,A,0,A-Group (Fast),139,90.8,3682.75999736786
22754,B,0,A-Group (Fast),139,391.3333333333333,989.380027532578
21153,A,1,B-Group (Medium),139,39.3,4294.68987083435
15044C,B,1,B-Group (Medium),138,57.9090909090909,1948.19999742508
20748,A,0,A-Group (Fast),138,138.6363636363636,13286.3102974892
85184C,B,1,B-Group (Medium),138,51.8181818181818,1756.29000878334
21467,A,0,A-Group (Fast),138,64.6363636363636,2071.86000108719
85049H,B,0,A-Group (Fast),137,107.5454545454545,1151.8099937439
22449,A,0,A-Group (Fast),137,88.0,2354.85995101929
21913,A,0,A-Group (Fast),137,63.7272727272727,2608.67003202438
21749,A,0,A-Group (Fast),137,333.3636363636363,7032.42003488541
85017B,B,0,A-Group (Fast),137,97.2727272727272,718.700005590916
21157,B,1,B-Group (Medium),136,54.1818181818181,1345.17995357513
22611,A,0,A-Group (Fast),136,80.25,3042.71991443634
37500,A,1,B-Group (Medium),136,41.1818181818181,3966.69991397858
22155,B,0,A-Group (Fast),136,224.9090909090909,1089.80997058749
22544,B,0,A-Group (Fast),135,514.5,1735.38995441794
22579,B,0,A-Group (Fast),135,326.0,1135.13002920151
84849D,B,0,A-Group (Fast),135,92.8,1547.46004724503
22434,A,0,A-Group (Fast),135,228.1428571428571,2856.93001317978
21463,A,1,B-Group (Medium),135,51.2727272727272,3284.34989452362
21082,B,0,A-Group (Fast),135,644.6363636363636,1806.9700217247
21528,A,1,B-Group (Medium),135,58.4545454545454,3841.7699136734
22036,B,0,A-Group (Fast),135,149.9090909090909,695.109984278679
21773,B,1,B-Group (Medium),135,40.9090909090909,703.869996786118
22594,B,0,A-Group (Fast),134,470.0,1638.32004070282
22628,A,0,A-Group (Fast),134,168.75,3260.08993053436
22439,B,0,A-Group (Fast),134,219.1428571428571,1003.659963727
22285,A,0,A-Group (Fast),134,160.5454545454545,2639.20000600815
20671,B,0,A-Group (Fast),134,67.8181818181818,988.719994783401
21648,A,0,A-Group (Fast),134,154.7272727272727,2343.49997997284
22186,A,0,A-Group (Fast),134,78.2727272727272,2542.31001496315
84985A,B,1,B-Group (Medium),134,53.090909090909,940.310025930405
22421,B,0,A-Group (Fast),134,247.8333333333333,656.409996986389
40016,A,0,A-Group (Fast),134,775.1818181818181,2954.92995595932
84968B,A,1,B-Group (Medium),134,42.7,5681.40002727509
22716,B,0,A-Group (Fast),134,320.6,682.679984480143
22118,A,1,B-Group (Medium),133,41.1818181818181,2364.44997119904
21161,B,0,A-Group (Fast),133,105.5454545454545,1062.58001852036
22091,B,0,A-Group (Fast),133,99.1818181818181,1315.68997848034
21125,B,0,A-Group (Fast),132,127.8181818181818,1301.61999464035
21717,A,0,A-Group (Fast),132,103.090909090909,3062.09993171692
22466,A,0,A-Group (Fast),132,226.75,3369.64002752304
22633,A,0,A-Group (Fast),131,1455.0,2928.14993906021
20985,B,0,A-Group (Fast),131,89.4545454545454,1237.30999302864
21054,A,1,B-Group (Medium),131,24.7272727272727,2529.40995025635
22458,A,0,A-Group (Fast),130,112.75,2106.1899740696
22309,A,0,A-Group (Fast),130,82.9090909090909,2230.48993730545
84795C,A,1,B-Group (Medium),130,29.3636363636363,2736.68993091583
22277,B,0,A-Group (Fast),130,77.1818181818181,1744.12996435165
22081,B,0,A-Group (Fast),130,74.1818181818181,1392.97998070717
21947,B,0,A-Group (Fast),129,72.4545454545454,1068.06999731064
22750,A,0,A-Group (Fast),129,319.0,2352.27001476288
21324,A,0,A-Group (Fast),129,79.090909090909,2385.39000105858
84581,B,1,B-Group (Medium),129,26.3636363636363,1099.72000408173
72756,A,0,A-Group (Fast),129,573.1428571428571,5459.48001766205
72802C,A,1,B-Group (Medium),129,57.8181818181818,2700.67998981476
21609,B,1,B-Group (Medium),128,59.090909090909,1865.10001397133
22405,B,0,A-Group (Fast),128,141.25,1400.49999094009
22603,B,0,A-Group (Fast),128,510.5,1651.49005103111
22261,B,0,A-Group (Fast),128,135.9090909090909,1449.24003636837
22535,B,0,A-Group (Fast),128,288.75,1028.84997144341
22537,B,0,A-Group (Fast),128,439.625,1393.1499966979
22076,B,0,A-Group (Fast),127,90.6363636363636,1645.17998766899
21830,B,0,A-Group (Fast),127,332.4545454545454,1534.08995497227
21557,B,1,B-Group (Medium),127,31.2727272727272,1205.13000011444
22459,A,0,A-Group (Fast),127,110.375,2083.55997514725
85114B,A,0,A-Group (Fast),127,123.7272727272727,2402.10000765324
21249,A,0,A-Group (Fast),127,77.6363636363636,2368.8000035286
22167,A,1,B-Group (Medium),127,36.4545454545454,3237.10995197296
22746,B,0,A-Group (Fast),127,470.0,1883.72996282578
22601,B,0,A-Group (Fast),126,509.25,1660.53005039692
21389,B,0,A-Group (Fast),126,100.4545454545454,973.390023827553
21588,A,0,A-Group (Fast),126,130.090909090909,3360.14990115166
15044B,A,0,A-Group (Fast),126,121.7272727272727,3667.79996871948
21642,B,0,A-Group (Fast),126,134.1818181818181,1366.59003281593
21039,B,0,A-Group (Fast),126,67.7272727272727,1948.48996353149
22208,B,1,B-Group (Medium),126,60.8181818181818,1160.77998507023
22477,B,0,A-Group (Fast),125,118.875,1251.22999930382
22177,A,1,B-Group (Medium),125,36.1111111111111,3101.45994663239
21645,B,0,A-Group (Fast),125,86.7272727272727,1617.89997780323
84559A,B,0,A-Group (Fast),124,71.090909090909,702.260019540787
84937,A,0,A-Group (Fast),124,423.6666666666666,5394.53992843628
21784,A,1,B-Group (Medium),124,19.9090909090909,2709.50998020172
22445,B,0,A-Group (Fast),124,76.375,1921.41002035141
47597,B,1,B-Group (Medium),124,35.7777777777777,644.879987478256
22066,B,0,A-Group (Fast),124,103.2727272727272,1589.71003484726
21775,C,1,B-Group (Medium),124,31.0,568.02999830246
21448,B,1,B-Group (Medium),124,50.5454545454545,955.089985132217
22410,B,0,A-Group (Fast),123,127.0,1278.75999641418
84327A,B,0,A-Group (Fast),123,106.5555555555555,1820.26998519897
21224,B,0,A-Group (Fast),123,104.0,1453.019998312
75049L,A,0,A-Group (Fast),123,579.2727272727273,5869.36013007164
22325,B,1,B-Group (Medium),123,38.5454545454545,1864.93994951248
22075,B,0,A-Group (Fast),123,102.3636363636363,1826.8599947691
22476,A,1,B-Group (Medium),123,51.625,2137.78996944427
22094,B,0,A-Group (Fast),123,117.0,1374.5099645853
22753,B,0,A-Group (Fast),123,285.0,725.610020041466
21924,A,1,B-Group (Medium),123,28.6363636363636,2486.65993976593
22135,C,0,A-Group (Fast),122,90.8181818181818,452.530000448227
21206,B,0,A-Group (Fast),122,76.7272727272727,1420.61998152733
20992,B,0,A-Group (Fast),122,130.0,1020.12001991272
21741,B,1,B-Group (Medium),122,43.6363636363636,1571.60000944138
22098,B,0,A-Group (Fast),122,69.4545454545454,835.299993753433
22260,B,0,A-Group (Fast),122,88.5454545454545,981.270019888878
22564,B,0,A-Group (Fast),122,214.875,1970.36994433403
22738,A,0,A-Group (Fast),122,663.0,2173.1799916029
21730,A,1,B-Group (Medium),122,37.6363636363636,2136.2999458313
22193,A,1,B-Group (Medium),122,39.5454545454545,3564.05002212524
22322,B,1,B-Group (Medium),121,67.1818181818181,723.000011086464
22460,A,0,A-Group (Fast),121,216.625,2320.92998123169
20729,B,0,A-Group (Fast),121,751.7142857142857,1778.12003135681
84913A,B,1,B-Group (Medium),121,26.2727272727272,1091.24998378754
21993,B,0,A-Group (Fast),121,75.9090909090909,1651.93000030518
21586,A,0,A-Group (Fast),121,113.090909090909,2956.19991779327
22581,B,0,A-Group (Fast),121,386.25,1296.30003654957
22228,B,1,B-Group (Medium),121,63.090909090909,648.340012669563
21201,A,0,A-Group (Fast),121,127.6363636363636,3301.07989382744
22514,B,0,A-Group (Fast),121,94.125,1439.65997600555
22134,B,0,A-Group (Fast),121,128.9090909090909,598.390001684427
21445,B,0,A-Group (Fast),120,115.5454545454545,1577.2299721241
20684,B,1,B-Group (Medium),120,39.5454545454545,1427.20999908447
22127,A,0,A-Group (Fast),120,260.5454545454545,3400.72991657257
22440,B,0,A-Group (Fast),120,330.2857142857142,938.229987710714
22533,B,0,A-Group (Fast),120,314.25,1040.57997822762
22472,A,0,A-Group (Fast),120,90.125,3315.85995101929
22060,A,1,B-Group (Medium),119,44.5454545454545,4449.68000411987
21923,A,1,B-Group (Medium),119,37.4444444444444,2662.63993835449
22626,A,1,B-Group (Medium),119,40.4285714285714,2425.6800031662
22099,B,1,B-Group (Medium),119,56.6363636363636,698.529996037483
10135,B,0,A-Group (Fast),119,152.0,1963.9899520874
22217,B,0,A-Group (Fast),119,127.3636363636363,1812.26997613907
51014A,B,0,A-Group (Fast),119,217.7272727272727,2021.49005699158
21643,B,0,A-Group (Fast),119,75.3636363636363,1185.22999620438
21211,B,0,A-Group (Fast),119,132.3636363636363,1998.34003686905
84950,B,0,A-Group (Fast),119,176.090909090909,1553.87003135681
21063,B,0,A-Group (Fast),118,74.2727272727272,702.800018429756
22046,B,0,A-Group (Fast),118,322.7272727272727,1458.99996012449
22672,B,0,A-Group (Fast),118,389.6666666666666,1881.50999224186
22176,B,1,B-Group (Medium),118,53.1818181818181,1692.96000599861
22187,A,1,B-Group (Medium),118,60.5454545454545,2813.81999588013
85132A,A,1,B-Group (Medium),118,66.5454545454545,3303.28001689911
22495,B,1,B-Group (Medium),118,61.1,1774.13000917435
22804,A,0,A-Group (Fast),118,835.5,4666.40998244286
21706,A,0,A-Group (Fast),117,87.3636363636363,3190.78995418549
40018F,A,0,A-Group (Fast),117,109.2,2100.33005475998
22559,B,0,A-Group (Fast),117,131.375,1325.3299844265
16235,C,0,A-Group (Fast),117,195.2727272727272,502.979989483953
22085,A,0,A-Group (Fast),117,177.4545454545454,5187.01995849609
84459B,B,1,B-Group (Medium),117,67.3636363636363,1238.98999619484
21158,B,0,A-Group (Fast),116,98.0,939.42001748085
85231L,B,0,A-Group (Fast),116,173.1666666666666,838.350026249886
22526,A,1,B-Group (Medium),116,50.875,4816.40996360779
22851,B,0,A-Group (Fast),116,635.6666666666666,1400.81000506878
11001,A,0,A-Group (Fast),116,261.7272727272727,4482.79008841515
85016,B,0,A-Group (Fast),116,99.0,1404.72996926308
22347,A,0,A-Group (Fast),115,301.7777777777777,3119.17988753319
84969,B,1,B-Group (Medium),115,34.4545454545454,1720.65000629425
21364,A,1,B-Group (Medium),115,35.090909090909,2833.76001548767
22117,B,1,B-Group (Medium),115,37.090909090909,1202.13001012802
84993A,C,0,A-Group (Fast),115,94.4545454545454,453.789986670017
22162,B,1,B-Group (Medium),114,45.3636363636363,1576.7500166893
18097C,B,0,A-Group (Fast),114,82.0,1900.56998848915
22959,B,0,A-Group (Fast),114,1750.0,1453.99995744228
21789,B,0,A-Group (Fast),114,171.2727272727272,1537.45002233982
22613,B,0,A-Group (Fast),114,238.5,1123.32001435757
22414,A,0,A-Group (Fast),114,85.2,4755.01991939545
84559B,B,1,B-Group (Medium),114,72.0,702.920019745827
22713,B,0,A-Group (Fast),114,346.3333333333333,837.830008119345
21354,B,0,A-Group (Fast),114,147.0,1897.76996469498
21612,B,1,B-Group (Medium),113,69.8,2025.77001142502
21945,B,0,A-Group (Fast),113,129.3636363636363,845.470006048679
37501,A,1,B-Group (Medium),113,27.1818181818181,2170.28994464874
21204,B,0,A-Group (Fast),113,95.8181818181818,1723.80000686646
21788,B,0,A-Group (Fast),112,181.5454545454545,1622.79002702236
20770,B,1,B-Group (Medium),112,63.3636363636363,1373.93997550011
35971,B,0,A-Group (Fast),112,133.6363636363636,1294.19998836517
21059,B,0,A-Group (Fast),112,81.0,739.620021700859
21446,B,1,B-Group (Medium),112,65.7272727272727,921.329996824265
22372,B,1,B-Group (Medium),112,29.5555555555555,1482.54997873306
84578,B,1,B-Group (Medium),112,44.4,854.910006523132
85098B,B,1,B-Group (Medium),112,32.8181818181818,1438.19000482559
22951,B,0,A-Group (Fast),112,892.5,941.250008046627
84509B,B,1,B-Group (Medium),111,38.090909090909,1578.53000402451
22454,A,0,A-Group (Fast),111,125.875,2796.80999660492
21869,B,0,A-Group (Fast),111,210.6666666666666,1469.57996201515
21949,B,0,A-Group (Fast),111,158.3636363636363,2025.86993718147
21576,B,1,B-Group (Medium),111,39.0,974.859999656677
22515,B,0,A-Group (Fast),111,94.5,1464.05997848511
22148,A,0,A-Group (Fast),111,130.1,2556.98999619484
21469,A,0,A-Group (Fast),111,77.6363636363636,2314.07000350952
22359,A,0,A-Group (Fast),111,132.875,3343.13006067276
85176,B,0,A-Group (Fast),111,155.7272727272727,1301.74000680447
84659A,B,1,B-Group (Medium),111,23.3636363636363,664.06999206543
21581,B,0,A-Group (Fast),111,80.7272727272727,1211.21001338959
22907,B,0,A-Group (Fast),111,802.0,1214.27000808716
22323,B,1,B-Group (Medium),111,55.1818181818181,1628.71001529694
90167,B,0,A-Group (Fast),110,198.8181818181818,1792.6700540781
21647,B,1,B-Group (Medium),110,63.3636363636363,1582.17994499207
22425,B,1,B-Group (Medium),110,58.3333333333333,1741.93995094299
84818,B,1,B-Group (Medium),110,32.0,888.289984703064
84676,A,0,A-Group (Fast),110,94.2222222222222,2102.46001935005
72800E,B,1,B-Group (Medium),110,63.7272727272727,1072.11999702454
85226A,B,0,A-Group (Fast),110,131.5454545454545,770.680005073547
35809A,B,1,B-Group (Medium),110,64.090909090909,1151.40999627113
22128,A,0,A-Group (Fast),110,185.5454545454545,2482.05996322632
21408,B,1,B-Group (Medium),109,36.0,1635.24000740051
22566,B,0,A-Group (Fast),109,201.625,1279.25004160404
21437,A,0,A-Group (Fast),109,169.25,2350.92001247406
22612,A,0,A-Group (Fast),109,143.0,3984.98993492126
85214,B,1,B-Group (Medium),109,31.6363636363636,610.179990172386
22068,B,1,B-Group (Medium),109,47.6363636363636,1005.74999177456
22591,A,0,A-Group (Fast),109,223.5,2237.71994686127
22406,A,0,A-Group (Fast),109,242.125,2505.10993409157
82605,C,1,B-Group (Medium),108,21.0,517.369983911514
21725,B,1,B-Group (Medium),108,65.8181818181818,660.020015954971
21827,B,1,B-Group (Medium),108,67.3636363636363,951.389997720718
84598,A,0,A-Group (Fast),108,1494.181818181818,3352.05994845927
20747,A,0,A-Group (Fast),108,113.8333333333333,9224.9200553894
22834,B,0,A-Group (Fast),108,417.5,1749.99993944168
21904,B,1,B-Group (Medium),107,59.9090909090909,995.719977259636
22809,A,0,A-Group (Fast),107,490.0,2794.36000919342
84596E,B,1,B-Group (Medium),107,42.090909090909,618.799995183945
79072,A,1,B-Group (Medium),107,71.0,3083.19995880127
22161,B,0,A-Group (Fast),107,105.4545454545454,733.889986753464
85231E,B,0,A-Group (Fast),107,119.4285714285714,696.890020847321
21159,B,0,A-Group (Fast),106,85.9090909090909,784.730013608933
84791,B,1,B-Group (Medium),106,41.75,1086.13000702858
22587,B,0,A-Group (Fast),106,104.375,712.900019049644
22362,B,1,B-Group (Medium),106,38.25,954.140009641647
21348,B,1,B-Group (Medium),106,56.7272727272727,1433.42000627518
22194,A,1,B-Group (Medium),106,26.0,2399.43000650406
21726,B,1,B-Group (Medium),106,71.7272727272727,682.150017976761
22714,C,0,A-Group (Fast),106,228.0,571.87999355793
21340,A,1,B-Group (Medium),106,61.6363636363636,6756.95992565155
15034,C,0,A-Group (Fast),106,283.1818181818181,511.530002653599
22292,A,0,A-Group (Fast),106,146.4545454545454,2122.83005547524
21548,B,1,B-Group (Medium),106,61.8181818181818,1770.22000670433
22614,B,0,A-Group (Fast),106,356.5,628.629982858896
22436,B,0,A-Group (Fast),106,254.7142857142857,1094.8399810791
22311,B,1,B-Group (Medium),105,35.9090909090909,1680.96997404099
22422,B,0,A-Group (Fast),105,169.8333333333333,682.669982552528
35924,A,0,A-Group (Fast),105,105.9090909090909,2237.69002342224
21278,B,0,A-Group (Fast),105,246.2727272727272,1529.4999859333
82613B,C,1,B-Group (Medium),105,27.6363636363636,475.339998483658
72802B,B,1,B-Group (Medium),105,41.5454545454545,1929.88999557495
22146,A,0,A-Group (Fast),105,141.1,2629.22998976707
22855,B,0,A-Group (Fast),105,685.5,1666.58998346329
85017C,B,0,A-Group (Fast),105,92.6363636363636,677.350005269051
84840,B,1,B-Group (Medium),105,35.0,1796.8200006485
21349,A,1,B-Group (Medium),105,34.1818181818181,2582.41997146606
22574,B,0,A-Group (Fast),104,464.75,1560.20004403591
22153,B,0,A-Group (Fast),104,215.2727272727272,1033.00997117162
22165,A,1,B-Group (Medium),104,47.2727272727272,3978.67002916336
22069,B,1,B-Group (Medium),104,43.0,968.339994549751
21070,B,1,B-Group (Medium),104,75.090909090909,767.599997520447
21807,B,0,A-Group (Fast),104,210.6363636363636,1025.29997816682
21246,A,1,B-Group (Medium),104,39.1818181818181,2190.44992923737
22095,B,0,A-Group (Fast),104,101.5454545454545,1219.36997461319
21111,B,1,B-Group (Medium),104,38.9090909090909,1376.81000375748
85015,B,1,B-Group (Medium),104,63.9090909090909,967.989980459213
85124A,B,1,B-Group (Medium),104,35.1818181818181,1087.72998023033
22592,A,0,A-Group (Fast),104,257.75,3830.79001235962
84558A,A,1,B-Group (Medium),104,77.090909090909,2441.50001096725
22573,B,0,A-Group (Fast),103,391.25,1327.31003582478
22152,B,0,A-Group (Fast),103,271.3636363636363,1228.89998912811
20990,B,0,A-Group (Fast),103,127.8571428571428,1706.14002299309
21274,A,1,B-Group (Medium),103,15.090909090909,2307.59999656677
84968A,A,1,B-Group (Medium),103,22.2727272727272,3194.77000641823
21465,B,1,B-Group (Medium),103,49.090909090909,1910.10000801086
84763,B,1,B-Group (Medium),103,70.9090909090909,1000.3799996376
22565,B,0,A-Group (Fast),103,100.5,747.540019512177
22250,B,1,B-Group (Medium),103,62.8181818181818,640.230012059212
21811,B,0,A-Group (Fast),102,99.5454545454545,1413.26999926567
21640,B,0,A-Group (Fast),102,124.7272727272727,1229.25002968311
21397,B,0,A-Group (Fast),102,91.2727272727272,1359.29997754097
22320,A,1,B-Group (Medium),102,36.0,2320.39992523193
22093,C,1,B-Group (Medium),102,43.1818181818181,553.969996452332
22496,B,1,B-Group (Medium),102,44.0,1340.00000977516
22033,C,0,A-Group (Fast),102,110.7272727272727,519.819988548756
21806,B,0,A-Group (Fast),102,213.3636363636363,1026.07997652888
21056,A,1,B-Group (Medium),102,26.3636363636363,2592.44994449615
84754,B,0,A-Group (Fast),102,89.8181818181818,1213.69998264313
21358,B,1,B-Group (Medium),102,59.0,816.649998188019
20730,B,0,A-Group (Fast),102,221.8,1011.70001673698
21143,A,0,A-Group (Fast),102,126.4545454545454,2686.5200483799
22282,A,1,B-Group (Medium),102,33.2727272727272,4333.56998825073
22474,A,1,B-Group (Medium),102,73.875,2746.56996250153
85031C,B,1,B-Group (Medium),101,43.0,977.879990577698
22586,B,0,A-Group (Fast),101,115.875,777.330022215843
84031A,B,1,B-Group (Medium),101,49.2727272727272,1779.06001901627
22572,B,0,A-Group (Fast),101,330.75,1111.08003079891
21942,B,0,A-Group (Fast),101,119.9090909090909,753.400004684925
22904,A,0,A-Group (Fast),101,453.0,2609.10001921654
84854,B,1,B-Group (Medium),101,33.3636363636363,2010.16996479034
21580,B,1,B-Group (Medium),101,29.3636363636363,797.249997377396
47592A,B,1,B-Group (Medium),101,33.1,637.369976997375
21009,B,0,A-Group (Fast),101,95.090909090909,1493.73999762535
21651,B,0,A-Group (Fast),101,102.090909090909,1813.50999760628
85232A,B,1,B-Group (Medium),101,25.8181818181818,1435.97995281219
21687,B,1,B-Group (Medium),101,47.7,1871.23001122475
85086A,C,1,B-Group (Medium),101,39.9090909090909,444.950006484985
22450,B,1,B-Group (Medium),100,64.375,1718.34995985031
22058,B,1,B-Group (Medium),100,46.7272727272727,786.780004501343
20669,C,1,B-Group (Medium),100,40.0,591.999998807907
21626,B,1,B-Group (Medium),100,60.3636363636363,1355.91003155708
22945,A,0,A-Group (Fast),100,1316.0,2192.83006680012
21106,B,1,B-Group (Medium),100,44.3636363636363,1513.58000922203
21653,A,0,A-Group (Fast),100,118.0,2424.95995378494
84519A,B,1,B-Group (Medium),100,54.9090909090909,1642.46001982689
72807B,A,1,B-Group (Medium),100,50.2727272727272,2382.9099855423
20764,B,1,B-Group (Medium),100,43.7272727272727,1320.68000149727
22265,B,0,A-Group (Fast),99,111.6363636363636,792.899980545044
22589,B,0,A-Group (Fast),99,169.0,1688.12996315956
22312,B,1,B-Group (Medium),99,27.1818181818181,1473.08996415138
22479,B,0,A-Group (Fast),99,90.375,928.809999465942
22376,B,1,B-Group (Medium),99,24.2222222222222,1206.02998590469
21990,B,1,B-Group (Medium),99,63.9090909090909,1458.59999704361
22704,B,0,A-Group (Fast),99,450.0,1117.9999679327
22751,B,0,A-Group (Fast),99,190.0,1423.20000457764
21002,B,1,B-Group (Medium),99,23.090909090909,950.879984378815
22692,A,0,A-Group (Fast),99,91.6,3155.06994724274
22900,B,0,A-Group (Fast),98,325.0,1903.98000478745
21910,B,0,A-Group (Fast),98,92.6363636363636,1320.62998878956
22154,B,0,A-Group (Fast),98,198.7272727272727,931.189981132746
21897,B,1,B-Group (Medium),98,40.8181818181818,1337.77001929283
22736,B,0,A-Group (Fast),98,394.0,1315.49998903275
84913B,B,1,B-Group (Medium),98,17.6363636363636,731.969987869263
22650,B,0,A-Group (Fast),98,120.3333333333333,1063.50002622604
21841,B,1,B-Group (Medium),98,28.7272727272727,1337.56000041962
C2,A,1,B-Group (Medium),98,8.9090909090909,5010.0
22319,B,0,A-Group (Fast),98,129.3636363636363,968.479968190193
22270,B,1,B-Group (Medium),98,43.6,1673.97000789642
21190,B,1,B-Group (Medium),98,53.7272727272727,1015.79998993874
22728,B,0,A-Group (Fast),98,192.5,1483.84000110626
21163,B,1,B-Group (Medium),97,79.0,717.29001057148
72586,B,0,A-Group (Fast),97,146.2727272727272,690.149979829788
84459A,B,1,B-Group (Medium),97,47.1818181818181,921.219998598099
84750A,B,1,B-Group (Medium),97,44.7272727272727,1083.31001400948
35471D,C,1,B-Group (Medium),97,25.2727272727272,452.619997501373
22576,B,0,A-Group (Fast),97,289.75,994.210026144981
21972,B,1,B-Group (Medium),97,59.090909090909,958.710030555725
21948,B,0,A-Group (Fast),96,146.0,1866.7399353981
22308,B,1,B-Group (Medium),96,34.8181818181818,1075.38998174667
85172,B,0,A-Group (Fast),96,250.6363636363636,1620.88000589609
22299,A,0,A-Group (Fast),96,198.2727272727272,2591.24994397163
22653,B,0,A-Group (Fast),96,182.25,1457.71003460884
37424,B,0,A-Group (Fast),96,473.090909090909,1093.99998831749
21805,B,0,A-Group (Fast),96,196.5454545454545,932.419982731342
22221,A,1,B-Group (Medium),96,68.8181818181818,5428.63986110687
22293,B,0,A-Group (Fast),96,97.9090909090909,1439.91004300117
21255,B,0,A-Group (Fast),96,95.2,860.079994916916
21440,B,1,B-Group (Medium),95,59.0,597.55999994278
22758,B,0,A-Group (Fast),95,225.6666666666666,858.429990053177
22475,B,1,B-Group (Medium),95,51.125,1978.69998168945
22545,B,0,A-Group (Fast),95,270.875,919.729973971844
21721,B,1,B-Group (Medium),95,72.0,710.530017733574
21288,B,1,B-Group (Medium),95,51.4545454545454,1295.39000654221
16236,C,1,B-Group (Medium),95,90.0,222.419994413853
85202,C,1,B-Group (Medium),95,44.7272727272727,232.599993556738
21925,B,0,A-Group (Fast),95,105.8571428571428,987.329990386963
35810A,B,1,B-Group (Medium),95,51.9090909090909,960.439993858337
22304,A,0,A-Group (Fast),94,136.3636363636363,3060.60994410515
22342,B,1,B-Group (Medium),94,71.5454545454545,1350.08998632431
21747,B,0,A-Group (Fast),94,145.0,1681.21995377541
22516,B,1,B-Group (Medium),94,78.0,1184.69998526573
72802A,A,1,B-Group (Medium),94,45.7272727272727,2081.76999187469
84520D,B,0,A-Group (Fast),94,233.0,639.470009803772
82613A,C,1,B-Group (Medium),94,37.6363636363636,568.859998703003
21593,B,0,A-Group (Fast),94,231.8333333333333,1629.30996704102
20956,B,0,A-Group (Fast),94,104.9090909090909,1419.28000497818
21474,A,1,B-Group (Medium),94,23.3333333333333,4189.50016021729
22747,B,0,A-Group (Fast),94,377.0,1501.79997301102
22862,B,0,A-Group (Fast),94,195.5,1671.07000160217
22816,B,0,A-Group (Fast),94,829.0,684.049992054701
22690,A,0,A-Group (Fast),93,139.0,4292.17993354797
21351,A,1,B-Group (Medium),93,69.8181818181818,2032.34002780914
21109,B,1,B-Group (Medium),93,18.1818181818181,1456.71999549866
20668,B,0,A-Group (Fast),93,506.3636363636363,649.119995340705
21055,B,1,B-Group (Medium),93,15.6363636363636,1679.97997188568
21123,B,0,A-Group (Fast),93,139.4545454545454,1919.71999716759
22336,B,0,A-Group (Fast),93,163.9090909090909,1145.67997694016
21638,B,1,B-Group (Medium),92,67.090909090909,1593.34993457794
85185B,B,1,B-Group (Medium),92,21.8181818181818,754.190006494522
84685,B,1,B-Group (Medium),92,34.0,1064.36999607086
22190,B,1,B-Group (Medium),92,48.9090909090909,1145.62998747826
85041,A,0,A-Group (Fast),92,231.625,2489.87005794048
22249,B,1,B-Group (Medium),92,63.0,608.240014910698
21478,B,1,B-Group (Medium),92,18.5454545454545,854.230001926422
21439,B,1,B-Group (Medium),92,65.5454545454545,930.349999666214
22689,A,1,B-Group (Medium),92,70.2,2573.15996074677
35962,B,1,B-Group (Medium),92,52.8181818181818,1351.7799577713
21644,B,1,B-Group (Medium),92,66.3636363636363,1015.2199985981
21076,B,0,A-Group (Fast),92,210.75,714.550005316734
21905,B,1,B-Group (Medium),92,74.5454545454545,1241.73998844624
21657,B,1,B-Group (Medium),92,19.5454545454545,1630.59996986389
22719,B,1,B-Group (Medium),92,89.1428571428571,802.379982233047
85129D,B,1,B-Group (Medium),91,48.9090909090909,776.959996461868
22409,B,0,A-Group (Fast),91,177.625,1929.36995649338
22730,B,0,A-Group (Fast),91,159.5,1244.93000125885
84872a,B,1,B-Group (Medium),91,15.090909090909,1848.79007530212
22757,B,0,A-Group (Fast),91,276.6666666666666,1004.97998476028
22743,B,0,A-Group (Fast),91,112.0,1068.16001081467
21162,B,1,B-Group (Medium),91,79.3636363636363,752.380014300346
22670,A,0,A-Group (Fast),91,579.6666666666666,2080.68996691704
20871,B,1,B-Group (Medium),91,84.5454545454545,1433.96998596191
21112,B,1,B-Group (Medium),91,54.0,1802.62001562119
22729,B,0,A-Group (Fast),91,161.5,1272.57999897003
85203,C,1,B-Group (Medium),91,50.1818181818181,246.839993029833
20615,C,1,B-Group (Medium),91,29.0,579.259993553162
22691,A,1,B-Group (Medium),91,74.2,2383.5999584198
21837,B,1,B-Group (Medium),91,40.6666666666666,1622.63996124268
22375,B,1,B-Group (Medium),91,19.6666666666666,1028.4599905014
21464,B,1,B-Group (Medium),90,21.1818181818181,989.25
21532,B,0,A-Group (Fast),90,126.090909090909,1419.7099776268
85031A,B,1,B-Group (Medium),90,41.4545454545454,872.789989471436
22906,B,0,A-Group (Fast),90,345.5,1162.31998991966
22744,B,0,A-Group (Fast),90,146.3333333333333,1295.13000917435
47504K,B,1,B-Group (Medium),90,55.3636363636363,981.730023145676
85014D,A,0,A-Group (Fast),90,479.5,6664.44993686676
22810,A,0,A-Group (Fast),90,374.0,2144.2800090313
22639,B,0,A-Group (Fast),90,166.0,1626.21996068954
22223,B,1,B-Group (Medium),90,24.9090909090909,1473.15997028351
22813,A,0,A-Group (Fast),90,549.5,2058.07002830505
21610,B,1,B-Group (Medium),90,47.3636363636363,1481.72000813484
82001S,A,0,A-Group (Fast),90,100.9090909090909,3926.37008714676
22604,B,0,A-Group (Fast),90,147.5,1464.13996648788
20686,B,1,B-Group (Medium),90,25.0,923.129999160767
22837,A,0,A-Group (Fast),90,573.0,2690.39002752304
47593B,C,1,B-Group (Medium),90,27.4545454545454,326.260003209114
84596K,C,1,B-Group (Medium),89,37.1818181818181,519.659990668297
21613,B,1,B-Group (Medium),89,31.7272727272727,1034.32001423836
22052,B,0,A-Group (Fast),89,218.1818181818181,1003.99996936321
21943,C,1,B-Group (Medium),89,41.1818181818181,375.280008673668
84031B,B,1,B-Group (Medium),89,40.2727272727272,1377.13002300262
21661,B,1,B-Group (Medium),89,20.1818181818181,1410.15995979309
22184,B,1,B-Group (Medium),89,22.9090909090909,1909.54999732971
21547,B,1,B-Group (Medium),89,56.0,1515.26000714302
82613C,C,1,B-Group (Medium),88,20.5454545454545,365.359998464584
22310,B,1,B-Group (Medium),88,82.0,1499.85001444817
21462,B,1,B-Group (Medium),88,18.090909090909,1378.18999481201
21692,B,1,B-Group (Medium),88,38.5454545454545,1604.68000602722
21927,B,1,B-Group (Medium),88,85.4285714285714,908.339992523193
84507B,B,0,A-Group (Fast),88,118.2727272727272,1622.35000729561
21284,B,1,B-Group (Medium),88,93.090909090909,1152.39001655579
21589,A,0,A-Group (Fast),88,159.8571428571428,2583.44991803169
82615,B,1,B-Group (Medium),88,44.1818181818181,1359.16999602318
22314,B,1,B-Group (Medium),88,27.9090909090909,1444.88995671272
22500,B,1,B-Group (Medium),88,30.4,1511.30994796753
21894,B,1,B-Group (Medium),88,58.5454545454545,812.679985523224
21785,B,0,A-Group (Fast),88,141.9090909090909,1217.0100055933
20866,C,1,B-Group (Medium),88,58.0,596.659999132156
22416,B,0,A-Group (Fast),88,116.4444444444444,1472.71003603935
84596G,C,1,B-Group (Medium),88,27.5454545454545,406.269998431206
84509G,B,1,B-Group (Medium),88,24.0,1016.21000051498
22818,B,0,A-Group (Fast),88,715.0,612.189984589815
37461,B,1,B-Group (Medium),87,65.2727272727272,748.640010595322
85060,B,0,A-Group (Fast),87,181.0,1745.61996793747
22674,B,0,A-Group (Fast),87,303.6666666666666,1109.82998895645
22452,B,1,B-Group (Medium),87,53.5,1249.72001099586
48195,B,1,B-Group (Medium),87,33.625,1627.98997783661
22230,B,1,B-Group (Medium),87,52.9090909090909,630.210004806519
21655,A,0,A-Group (Fast),87,170.0,2216.66006278992
20619,C,1,B-Group (Medium),87,26.8181818181818,526.449993371964
21676,C,1,B-Group (Medium),87,76.6363636363636,566.880009293556
21742,B,1,B-Group (Medium),87,18.5454545454545,1247.64996337891
21540,A,0,A-Group (Fast),87,132.3,2394.95000457764
72807A,B,1,B-Group (Medium),86,34.6363636363636,1679.86999702454
22204,B,1,B-Group (Medium),86,30.0,1267.25001335144
84247L,C,1,B-Group (Medium),86,86.2727272727272,410.949988007545
22253,B,0,A-Group (Fast),86,192.8,1158.27997684479
21682,B,1,B-Group (Medium),86,32.090909090909,1707.38994693756
22732,B,0,A-Group (Fast),86,818.0,1957.03997039795
22097,C,1,B-Group (Medium),86,37.9090909090909,485.609998703003
21898,B,1,B-Group (Medium),86,30.0,985.900014162064
20773,B,0,A-Group (Fast),86,297.3636363636363,851.78001332283
20652,B,0,A-Group (Fast),85,112.8181818181818,664.150005459785
21720,B,1,B-Group (Medium),85,75.8181818181818,724.430018544197
85008,B,1,B-Group (Medium),85,21.0,921.649971961975
20941,B,1,B-Group (Medium),85,75.4545454545454,667.379995584488
21802,C,0,A-Group (Fast),85,115.4545454545454,569.699989795685
22513,B,1,B-Group (Medium),85,51.0,1241.70000267029
22343,B,1,B-Group (Medium),85,107.6363636363636,1002.81002855301
22402,B,0,A-Group (Fast),84,199.25,1832.11995053291
35811A,B,1,B-Group (Medium),84,39.4545454545454,762.969995975494
20771,B,1,B-Group (Medium),84,38.5454545454545,746.749994039536
21291,B,0,A-Group (Fast),84,113.0,1062.99002730846
84569C,C,1,B-Group (Medium),84,34.5454545454545,539.919998884201
22442,A,1,B-Group (Medium),84,67.75,3301.41995429993
20768,B,1,B-Group (Medium),84,45.6363636363636,898.559989929199
22675,B,0,A-Group (Fast),84,289.6666666666666,1051.02998900414
22461,B,1,B-Group (Medium),84,18.875,1908.0899887085
79191C,C,1,B-Group (Medium),84,44.8181818181818,463.380011558533
85036A,B,1,B-Group (Medium),84,28.2727272727272,1278.44999408722
20776,B,0,A-Group (Fast),84,325.8,832.660014152527
22281,A,1,B-Group (Medium),84,34.2727272727272,2338.56999015808
85116,B,1,B-Group (Medium),84,76.0,1030.31998324394
22305,A,0,A-Group (Fast),84,136.9090909090909,2944.72995376587
20996,B,0,A-Group (Fast),83,264.7272727272727,867.92000412941
21707,A,1,B-Group (Medium),83,73.5454545454545,3243.0899515152
20772,B,1,B-Group (Medium),83,53.1818181818181,924.239993572235
85031B,B,1,B-Group (Medium),83,44.9090909090909,886.189990520477
79323GR,A,1,B-Group (Medium),83,106.4,3209.35993385315
21944,B,0,A-Group (Fast),83,127.9090909090909,745.420003533363
21738,B,1,B-Group (Medium),83,28.090909090909,971.520006895065
22509,A,1,B-Group (Medium),83,18.625,2504.0900554657
84795D,B,1,B-Group (Medium),83,21.0,1538.78996181488
22363,B,1,B-Group (Medium),83,35.5,863.560005187988
22671,B,0,A-Group (Fast),83,211.3333333333333,1045.70999085903
17091A,B,0,A-Group (Fast),83,162.2727272727272,1118.4300057888
17129F,B,1,B-Group (Medium),83,87.4545454545454,1107.04997909069
22733,B,0,A-Group (Fast),83,639.0,1598.65999412537
84467,A,1,B-Group (Medium),83,102.0,17477.6599025726
84905,B,1,B-Group (Medium),83,20.7272727272727,804.729988574982
20661,B,1,B-Group (Medium),83,76.3636363636363,803.330008625984
21010,B,1,B-Group (Medium),83,77.2727272727272,1114.7599978447
22946,A,0,A-Group (Fast),82,172.5,5092.50011444092
22517,B,1,B-Group (Medium),82,75.75,1139.67998814583
22210,B,1,B-Group (Medium),82,42.5454545454545,770.309995412827
21637,B,1,B-Group (Medium),82,82.3636363636363,1230.17999744415
21656,B,1,B-Group (Medium),82,62.1818181818181,1042.98001337051
20734,B,1,B-Group (Medium),82,95.1818181818181,887.370025277138
21545,B,1,B-Group (Medium),82,87.125,1640.12000882626
21743,B,1,B-Group (Medium),82,58.4545454545454,1861.6100051403
21724,C,1,B-Group (Medium),81,46.7272727272727,463.950011014938
40018E,B,1,B-Group (Medium),81,48.0,837.02001953125
21247,B,1,B-Group (Medium),81,38.3636363636363,664.730002880096
21926,B,1,B-Group (Medium),81,77.0,745.369995117188
21839,B,1,B-Group (Medium),81,18.090909090909,1074.68996334076
22246,B,1,B-Group (Medium),81,52.8181818181818,1152.21001958847
85055,B,1,B-Group (Medium),81,24.8181818181818,1059.04000043869
71038,A,1,B-Group (Medium),81,36.2727272727272,2113.74994564056
35965,B,1,B-Group (Medium),81,19.4545454545454,715.47000169754
20767,B,1,B-Group (Medium),81,40.090909090909,804.379990577698
21823,B,1,B-Group (Medium),81,73.6363636363636,1175.6100332737
20867,B,1,B-Group (Medium),81,66.1818181818181,643.359999299049
10133,B,1,B-Group (Medium),81,82.5454545454545,769.180021166801
79066K,C,1,B-Group (Medium),81,48.3636363636363,450.920002937317
22539,B,0,A-Group (Fast),80,272.375,909.379978746176
84944,B,1,B-Group (Medium),80,30.2727272727272,1642.6200094223
21795,A,1,B-Group (Medium),80,49.0,3734.94004297256
85025C,B,1,B-Group (Medium),80,34.9090909090909,740.249987363815
84986B,B,1,B-Group (Medium),80,39.8181818181818,656.940020084381
85054,B,1,B-Group (Medium),80,26.3636363636363,937.500005960464
21836,B,1,B-Group (Medium),80,18.4545454545454,823.649999141693
21323,A,1,B-Group (Medium),80,92.5,2506.88998150826
37343,B,1,B-Group (Medium),79,85.4545454545454,1488.8599755764
21192,B,1,B-Group (Medium),79,63.5454545454545,1283.9400011301
85200,B,0,A-Group (Fast),79,215.5,1090.34000015259
20931,B,1,B-Group (Medium),79,30.4545454545454,1023.03000402451
21819,B,1,B-Group (Medium),79,75.7272727272727,717.280019879341
79341,A,0,A-Group (Fast),79,145.0,4423.68990421295
85186A,C,1,B-Group (Medium),79,88.2,402.149989694357
47502,A,1,B-Group (Medium),79,64.0,6855.74989032745
84912B,B,1,B-Group (Medium),79,69.7272727272727,1815.16999411583
22286,B,1,B-Group (Medium),79,89.1111111111111,1158.45998752117
85035A,B,1,B-Group (Medium),79,28.4545454545454,1322.46999454498
35241,B,1,B-Group (Medium),79,15.5454545454545,934.039977550507
47593A,C,1,B-Group (Medium),79,23.7272727272727,282.310002684593
62096B,C,1,B-Group (Medium),78,22.8181818181818,434.489996671677
20657,B,0,A-Group (Fast),78,162.8181818181818,604.310008525848
22696,B,0,A-Group (Fast),78,120.5,932.280019521713
85132C,A,1,B-Group (Medium),78,44.090909090909,2095.11001014709
22254,B,1,B-Group (Medium),78,61.2727272727272,864.099999666214
84030E,B,1,B-Group (Medium),78,23.8181818181818,1128.95000267029
21011,B,1,B-Group (Medium),78,111.9090909090909,909.220012784004
21579,B,1,B-Group (Medium),78,75.4545454545454,1093.76001310349
51014C,B,0,A-Group (Fast),78,121.6363636363636,1139.91003084183
47570,A,1,B-Group (Medium),78,44.0,2373.00992393494
21652,B,1,B-Group (Medium),78,99.5555555555555,1747.94002699852
62096A,C,1,B-Group (Medium),78,26.4,436.819996833801
21421,B,1,B-Group (Medium),78,107.4545454545454,1434.65996932983
22290,B,0,A-Group (Fast),78,167.5,1223.01996016502
22546,B,0,A-Group (Fast),78,270.75,911.999973356724
22229,C,1,B-Group (Medium),78,40.8,385.680006980896
21396,B,0,A-Group (Fast),77,158.0,1205.24998259544
20766,B,1,B-Group (Medium),77,30.2727272727272,840.379999876022
85226C,C,1,B-Group (Medium),77,87.1818181818181,505.809999406338
21173,B,1,B-Group (Medium),77,68.0,607.959995150566
21801,C,1,B-Group (Medium),77,109.3636363636363,533.989989638329
84968C,A,1,B-Group (Medium),77,26.5454545454545,3660.77998161316
84006,B,1,B-Group (Medium),77,63.5454545454545,665.970016121864
21683,B,1,B-Group (Medium),77,49.4545454545454,1555.03000617027
20655,C,1,B-Group (Medium),77,18.090909090909,288.649997472763
22481,C,1,B-Group (Medium),77,47.375,477.52999997139
21880,C,1,B-Group (Medium),77,46.4545454545454,381.149988412857
35471A,C,1,B-Group (Medium),76,37.090909090909,483.059994697571
21818,B,1,B-Group (Medium),76,93.0,857.630025267601
22540,B,0,A-Group (Fast),76,383.125,1218.48999762535
84856L,B,1,B-Group (Medium),76,21.1818181818181,1444.76997470856
22677,B,0,A-Group (Fast),76,166.3333333333333,643.909999847412
22074,B,1,B-Group (Medium),76,63.2727272727272,877.549983501434
21248,B,1,B-Group (Medium),76,59.3636363636363,696.760014414787
21851,B,1,B-Group (Medium),76,43.0,956.669994831085
22983,C,0,A-Group (Fast),76,536.0,442.419994652271
22676,B,0,A-Group (Fast),76,188.3333333333333,726.409999847412
22660,A,1,B-Group (Medium),76,90.0,2675.79995918274
20976,C,1,B-Group (Medium),76,49.9090909090909,376.339986681938
17091J,B,0,A-Group (Fast),76,161.3636363636363,1215.07001376152
22740,A,0,A-Group (Fast),76,1744.0,2968.28008270264
21665,B,0,A-Group (Fast),75,146.5,638.799987077713
84993B,C,1,B-Group (Medium),75,45.090909090909,229.149993926287
85129A,C,1,B-Group (Medium),75,49.3333333333333,569.159999608994
22211,B,1,B-Group (Medium),75,40.0,754.459991574287
21251,B,1,B-Group (Medium),75,35.090909090909,1023.46000576019
20777,B,0,A-Group (Fast),75,307.3636363636363,791.870015740395
22268,C,1,B-Group (Medium),75,48.8181818181818,462.150011658669
85039A,C,1,B-Group (Medium),75,57.5454545454545,537.069988012314
22473,B,1,B-Group (Medium),75,33.25,1221.77997398376
16238,C,1,B-Group (Medium),75,78.2727272727272,194.229995191097
85059,B,1,B-Group (Medium),75,25.090909090909,1062.67000150681
21883,C,1,B-Group (Medium),75,51.4545454545454,387.179987311363
84796A,B,1,B-Group (Medium),75,21.1818181818181,1585.2400302887
72799E,B,1,B-Group (Medium),74,60.1818181818181,1325.63000845909
84901,C,1,B-Group (Medium),74,11.1818181818181,471.130002498627
20846,B,1,B-Group (Medium),74,64.9090909090909,964.439999341965
20798,B,1,B-Group (Medium),74,44.6363636363636,1182.14997816086
84519B,B,1,B-Group (Medium),74,33.090909090909,1015.8300216198
85039B,B,1,B-Group (Medium),74,64.5454545454545,823.429990530014
21422,B,1,B-Group (Medium),74,123.2727272727272,1155.91003143787
22054,B,1,B-Group (Medium),74,90.25,655.009992957115
22731,B,0,A-Group (Fast),74,676.0,1639.03998231888
22715,C,0,A-Group (Fast),74,193.6,405.229991883039
22718,C,0,A-Group (Fast),74,143.0,314.0399941504
22051,B,0,A-Group (Fast),73,190.9090909090909,865.999975800514
21283,B,1,B-Group (Medium),73,42.0,1475.17999887466
84596L,C,1,B-Group (Medium),73,22.8181818181818,344.569999456406
21828,B,1,B-Group (Medium),73,57.6363636363636,774.259987831116
37422,C,1,B-Group (Medium),73,72.3333333333333,292.080002009869
22687,B,1,B-Group (Medium),73,46.2,1788.05996990204
21662,B,1,B-Group (Medium),73,15.3636363636363,1070.76996898651
20778,B,0,A-Group (Fast),73,324.5454545454545,876.710015177727
84709B,B,1,B-Group (Medium),73,14.0,883.57998085022
84873a,B,1,B-Group (Medium),73,11.8,1333.61005210876
22317,B,1,B-Group (Medium),73,26.2727272727272,903.690009832382
22209,B,1,B-Group (Medium),73,38.7272727272727,713.699991345406
85130A,B,1,B-Group (Medium),72,54.1818181818181,1029.43998575211
21442,C,1,B-Group (Medium),72,46.2727272727272,371.65000474453
70007,C,1,B-Group (Medium),72,26.4545454545454,504.899996519089
22201,B,1,B-Group (Medium),72,26.9090909090909,1228.38000202179
84247G,C,1,B-Group (Medium),72,90.6363636363636,418.839989572763
85186C,C,1,B-Group (Medium),72,87.0,387.319989442825
85124C,B,1,B-Group (Medium),72,27.7272727272727,790.639981985092
21691,B,1,B-Group (Medium),72,22.6363636363636,960.990000724792
85014C,A,1,B-Group (Medium),72,78.1428571428571,2270.72996234894
22129,B,0,A-Group (Fast),72,185.4545454545454,1853.40003991127
21012,B,1,B-Group (Medium),72,89.090909090909,1322.92996525764
22895,B,0,A-Group (Fast),72,264.0,1529.44001483917
22324,B,1,B-Group (Medium),71,33.5454545454545,1077.65000724792
47589,B,1,B-Group (Medium),71,16.5,910.629969596863
47503J,A,1,B-Group (Medium),71,33.4,2639.87993383408
20774,B,0,A-Group (Fast),71,307.7272727272727,799.790015339851
21188,B,1,B-Group (Medium),71,48.4545454545454,1600.77001786232
22532,B,0,A-Group (Fast),71,190.875,620.0199906528
85194L,B,1,B-Group (Medium),71,78.5454545454545,729.360019683838
21061,C,1,B-Group (Medium),71,78.7272727272727,559.160009145737
22157,B,1,B-Group (Medium),71,84.5454545454545,795.360021829605
22269,B,1,B-Group (Medium),71,50.1818181818181,688.699991464615
22403,C,1,B-Group (Medium),71,45.125,457.789999246597
20765,B,1,B-Group (Medium),71,28.6363636363636,755.260000228882
20943,C,1,B-Group (Medium),71,34.6363636363636,540.209997415543
85114C,B,1,B-Group (Medium),71,50.3636363636363,1179.08000349998
85196,B,0,A-Group (Fast),71,391.0,831.040007948875
21803,C,1,B-Group (Medium),71,107.2727272727272,517.40998890996
90062,B,1,B-Group (Medium),71,12.0,1676.38999652863
20738,B,1,B-Group (Medium),71,124.090909090909,1123.01003396511
85170A,B,1,B-Group (Medium),71,52.6363636363636,1080.57999134064
20761,B,1,B-Group (Medium),70,25.2727272727272,717.089998483658
22547,C,1,B-Group (Medium),70,131.125,451.329987168312
22664,B,1,B-Group (Medium),70,134.0,1077.85997509956
22678,B,0,A-Group (Fast),70,163.6666666666666,632.649999856949
22908,B,0,A-Group (Fast),70,479.5,721.640004038811
84795A,B,1,B-Group (Medium),70,23.1111111111111,1696.01995658875
22050,B,0,A-Group (Fast),70,161.3636363636363,745.499976724386
22034,C,1,B-Group (Medium),70,118.8181818181818,542.469986975193
35647,B,1,B-Group (Medium),70,49.8181818181818,729.489999294281
22232,B,1,B-Group (Medium),70,35.090909090909,660.079993844032
21051,B,1,B-Group (Medium),70,45.1818181818181,990.029978275299
21895,B,1,B-Group (Medium),70,47.8181818181818,1591.15999698639
21821,B,1,B-Group (Medium),70,29.090909090909,1279.96000289917
21468,B,1,B-Group (Medium),70,46.1818181818181,1736.54001140594
47591A,C,1,B-Group (Medium),70,18.1111111111111,269.539995551109
21681,B,1,B-Group (Medium),70,17.9090909090909,1900.97997093201
22143,B,1,B-Group (Medium),70,40.5454545454545,942.879986286163
20950,C,1,B-Group (Medium),70,55.090909090909,319.369990974665
21360,A,1,B-Group (Medium),70,31.8181818181818,2180.84002017975
21060,C,1,B-Group (Medium),70,71.7272727272727,523.560008525848
22279,B,1,B-Group (Medium),69,48.4545454545454,997.399976491928
51014L,B,1,B-Group (Medium),69,113.8181818181818,1040.81003046036
21199,B,1,B-Group (Medium),69,30.6363636363636,602.359990119934
21873,C,1,B-Group (Medium),69,30.0,437.659997224808
20762,B,1,B-Group (Medium),69,26.7272727272727,727.939998865128
22266,C,1,B-Group (Medium),69,93.5714285714285,444.259985923767
22420,C,1,B-Group (Medium),69,87.8333333333333,234.949995040894
21719,C,1,B-Group (Medium),69,44.090909090909,433.810010910034
21219,B,1,B-Group (Medium),69,41.9090909090909,601.34999871254
17033,B,0,A-Group (Fast),69,298.1818181818181,867.839974492788
21518,C,1,B-Group (Medium),69,68.9090909090909,323.819993495941
22711,B,0,A-Group (Fast),68,308.3333333333333,776.99997574091
17165D,C,1,B-Group (Medium),68,50.5454545454545,528.719989538193
21845,B,1,B-Group (Medium),68,52.4545454545454,1923.04999518394
17084N,C,1,B-Group (Medium),68,108.3636363636363,255.709994196892
21016,C,1,B-Group (Medium),68,67.3636363636363,503.800004005432
35972,C,1,B-Group (Medium),68,28.6363636363636,455.129998683929
21812,B,1,B-Group (Medium),68,23.0,1342.40995788574
21066,B,1,B-Group (Medium),68,139.0,733.6899933815
21688,B,1,B-Group (Medium),68,41.7272727272727,1419.82001805305
21004,B,1,B-Group (Medium),68,12.0,603.81999874115
22256,B,1,B-Group (Medium),67,58.5454545454545,804.639990091324
35957,B,0,A-Group (Fast),67,199.5454545454545,619.089989334345
79190B,C,1,B-Group (Medium),67,63.0,276.439993470907
21424,B,1,B-Group (Medium),67,54.7272727272727,1433.18999862671
35001G,B,1,B-Group (Medium),67,45.9090909090909,1531.1300137043
22428,B,1,B-Group (Medium),67,27.1428571428571,1365.05996847153
21473,A,1,B-Group (Medium),67,12.8,2553.60009765625
35981C,C,1,B-Group (Medium),67,53.5454545454545,297.619997143745
21796,A,1,B-Group (Medium),67,36.0,2782.1900305748
22264,C,1,B-Group (Medium),67,39.7272727272727,400.020008683205
21723,C,1,B-Group (Medium),67,38.2727272727272,374.210009217262
22529,B,0,A-Group (Fast),67,191.25,610.619995951653
85184D,A,0,A-Group (Fast),67,831.2,4552.68988990784
20832,C,1,B-Group (Medium),66,53.2727272727272,520.510012984276
21427,B,1,B-Group (Medium),66,35.1818181818181,658.399992465973
22756,B,0,A-Group (Fast),66,167.3333333333333,605.659990310669
85164B,B,1,B-Group (Medium),66,14.1,1851.21999931335
22642,B,1,B-Group (Medium),66,137.5,1316.09996461868
21286,B,1,B-Group (Medium),66,65.090909090909,1212.51999187469
21085,B,0,A-Group (Fast),66,1716.375,1872.6799929738
21794,B,1,B-Group (Medium),66,18.0,1257.59999084473
21205,B,1,B-Group (Medium),66,35.5454545454545,1001.00997543335
21740,B,1,B-Group (Medium),66,33.5,698.010006666183
84352,B,1,B-Group (Medium),65,8.6363636363636,1630.88005828857
22615,C,0,A-Group (Fast),65,244.0,429.919988244772
84789,B,1,B-Group (Medium),65,19.3636363636363,757.970003128052
21256,C,1,B-Group (Medium),65,108.6666666666666,588.639999628067
22610,A,0,A-Group (Fast),65,336.1111111111111,2456.68007695675
21659,B,1,B-Group (Medium),65,10.8181818181818,1876.74997997284
20659,C,1,B-Group (Medium),65,16.3636363636363,244.139999628067
85177,B,1,B-Group (Medium),65,80.4545454545454,762.780020356178
21191,B,1,B-Group (Medium),65,53.5454545454545,1203.35999679565
22247,C,1,B-Group (Medium),65,56.6666666666666,424.630011796951
22400,B,1,B-Group (Medium),65,113.125,1130.4699985981
22048,B,0,A-Group (Fast),65,156.8181818181818,724.499977380037
75013B,C,1,B-Group (Medium),65,28.2727272727272,552.619993805885
21441,C,1,B-Group (Medium),65,44.5454545454545,344.930004954338
17181,B,1,B-Group (Medium),65,39.2222222222222,642.660002708435
35958,B,1,B-Group (Medium),65,90.4545454545454,860.120023965836
21379,C,1,B-Group (Medium),65,38.9090909090909,406.059995174408
22695,B,1,B-Group (Medium),64,131.0,757.840022087097
72484,B,0,A-Group (Fast),64,454.5,991.379992246628
22680,B,0,A-Group (Fast),64,155.6666666666666,597.609999895096
21808,B,1,B-Group (Medium),64,58.7272727272727,1544.59999895096
20986,C,1,B-Group (Medium),64,25.7272727272727,381.64999961853
84596J,C,1,B-Group (Medium),64,18.4545454545454,277.799999475479
84562A,B,1,B-Group (Medium),64,13.5454545454545,1210.22998523712
85093,B,1,B-Group (Medium),64,59.3636363636363,616.029996395111
84686,B,1,B-Group (Medium),64,30.4545454545454,931.71000289917
84569D,C,1,B-Group (Medium),64,38.7272727272727,561.899999380112
85188B,C,1,B-Group (Medium),64,67.0,592.180014371872
84249D,C,1,B-Group (Medium),64,91.4444444444444,347.299991339445
10125,B,1,B-Group (Medium),64,61.7272727272727,607.280014395714
85189,B,1,B-Group (Medium),64,145.75,959.450028657913
21187,B,1,B-Group (Medium),64,67.6363636363636,1203.95001316071
21550,B,1,B-Group (Medium),64,49.1666666666666,1565.50997066498
22705,B,0,A-Group (Fast),63,262.5,661.499979346991
22898,B,0,A-Group (Fast),63,237.5,892.550011873245
79164,A,0,A-Group (Fast),63,164.8181818181818,2235.28998708725
84989B,C,1,B-Group (Medium),63,113.2222222222222,522.949998676777
20780,B,1,B-Group (Medium),63,15.4545454545454,938.870001792908
22040,B,0,A-Group (Fast),63,184.090909090909,812.499981373549
21991,B,1,B-Group (Medium),63,40.8181818181818,796.830002784729
21824,B,1,B-Group (Medium),63,56.2727272727272,887.83002448082
84466,B,0,A-Group (Fast),63,242.0,1290.85998606682
85188A,C,1,B-Group (Medium),63,125.0,546.800013780594
21391,B,1,B-Group (Medium),63,29.1818181818181,695.379971027374
21825,B,1,B-Group (Medium),63,55.0,867.590023756027
21279,B,0,A-Group (Fast),63,311.1818181818181,1292.16999268532
84918,B,1,B-Group (Medium),63,20.8,995.119980812073
21884,C,1,B-Group (Medium),63,23.7272727272727,229.129993796349
22840,B,0,A-Group (Fast),63,227.0,1696.64995670319
21282,B,1,B-Group (Medium),63,28.6363636363636,1360.03000259399
22438,B,1,B-Group (Medium),62,50.2857142857142,697.700016736984
84508A,A,0,A-Group (Fast),62,195.7272727272727,4577.16980004311
35095B,C,1,B-Group (Medium),62,76.3636363636363,318.089990407228
22766,B,0,A-Group (Fast),62,326.0,964.66001534462
84968F,B,1,B-Group (Medium),62,9.090909090909,1398.3400080204
21425,B,1,B-Group (Medium),62,37.7272727272727,938.810004234314
72800F,B,1,B-Group (Medium),62,73.8181818181818,1034.69000029564
20654,C,1,B-Group (Medium),62,19.1818181818181,266.809998512268
84678,B,1,B-Group (Medium),62,36.8181818181818,810.329990386963
77101A,B,1,B-Group (Medium),62,62.2727272727272,815.269976854324
22181,B,1,B-Group (Medium),62,74.6363636363636,676.890020370483
22248,C,1,B-Group (Medium),62,40.1,360.260008215904
85124B,B,1,B-Group (Medium),62,22.9090909090909,659.139986276627
21690,B,1,B-Group (Medium),62,17.3636363636363,739.589999437332
21629,B,1,B-Group (Medium),62,9.5454545454545,1281.36995029449
21696,B,1,B-Group (Medium),62,40.4545454545454,1336.8200199604
21536,C,1,B-Group (Medium),61,55.25,474.739979743958
20735,B,1,B-Group (Medium),61,54.0,614.150007367134
47585A,B,1,B-Group (Medium),61,72.6363636363636,1398.27000141144
84797A,A,1,B-Group (Medium),61,71.2857142857142,3560.09001541138
22938,B,0,A-Group (Fast),61,507.5,1829.89001059532
21792,B,1,B-Group (Medium),61,14.3,972.909996032715
37464,C,1,B-Group (Medium),61,23.0,343.609994888306
21017,C,1,B-Group (Medium),61,51.0,433.170004010201
37340,B,0,A-Group (Fast),61,990.181818181818,1922.00001847744
79323G,B,1,B-Group (Medium),61,62.8,2007.87996578217
84761,B,1,B-Group (Medium),61,27.6,768.849986076355
22679,C,1,B-Group (Medium),61,152.6666666666666,583.839999914169
22448,B,1,B-Group (Medium),61,60.625,1539.00998830795
84688,B,1,B-Group (Medium),61,33.1818181818181,1034.00999641418
20804,C,1,B-Group (Medium),61,40.625,579.310003519058
85131A,C,1,B-Group (Medium),61,79.5454545454545,591.489996790886
21555,B,1,B-Group (Medium),61,24.4545454545454,732.449990749359
22255,C,1,B-Group (Medium),61,42.9090909090909,453.08000767231
85117,C,1,B-Group (Medium),61,57.8333333333333,594.320000052452
85136C,B,1,B-Group (Medium),60,8.4545454545454,753.449987411499
84016,A,1,B-Group (Medium),60,122.125,3779.5099799037
22717,C,0,A-Group (Fast),60,186.2,377.589998364449
22042,C,1,B-Group (Medium),60,90.0,317.54999217391
20733,C,1,B-Group (Medium),60,52.1818181818181,403.290007352829
21476,B,1,B-Group (Medium),60,11.1111111111111,1504.92998123169
21820,B,1,B-Group (Medium),60,27.9090909090909,1169.92000627518
21627,A,1,B-Group (Medium),60,11.090909090909,2242.82001972198
90200C,C,1,B-Group (Medium),60,11.9090909090909,557.029993057251
22710,B,0,A-Group (Fast),60,405.5,941.859984785318
21398,B,1,B-Group (Medium),59,67.8181818181818,1456.04997491837
22031,C,1,B-Group (Medium),59,56.090909090909,264.999993145466
15058A,B,1,B-Group (Medium),59,34.5,1485.23999500275
21040,B,1,B-Group (Medium),59,86.1,1068.10000824928
22288,B,1,B-Group (Medium),59,73.6363636363636,874.019996166229
85224,B,0,A-Group (Fast),59,181.7272727272727,1110.45997810364
22183,B,1,B-Group (Medium),59,18.5454545454545,1089.33998584747
22683,C,1,B-Group (Medium),59,146.6666666666666,562.599999904633
21617,B,1,B-Group (Medium),59,24.9090909090909,997.5
22166,B,1,B-Group (Medium),59,18.7272727272727,1683.24998855591
40001,B,1,B-Group (Medium),59,146.2727272727272,1185.65999305248
84675,C,1,B-Group (Medium),59,17.6363636363636,536.3100066185
17164B,C,1,B-Group (Medium),59,127.4545454545454,554.999994575977
22651,C,1,B-Group (Medium),59,134.25,477.510011315346
62018,A,0,A-Group (Fast),59,430.0,6191.10001897812
22316,B,1,B-Group (Medium),59,53.5454545454545,677.929979324341
21220,C,1,B-Group (Medium),59,25.4545454545454,382.339998960495
85118,B,1,B-Group (Medium),59,147.7272727272727,841.689993143082
21294,B,1,B-Group (Medium),59,47.090909090909,678.159999370575
21732,A,1,B-Group (Medium),58,92.5,3214.57007646561
84971L,B,1,B-Group (Medium),58,117.0,723.50999045372
90200D,C,1,B-Group (Medium),58,11.5454545454545,540.749992370605
47594B,C,1,B-Group (Medium),58,20.2727272727272,464.590011119843
84813,B,1,B-Group (Medium),58,23.0,1855.98001289368
21849,B,1,B-Group (Medium),58,38.4545454545454,841.709993124008
46776F,B,1,B-Group (Medium),58,23.8181818181818,725.020004272461
21292,B,1,B-Group (Medium),58,137.9090909090909,776.540013313293
35969,C,1,B-Group (Medium),58,41.3636363636363,429.929993271828
85165,B,1,B-Group (Medium),58,12.8571428571428,872.760008811951
22338,B,1,B-Group (Medium),58,102.4545454545454,714.009983181953
22049,C,1,B-Group (Medium),58,159.090909090909,464.749989658594
22471,B,1,B-Group (Medium),58,22.5,891.719979286194
22847,A,1,B-Group (Medium),58,150.0,2346.50002098084
37423,B,0,A-Group (Fast),58,550.7272727272727,780.260009646416
21705,B,1,B-Group (Medium),58,80.6363636363636,1372.68001294136
22053,C,1,B-Group (Medium),57,27.4545454545454,408.219999313354
21480,B,0,A-Group (Fast),57,285.0,899.520000457764
21160,C,1,B-Group (Medium),57,88.1111111111111,554.130004167557
22408,B,1,B-Group (Medium),57,60.25,601.179996490479
35095A,C,1,B-Group (Medium),57,75.2727272727272,310.529990643263
21810,B,1,B-Group (Medium),57,66.5454545454545,910.979990959167
20894,B,1,B-Group (Medium),57,18.0,617.190002918243
20854,C,1,B-Group (Medium),57,15.3636363636363,278.849995970726
21146,B,1,B-Group (Medium),57,70.6363636363636,1490.27002501488
21195,B,1,B-Group (Medium),57,23.0,654.249994277954
21710,B,1,B-Group (Medium),57,55.0,1653.28999519348
21454,C,1,B-Group (Medium),57,39.2222222222222,312.240007638931
79323B,B,1,B-Group (Medium),57,33.4285714285714,1511.69997787476
20902,B,1,B-Group (Medium),57,8.1818181818181,787.480010032654
22313,B,1,B-Group (Medium),57,20.090909090909,1026.66997504234
21650,C,1,B-Group (Medium),57,54.9090909090909,434.409986019135
21693,B,1,B-Group (Medium),57,36.3636363636363,1213.25001621246
20989,B,1,B-Group (Medium),57,101.75,782.18001294136
20622,C,1,B-Group (Medium),57,13.2727272727272,340.809988975525
17165B,B,1,B-Group (Medium),57,73.6363636363636,751.67999124527
47504G,C,1,B-Group (Medium),57,44.3333333333333,366.809998989105
20984,B,0,A-Group (Fast),56,182.4545454545454,710.330009102821
22100,C,1,B-Group (Medium),56,17.0,267.10999917984
79323S,A,1,B-Group (Medium),56,33.4,2084.31996154785
40046A,C,1,B-Group (Medium),56,27.7272727272727,409.569995164871
22899,B,1,B-Group (Medium),56,162.0,663.839981555939
16156N,B,0,A-Group (Fast),56,210.7142857142857,619.499980658293
21708,B,1,B-Group (Medium),56,36.090909090909,1349.34997844696
21809,B,1,B-Group (Medium),56,54.6363636363636,750.889991044998
84843,B,1,B-Group (Medium),56,8.9090909090909,701.759983062744
84968E,A,1,B-Group (Medium),56,22.9090909090909,3018.87998008728
15058B,B,1,B-Group (Medium),56,25.5,1394.69999027252
85194S,C,1,B-Group (Medium),56,60.4444444444444,387.93998670578
20857,C,1,B-Group (Medium),56,18.1818181818181,329.999995231628
62094B,B,1,B-Group (Medium),56,28.3,599.599992632866
20753,C,1,B-Group (Medium),56,109.0,508.999986171722
21090,C,1,B-Group (Medium),56,68.5,445.630005002022
21293,C,1,B-Group (Medium),56,17.1818181818181,513.709987640381
35160,B,0,A-Group (Fast),56,198.1818181818181,1590.64005565643
84796B,A,1,B-Group (Medium),56,34.3,2585.0700469017
46776B,B,1,B-Group (Medium),55,22.5454545454545,601.430003166199
22776,B,0,A-Group (Fast),55,191.0,1844.6899766922
84218,C,1,B-Group (Medium),55,23.0,280.400006532669
22725,B,1,B-Group (Medium),55,98.0,764.070000648499
20783,B,1,B-Group (Medium),55,18.3333333333333,1051.4000005722
21280,B,0,A-Group (Fast),55,296.3636363636363,1611.78000259399
21744,B,1,B-Group (Medium),55,22.7272727272727,758.870011091232
22280,B,1,B-Group (Medium),55,34.6363636363636,701.629986763
84673B,C,1,B-Group (Medium),55,28.0,217.979992389679
84750B,B,1,B-Group (Medium),55,46.3636363636363,1010.67000579834
85035C,B,1,B-Group (Medium),55,18.090909090909,822.869997024536
16225,C,1,B-Group (Medium),55,59.7272727272727,511.36999464035
21490,B,1,B-Group (Medium),55,63.7,1210.60000741482
22682,C,1,B-Group (Medium),55,142.0,537.539999961853
21307,B,1,B-Group (Medium),55,60.4545454545454,600.369981050491
47579,C,1,B-Group (Medium),54,16.7272727272727,418.769985675812
21739,B,1,B-Group (Medium),54,18.2727272727272,633.720006465912
37494A,B,1,B-Group (Medium),54,48.2,817.599995613098
21064,A,1,B-Group (Medium),54,51.0,2973.30991077423
85197,B,1,B-Group (Medium),54,163.4,885.959994316101
20731,B,0,A-Group (Fast),54,366.9090909090909,1121.68000495434
47480,B,1,B-Group (Medium),54,57.2727272727272,1040.77999770641
16168M,C,1,B-Group (Medium),54,117.6363636363636,326.569992735982
10123C,C,1,B-Group (Medium),54,56.6363636363636,236.859990954399
20618,C,1,B-Group (Medium),54,11.7272727272727,318.039991855621
22163,B,1,B-Group (Medium),54,31.2727272727272,1032.95001554489
21253,C,1,B-Group (Medium),54,16.1818181818181,557.989998817444
21684,B,1,B-Group (Medium),54,81.8181818181818,724.260007023811
37441,B,1,B-Group (Medium),54,77.7777777777777,1639.79999256134
20755,B,0,A-Group (Fast),54,416.7272727272727,651.400011181831
72728,C,1,B-Group (Medium),54,71.4444444444444,523.150016188622
84674,B,1,B-Group (Medium),54,21.090909090909,612.370010375977
21698,C,1,B-Group (Medium),54,18.2727272727272,197.070003032684
22742,B,1,B-Group (Medium),54,83.0,743.43001127243
22453,B,1,B-Group (Medium),54,37.125,845.510005950928
79190D,C,1,B-Group (Medium),54,30.5454545454545,150.649996191263
22233,C,1,B-Group (Medium),53,27.3636363636363,517.169991850853
20856,C,1,B-Group (Medium),53,14.5454545454545,263.999996185303
85018D,B,1,B-Group (Medium),53,60.0,768.570004463196
22258,C,1,B-Group (Medium),53,85.8,544.649990081787
22684,C,1,B-Group (Medium),53,146.6666666666666,560.079999923706
84902,C,1,B-Group (Medium),53,10.5,326.33000421524
22681,C,1,B-Group (Medium),53,137.6666666666666,527.589999914169
21402,C,1,B-Group (Medium),53,27.1818181818181,132.719996362925
20695,C,1,B-Group (Medium),53,11.7272727272727,549.329996824265
85053,B,1,B-Group (Medium),53,45.5714285714285,669.679997444153
44230,A,1,B-Group (Medium),53,31.5454545454545,3381.62005376816
16011,C,1,B-Group (Medium),53,154.9090909090909,356.639988899231
16169N,C,1,B-Group (Medium),53,177.2727272727272,594.749984890223
84012,B,1,B-Group (Medium),53,46.9090909090909,1199.12996220589
84815,B,1,B-Group (Medium),53,132.2857142857142,1183.82000350952
21630,B,1,B-Group (Medium),53,7.2727272727272,1109.71000289917
85185D,C,1,B-Group (Medium),52,14.2727272727272,524.010001420975
85035B,B,1,B-Group (Medium),52,28.8181818181818,1287.46999025345
85173,B,1,B-Group (Medium),52,46.090909090909,939.409982681274
21458,C,1,B-Group (Medium),52,65.1111111111111,592.699996232986
82616A,B,1,B-Group (Medium),52,28.7272727272727,624.210005283356
85121C,B,1,B-Group (Medium),52,10.6666666666666,901.909997940063
22735,B,0,A-Group (Fast),52,245.5,801.539996147156
20760,B,0,A-Group (Fast),52,452.090909090909,924.010010123253
84797B,A,1,B-Group (Medium),52,49.1428571428571,2077.8199672699
20901,B,1,B-Group (Medium),52,8.0,721.450005054474
84509c,B,1,B-Group (Medium),52,14.090909090909,690.70999956131
72801D,C,1,B-Group (Medium),52,44.7272727272727,376.919993877411
21386,C,1,B-Group (Medium),52,41.3,371.420008301735
85045,B,1,B-Group (Medium),52,18.3636363636363,1001.10997676849
22062,C,1,B-Group (Medium),52,16.090909090909,567.340001344681
85183B,B,1,B-Group (Medium),51,61.8181818181818,1344.64000558853
22673,C,1,B-Group (Medium),51,149.3333333333333,550.169994354248
22897,B,0,A-Group (Fast),51,221.5,631.530016183853
85183A,B,1,B-Group (Medium),51,72.1818181818181,1352.46000623703
21062,C,1,B-Group (Medium),51,39.9090909090909,353.890008807182
84673A,C,1,B-Group (Medium),51,36.3636363636363,245.919989347458
17091B,C,1,B-Group (Medium),51,27.6,316.980002403259
46775E,B,1,B-Group (Medium),51,10.1,1282.90005111694
21144,C,1,B-Group (Medium),51,43.6363636363636,243.50999879837
21377,C,1,B-Group (Medium),51,34.1818181818181,487.099995017052
22905,B,1,B-Group (Medium),51,191.0,1103.78000998497
84664,B,1,B-Group (Medium),51,17.5454545454545,955.349963188171
84510C,C,1,B-Group (Medium),51,13.1818181818181,206.609998464584
21709,A,1,B-Group (Medium),51,49.7272727272727,2185.06998443604
22838,B,1,B-Group (Medium),51,129.0,1837.78998565674
22685,C,1,B-Group (Medium),51,144.3333333333333,542.509999990463
72598,C,1,B-Group (Medium),51,52.8181818181818,473.640003919601
21412,C,1,B-Group (Medium),51,18.8181818181818,223.910002082586
21549,B,1,B-Group (Medium),51,109.4,1270.39000582695
85169A,C,1,B-Group (Medium),50,29.5454545454545,423.289998292923
85103,B,1,B-Group (Medium),50,14.5454545454545,1120.99998092651
22032,C,1,B-Group (Medium),50,49.1818181818181,231.099993646145
20782,C,1,B-Group (Medium),50,7.7272727272727,517.479994773865
21814,C,1,B-Group (Medium),50,31.3636363636363,532.500015735626
20617,C,1,B-Group (Medium),50,16.0,390.709986209869
21281,B,0,A-Group (Fast),50,329.9090909090909,1561.74999856949
20878,B,1,B-Group (Medium),50,45.6363636363636,649.459992170334
85025B,C,1,B-Group (Medium),50,20.7272727272727,407.119993448257
85222,B,1,B-Group (Medium),50,200.8571428571428,1579.67993593216
18094C,C,1,B-Group (Medium),50,18.9090909090909,276.500000476837
22345,C,1,B-Group (Medium),50,29.0,283.620007395744
85090,C,1,B-Group (Medium),50,9.3636363636363,540.660008430481
22543,B,0,A-Group (Fast),50,215.375,718.289984762669
20863,B,1,B-Group (Medium),50,32.5555555555555,601.529986381531
35004G,B,1,B-Group (Medium),50,18.5454545454545,860.259995222092
85084,C,1,B-Group (Medium),50,44.0,470.980013012886
84405A,B,1,B-Group (Medium),50,11.7272727272727,1042.15998649597
22108,C,1,B-Group (Medium),50,12.6363636363636,488.169998168945
21628,B,1,B-Group (Medium),50,8.8181818181818,1919.31002235413
71143,C,1,B-Group (Medium),50,12.1818181818181,245.139997363091
35096A,C,1,B-Group (Medium),50,191.25,272.449992656708
21620,B,1,B-Group (Medium),50,16.1818181818181,668.369999885559
46775D,B,1,B-Group (Medium),50,7.5454545454545,1071.48004341125
84251F,C,1,B-Group (Medium),50,34.1,83.9699998497963
22263,C,1,B-Group (Medium),49,45.6363636363636,419.750012278557
84682,C,1,B-Group (Medium),49,29.5,596.940003395081
21426,B,1,B-Group (Medium),49,69.5454545454545,1002.72000145912
21641,C,1,B-Group (Medium),49,35.5454545454545,382.920008182526
21879,C,1,B-Group (Medium),49,33.3636363636363,254.679991841316
84341B,C,1,B-Group (Medium),49,59.4545454545454,372.9000030756
85170D,C,1,B-Group (Medium),49,27.0,493.060002326965
72023F,B,1,B-Group (Medium),49,71.1111111111111,669.620008230209
21130,B,1,B-Group (Medium),49,103.0,1200.93001055717
72122,C,1,B-Group (Medium),49,20.5454545454545,221.419997155666
72815,B,1,B-Group (Medium),49,20.7272727272727,870.619998931885
15058C,B,1,B-Group (Medium),49,25.4444444444444,1315.94999647141
20700,B,1,B-Group (Medium),49,31.5454545454545,779.880004882813
21695,B,1,B-Group (Medium),49,25.8181818181818,890.880007505417
84396,B,1,B-Group (Medium),49,184.0,1380.52001619339
84029C,B,1,B-Group (Medium),49,102.5,773.970005989075
21222,C,1,B-Group (Medium),49,28.0,391.419999837875
79190A,C,1,B-Group (Medium),49,31.0,156.729996323586
21285,B,1,B-Group (Medium),49,52.4545454545454,842.819974899292
82011C,C,1,B-Group (Medium),48,6.9090909090909,408.129997730255
21850,C,1,B-Group (Medium),48,28.3636363636363,557.369995355606
20997,C,1,B-Group (Medium),48,11.0,534.179988861084
84762B,B,1,B-Group (Medium),48,11.3,837.769992828369
21455,C,1,B-Group (Medium),48,30.7777777777777,266.230004429817
85135A,C,1,B-Group (Medium),48,6.0,531.989986419678
47504E,B,0,A-Group (Fast),48,398.8181818181818,931.860025882721
21530,C,1,B-Group (Medium),48,13.6363636363636,485.750002145767
85113,C,1,B-Group (Medium),48,31.6666666666666,591.659981250763
79030G,B,1,B-Group (Medium),48,24.5454545454545,600.759997367859
21127,B,1,B-Group (Medium),48,42.4285714285714,998.029981613159
22597,B,0,A-Group (Fast),48,247.5,779.220025777817
10134,B,1,B-Group (Medium),48,54.2727272727272,686.129981040955
90129A,C,1,B-Group (Medium),48,8.8181818181818,189.719999194145
22511,C,1,B-Group (Medium),48,16.25,483.720003128052
21538,B,1,B-Group (Medium),48,130.1,1898.25999975204
85033S,C,1,B-Group (Medium),48,23.3636363636363,316.70000231266
85034A,B,1,B-Group (Medium),48,27.0,1226.1299905777
72529W,B,1,B-Group (Medium),48,46.5,923.049996376038
20802,C,1,B-Group (Medium),48,24.3636363636363,529.479989647865
84795B,B,1,B-Group (Medium),48,10.6363636363636,957.729976654053
72803A,B,1,B-Group (Medium),48,14.0,667.340000152588
84356,B,1,B-Group (Medium),48,31.7,1584.33997344971
35599D,C,1,B-Group (Medium),48,9.1818181818181,456.289998292923
22344,C,1,B-Group (Medium),48,29.090909090909,311.280005693436
82616C,C,1,B-Group (Medium),48,27.1818181818181,497.870000123978
22096,C,1,B-Group (Medium),48,23.9090909090909,307.269997239113
85121B,B,1,B-Group (Medium),48,12.2857142857142,936.739994049072
84899F,C,1,B-Group (Medium),48,10.5454545454545,179.619999170303
22896,B,1,B-Group (Medium),48,203.5,955.379971027374
21378,C,1,B-Group (Medium),48,36.090909090909,473.009992361069
21007,B,1,B-Group (Medium),48,192.7,914.669998168945
21352,B,1,B-Group (Medium),48,36.9090909090909,1109.9000120163
22894,B,1,B-Group (Medium),47,109.0,1784.96000862122
22116,C,1,B-Group (Medium),47,22.0,465.760002613068
21403,C,1,B-Group (Medium),47,37.3636363636363,179.039994925261
20855,C,1,B-Group (Medium),47,14.2,234.299996614456
75131,B,1,B-Group (Medium),47,63.4545454545454,963.140011787415
84660C,C,1,B-Group (Medium),47,6.1818181818181,352.229998111725
22446,C,1,B-Group (Medium),47,20.25,559.799984931946
47594A,C,1,B-Group (Medium),47,19.5454545454545,437.510010480881
21520,C,1,B-Group (Medium),47,38.9090909090909,186.509995609522
20707,B,1,B-Group (Medium),47,103.0,754.029990434647
22807,B,1,B-Group (Medium),47,165.0,947.340001344681
51008,A,1,B-Group (Medium),47,168.0,5870.60008811951
85221,B,0,A-Group (Fast),47,593.0,1685.45998311043
85167B,B,1,B-Group (Medium),47,54.8181818181818,1240.65000724792
21091,B,0,A-Group (Fast),47,3425.0,1868.70002067089
79071B,C,1,B-Group (Medium),47,10.7777777777777,297.990003824234
21817,C,1,B-Group (Medium),47,46.1818181818181,433.420011997223
17096,B,0,A-Group (Fast),47,334.9090909090909,656.380002871156
82585,C,1,B-Group (Medium),47,41.0,235.899996042252
72799F,B,1,B-Group (Medium),47,77.7272727272727,1323.33000278473
21842,B,1,B-Group (Medium),47,137.75,1308.73996186256
84968D,A,1,B-Group (Medium),47,27.0,3502.73996543884
22890,A,1,B-Group (Medium),46,228.0,2087.62998104095
20758,B,0,A-Group (Fast),46,455.6363636363636,651.960010409355
21678,C,1,B-Group (Medium),46,39.5454545454545,300.940004646778
22941,A,0,A-Group (Fast),46,392.0,3144.96002197266
22708,B,0,A-Group (Fast),46,405.0,786.499986797571
85162C,B,1,B-Group (Medium),46,129.1428571428571,1841.70004439354
35991,C,1,B-Group (Medium),46,32.5454545454545,213.599997609854
22815,C,0,A-Group (Fast),46,270.5,233.649995803833
22407,C,1,B-Group (Medium),46,40.875,398.069994449615
37508,C,1,B-Group (Medium),46,9.8888888888888,229.569995880127
84972L,C,1,B-Group (Medium),46,14.625,462.150005578995
21026,C,1,B-Group (Medium),46,22.090909090909,332.189999103546
35653,C,1,B-Group (Medium),46,11.9090909090909,425.320003986359
21198,C,1,B-Group (Medium),46,22.0,445.679992556572
21813,B,1,B-Group (Medium),46,14.6363636363636,882.889976501465
72800A,B,1,B-Group (Medium),46,112.3333333333333,743.260005950928
84620,B,1,B-Group (Medium),46,10.2727272727272,699.00997877121
85096,C,1,B-Group (Medium),45,11.6363636363636,514.829998970032
72789,C,1,B-Group (Medium),45,11.090909090909,461.530000209808
21134,B,1,B-Group (Medium),45,34.1818181818181,644.789991974831
35923,C,1,B-Group (Medium),45,16.0,265.719999313354
22043,C,1,B-Group (Medium),45,72.8181818181818,248.189993798733
16169P,C,1,B-Group (Medium),45,152.2727272727272,502.24998742342
90134,C,1,B-Group (Medium),45,5.7272727272727,186.780002117157
21417,C,1,B-Group (Medium),45,13.8181818181818,366.769990205765
85230F,B,1,B-Group (Medium),45,224.0,597.439982056618
21043,B,1,B-Group (Medium),45,15.7272727272727,702.999991893768
22686,C,1,B-Group (Medium),45,109.0,432.689999818802
22854,B,1,B-Group (Medium),45,120.5,1166.8299703598
21664,B,1,B-Group (Medium),45,13.9090909090909,650.730000972748
85211,C,1,B-Group (Medium),45,12.8181818181818,264.12999689579
21477,A,1,B-Group (Medium),45,68.25,3248.93997001648
72267,C,1,B-Group (Medium),45,66.25,530.159990787506
84509F,A,0,A-Group (Fast),45,252.7272727272727,2452.3499994278
85204,C,1,B-Group (Medium),45,26.1818181818181,125.459996819496
90005A,C,1,B-Group (Medium),45,8.0,180.409998893738
22124,C,1,B-Group (Medium),45,12.2727272727272,409.310003519058
37476,B,1,B-Group (Medium),45,14.9090909090909,1523.25002861023
21289,B,1,B-Group (Medium),45,67.9090909090909,714.289997339249
22337,B,1,B-Group (Medium),44,118.1818181818181,768.249999642372
20897,C,1,B-Group (Medium),44,20.5454545454545,491.410000562668
85179B,B,1,B-Group (Medium),44,22.2727272727272,1051.95000219345
72801C,C,1,B-Group (Medium),44,57.8,394.659992694855
22609,B,1,B-Group (Medium),44,134.3333333333333,1039.8000279665
84469,A,1,B-Group (Medium),44,166.0,2249.41002845764
22389,C,1,B-Group (Medium),44,37.5,578.509992837906
37492B,B,1,B-Group (Medium),44,44.4545454545454,946.719994068146
22396,B,1,B-Group (Medium),44,75.75,717.959986925125
47310M,C,1,B-Group (Medium),44,28.3636363636363,398.159988880157
21185,B,1,B-Group (Medium),44,16.5,876.289986133575
35968,C,1,B-Group (Medium),44,41.2727272727272,211.159997463226
35951,B,1,B-Group (Medium),43,117.7272727272727,688.49999332428
20616,C,1,B-Group (Medium),43,7.4545454545454,184.699995994568
82616B,C,1,B-Group (Medium),43,18.7272727272727,388.700001239777
84762C,B,1,B-Group (Medium),43,17.5,761.249990463257
22393,B,1,B-Group (Medium),43,36.125,651.129987001419
21200,C,1,B-Group (Medium),43,20.0,400.899993658066
21223,C,1,B-Group (Medium),43,98.4,587.079988241196
20933,B,1,B-Group (Medium),43,43.8181818181818,1258.4400177002
20913,B,1,B-Group (Medium),43,157.0,898.719993591309
79302m,B,1,B-Group (Medium),43,19.9090909090909,647.43999505043
20775,B,0,A-Group (Fast),43,344.9,656.640018463135
84849A,C,1,B-Group (Medium),43,24.5454545454545,448.750012636185
82607C,C,1,B-Group (Medium),43,28.75,175.609999418259
84535A,C,1,B-Group (Medium),43,69.3333333333333,160.369995236397
85135B,C,1,B-Group (Medium),43,4.8181818181818,432.329992294312
20893,B,1,B-Group (Medium),43,23.0,608.069981098175
21804,B,1,B-Group (Medium),43,21.6363636363636,908.460000514984
20906,C,1,B-Group (Medium),43,8.7272727272727,353.490001916885
46776A,C,1,B-Group (Medium),43,21.8181818181818,582.010000228882
84773,C,1,B-Group (Medium),43,16.0,519.200008392334
90200E,C,1,B-Group (Medium),43,9.090909090909,425.079998016357
21758,C,1,B-Group (Medium),43,7.090909090909,590.879991531372
17039,B,0,A-Group (Fast),43,411.8888888888888,837.879974350333
72800B,B,1,B-Group (Medium),43,69.9090909090909,853.540004253387
35004P,B,1,B-Group (Medium),43,10.9090909090909,646.239994049072
22892,C,0,A-Group (Fast),43,467.0,582.66999578476
20998,C,1,B-Group (Medium),43,10.5454545454545,363.880001068115
72800D,B,1,B-Group (Medium),43,45.3636363636363,676.279996395111
22339,C,1,B-Group (Medium),42,67.3636363636363,484.229982256889
85213,C,1,B-Group (Medium),42,48.7272727272727,476.87000644207
21014,C,1,B-Group (Medium),42,33.0,234.830001115799
16207A,C,1,B-Group (Medium),42,7.5454545454545,260.429998159409
90129E,C,1,B-Group (Medium),42,7.2727272727272,168.030000329018
20653,C,1,B-Group (Medium),42,174.8181818181818,419.810010313988
82553,C,1,B-Group (Medium),42,38.0,237.729999303818
21616,B,1,B-Group (Medium),42,25.9090909090909,993.75
21269,B,1,B-Group (Medium),42,7.2727272727272,739.359996795654
21133,B,1,B-Group (Medium),42,41.0,712.910024166107
84923,C,1,B-Group (Medium),42,6.4444444444444,287.080001831055
21882,C,1,B-Group (Medium),42,28.9090909090909,224.729992747307
85132B,B,1,B-Group (Medium),42,33.7272727272727,1534.03000545502
72128,C,1,B-Group (Medium),42,40.9090909090909,235.779999136925
47367B,C,1,B-Group (Medium),42,10.4545454545454,405.939998626709
72232,C,1,B-Group (Medium),42,195.5454545454545,408.689994871616
72819,B,1,B-Group (Medium),42,40.8181818181818,603.900002479553
72814,B,1,B-Group (Medium),42,20.2727272727272,806.67000246048
90161C,C,1,B-Group (Medium),42,6.9090909090909,380.96999168396
22092,C,1,B-Group (Medium),42,21.1818181818181,232.749999046326
22216,C,1,B-Group (Medium),42,60.7272727272727,596.380013227463
84977,C,1,B-Group (Medium),42,20.090909090909,278.829999923706
20763,C,1,B-Group (Medium),42,17.1818181818181,479.069999933243
20910,B,1,B-Group (Medium),42,8.5454545454545,692.920003890991
47503K,B,0,A-Group (Fast),42,453.8571428571428,1389.44004774094
84033,B,1,B-Group (Medium),41,52.5714285714285,694.069989562035
47562,C,1,B-Group (Medium),41,26.0,390.0
21399,C,1,B-Group (Medium),41,25.8181818181818,588.389984130859
37444C,B,1,B-Group (Medium),41,148.090909090909,610.769986152649
90098,C,1,B-Group (Medium),41,9.0,204.539997577667
20689,B,1,B-Group (Medium),41,53.625,614.099989414215
16169K,C,1,B-Group (Medium),41,145.4545454545454,459.249988943338
22287,B,1,B-Group (Medium),41,78.0,718.889994263649
85136B,C,1,B-Group (Medium),41,4.8181818181818,426.069989204407
21209,C,1,B-Group (Medium),41,20.9090909090909,435.929991841316
20699,C,1,B-Group (Medium),41,16.0,470.849990606308
21503,C,1,B-Group (Medium),41,97.7272727272727,451.499985903502
16046,B,0,A-Group (Fast),41,901.090909090909,1101.09998786449
22706,B,0,A-Group (Fast),41,330.0,644.999988377094
21815,C,1,B-Group (Medium),41,34.5454545454545,568.070017576218
84951B,C,1,B-Group (Medium),41,10.6363636363636,278.849998354912
22504,A,1,B-Group (Medium),41,16.5,2771.41006851196
85198,B,0,A-Group (Fast),41,341.4545454545454,1383.87004852295
85036C,C,1,B-Group (Medium),41,11.5454545454545,523.909997940063
21619,C,1,B-Group (Medium),41,12.9090909090909,536.369999885559
40003,B,1,B-Group (Medium),41,87.5454545454545,1035.67999196053
21319,C,1,B-Group (Medium),41,29.5454545454545,529.820001840591
21350,B,1,B-Group (Medium),40,22.2,638.900006771088
84508B,C,1,B-Group (Medium),40,9.8181818181818,295.699995040894
85215,C,1,B-Group (Medium),40,48.090909090909,401.139986991882
84684,B,1,B-Group (Medium),40,87.0,720.700008630753
21728,A,1,B-Group (Medium),40,37.25,2773.10999774933
21084,C,1,B-Group (Medium),40,28.090909090909,229.169992446899
21268,C,1,B-Group (Medium),40,32.2727272727272,244.019994795322
85097B,C,1,B-Group (Medium),40,11.7777777777777,417.170000076294
84715,B,1,B-Group (Medium),40,19.5454545454545,658.190008878708
22949,B,0,A-Group (Fast),40,417.5,1106.26001214981
22103,B,1,B-Group (Medium),40,42.5454545454545,784.089998483658
22943,A,0,A-Group (Fast),40,523.0,2321.45998001099
90209B,C,1,B-Group (Medium),40,17.5454545454545,368.689994096756
22842,B,1,B-Group (Medium),40,123.0,798.669990539551
46000P,B,1,B-Group (Medium),40,17.0,794.75
72801G,B,1,B-Group (Medium),40,113.6363636363636,703.659986019135
72816,C,1,B-Group (Medium),40,21.1818181818181,321.63999915123
22947,A,1,B-Group (Medium),40,80.5,2393.95004653931
21167,C,1,B-Group (Medium),40,85.3636363636363,234.569997087121
22289,C,1,B-Group (Medium),40,53.7272727272727,591.449996232986
21359,B,1,B-Group (Medium),40,6.7272727272727,1174.39998626709
20932,C,1,B-Group (Medium),40,10.3636363636363,451.190000534058
85129C,C,1,B-Group (Medium),40,26.1818181818181,367.85999917984
84625D,B,1,B-Group (Medium),40,46.6363636363636,609.110013961792
16033,B,0,A-Group (Fast),40,1232.8181818181818,1357.32001995295
21221,C,1,B-Group (Medium),40,17.8181818181818,264.379999399185
21456,C,1,B-Group (Medium),40,63.0,553.829996347427
90013A,C,1,B-Group (Medium),40,5.2727272727272,219.899999141693
85136A,C,1,B-Group (Medium),40,4.7272727272727,425.979989051819
82587,C,1,B-Group (Medium),40,21.3333333333333,166.779998540878
90200A,C,1,B-Group (Medium),39,7.4545454545454,349.03999710083
21275,B,1,B-Group (Medium),39,20.8181818181818,1316.70002174377
22863,B,1,B-Group (Medium),39,125.0,702.060002565384
84687,B,1,B-Group (Medium),39,20.5454545454545,656.060001373291
84951A,C,1,B-Group (Medium),39,13.090909090909,280.569997906685
21000,B,1,B-Group (Medium),39,53.4545454545454,1363.08999848366
47021G,C,1,B-Group (Medium),39,10.8181818181818,210.039999485016
84569B,C,1,B-Group (Medium),39,22.7272727272727,315.019999980927
20936,C,1,B-Group (Medium),39,20.4545454545454,500.130001544952
22814,C,1,B-Group (Medium),39,215.5,183.579996913671
90161D,C,1,B-Group (Medium),39,6.3636363636363,348.269994735718
22252,C,1,B-Group (Medium),39,24.0,357.299998998642
84846A,C,1,B-Group (Medium),39,16.5454545454545,412.099985122681
90082D,C,1,B-Group (Medium),39,7.1818181818181,509.749994277954
21457,C,1,B-Group (Medium),39,62.2222222222222,547.599996328354
84507C,C,1,B-Group (Medium),39,32.6363636363636,438.510003566742
21722,C,1,B-Group (Medium),39,21.1818181818181,215.380005002022
22841,B,1,B-Group (Medium),39,111.0,842.629978179932
16016,B,1,B-Group (Medium),39,92.8181818181818,800.25002682209
85130D,C,1,B-Group (Medium),39,16.6363636363636,321.849995613098
35594,C,1,B-Group (Medium),39,15.0,103.059997856617
37467,C,1,B-Group (Medium),39,7.6363636363636,155.940003275871
85212,C,1,B-Group (Medium),39,29.0,303.750005722046
21553,C,1,B-Group (Medium),39,18.0,581.269990921021
22538,C,1,B-Group (Medium),39,122.875,420.789987534285
17129D,B,0,A-Group (Fast),39,281.25,1351.17997610569
51020B,C,1,B-Group (Medium),38,79.1818181818181,397.549993991852
20769,C,1,B-Group (Medium),38,28.7272727272727,500.349993228912
84007,C,1,B-Group (Medium),38,14.1818181818181,410.569992780685
22700,C,1,B-Group (Medium),38,40.75,479.470004081726
21318,C,1,B-Group (Medium),38,22.9090909090909,435.73999786377
16169C,C,1,B-Group (Medium),38,102.2727272727272,472.49998524785
35015,C,1,B-Group (Medium),38,187.0,133.179997023195
35810B,C,1,B-Group (Medium),38,14.4545454545454,312.109990596771
90129B,C,1,B-Group (Medium),38,7.6363636363636,196.400001168251
21096,A,0,A-Group (Fast),38,1332.7272727272727,2130.61993741989
35598D,C,1,B-Group (Medium),38,56.1818181818181,488.099985122681
85044,B,1,B-Group (Medium),38,13.1818181818181,781.599991798401
84510F,C,1,B-Group (Medium),38,99.9090909090909,432.75001168251
22796,B,1,B-Group (Medium),38,114.0,1093.37998485565
84712B,C,1,B-Group (Medium),38,6.0,519.699992179871
84457,C,1,B-Group (Medium),38,18.3333333333333,166.170002102852
21618,B,1,B-Group (Medium),38,24.4545454545454,957.75
22795,B,1,B-Group (Medium),38,146.0,954.759986877441
22123,C,1,B-Group (Medium),38,10.9090909090909,473.779995918274
22390,B,1,B-Group (Medium),38,58.0,855.219987869263
20759,B,0,A-Group (Fast),38,495.9090909090909,667.830010294914
90214K,C,1,B-Group (Medium),38,6.090909090909,87.25
22510,C,1,B-Group (Medium),38,10.5,332.460000991821
21666,B,1,B-Group (Medium),38,117.6363636363636,786.539998054504
85187,C,1,B-Group (Medium),38,19.2857142857142,248.399995565414
20934,B,1,B-Group (Medium),37,23.4,684.069985389709
20757,B,0,A-Group (Fast),37,470.090909090909,737.950005292892
20935,C,1,B-Group (Medium),37,25.6363636363636,521.380002975464
85039C,C,1,B-Group (Medium),37,19.6363636363636,225.679994702339
20784,A,1,B-Group (Medium),37,9.1818181818181,3570.87002182007
21750,C,1,B-Group (Medium),37,19.7272727272727,452.139985561371
20756,B,0,A-Group (Fast),37,492.0,633.36000931263
20830,C,1,B-Group (Medium),37,21.2727272727272,447.539994239807
21946,C,1,B-Group (Medium),37,47.3636363636363,268.320001006126
22768,B,1,B-Group (Medium),37,89.0,885.549983024597
21694,B,1,B-Group (Medium),37,18.090909090909,602.370008945465
22902,B,1,B-Group (Medium),37,156.0,617.019989967346
84529C,C,1,B-Group (Medium),37,11.1428571428571,414.740001678467
21752,B,1,B-Group (Medium),37,7.7,1244.8099861145
72750B,B,1,B-Group (Medium),37,44.6363636363636,1033.45001888275
21634,B,1,B-Group (Medium),37,69.8181818181818,988.259999275208
21418,C,1,B-Group (Medium),37,10.090909090909,318.629995107651
90013B,C,2,C-Group (Slow),37,4.1818181818181,192.109992980957
84741C,C,1,B-Group (Medium),37,13.8888888888888,255.140006065369
85107,B,1,B-Group (Medium),37,83.7272727272727,1629.16997075081
20862,B,1,B-Group (Medium),37,46.4285714285714,691.139975547791
22346,C,1,B-Group (Medium),37,15.0,153.410003423691
90120A,C,1,B-Group (Medium),37,7.7272727272727,361.699996948242
16015,C,1,B-Group (Medium),37,79.5454545454545,403.900003433228
84658,B,1,B-Group (Medium),37,12.9090909090909,683.179982662201
20819,C,1,B-Group (Medium),37,14.8181818181818,379.150000095367
90071,C,2,C-Group (Slow),37,3.6363636363636,50.5899994373322
85071B,C,1,B-Group (Medium),37,86.5454545454545,589.479999065399
84584,C,1,B-Group (Medium),37,11.8181818181818,351.799993991852
21311,C,1,B-Group (Medium),37,20.1818181818181,313.819987773895
22821,C,1,B-Group (Medium),36,177.0,235.139991521835
84689,B,1,B-Group (Medium),36,27.8181818181818,715.099986076355
22688,B,1,B-Group (Medium),36,18.8,710.419984817505
20694,C,1,B-Group (Medium),36,10.7272727272727,412.170001983643
16012,C,1,B-Group (Medium),36,117.0,269.069991633296
35954,C,1,B-Group (Medium),36,50.7272727272727,308.909992963076
21438,B,1,B-Group (Medium),36,93.25,1229.82001018524
21562,C,1,B-Group (Medium),36,32.7,541.369981765747
21320,C,1,B-Group (Medium),36,17.7272727272727,533.81998872757
16014,A,0,A-Group (Fast),36,1455.5454545454545,5170.61988267303
21757,C,1,B-Group (Medium),36,17.0,394.899991035461
47581B,B,1,B-Group (Medium),36,7.6666666666666,753.770000457764
84948,C,1,B-Group (Medium),36,45.5,459.209993600845
72051S,C,1,B-Group (Medium),36,13.8181818181818,92.9599973857403
22340,C,1,B-Group (Medium),36,22.7272727272727,438.779994368553
20803,C,1,B-Group (Medium),36,15.090909090909,322.059994459152
20672,C,1,B-Group (Medium),36,34.5,200.999999046326
20670,C,1,B-Group (Medium),36,61.7272727272727,331.860003352165
21189,C,1,B-Group (Medium),36,25.8181818181818,538.990001797676
21392,B,0,A-Group (Fast),36,681.090909090909,1379.1799492836
16212,C,1,B-Group (Medium),36,33.1818181818181,286.359991312027
84313B,C,1,B-Group (Medium),36,7.2727272727272,509.509996414185
22044,C,1,B-Group (Medium),36,79.8181818181818,256.039993792772
90170,C,1,B-Group (Medium),36,5.9090909090909,109.250001788139
46776D,C,1,B-Group (Medium),36,6.1,266.410000801086
21444,B,1,B-Group (Medium),36,58.2,902.030000209808
71279,C,1,B-Group (Medium),36,9.9090909090909,384.230001449585
46776E,C,1,B-Group (Medium),36,13.5,361.040001869202
21332,B,1,B-Group (Medium),36,22.7272727272727,1350.58000469208
85208,C,1,B-Group (Medium),35,15.5454545454545,365.429984092712
90198A,C,1,B-Group (Medium),35,5.4545454545454,255.459995269775
20831,C,1,B-Group (Medium),35,22.4545454545454,431.999994754791
22214,B,1,B-Group (Medium),35,32.090909090909,855.539976358414
21552,B,1,B-Group (Medium),35,23.5714285714285,837.599983215332
20898,C,1,B-Group (Medium),35,24.7272727272727,538.040004014969
85131D,C,1,B-Group (Medium),35,39.3636363636363,231.049998044968
37474,C,2,C-Group (Slow),35,4.8181818181818,551.549986839294
84569A,C,1,B-Group (Medium),35,19.0,269.049999713898
79342B,B,1,B-Group (Medium),35,24.0,838.519989967346
22182,C,1,B-Group (Medium),35,12.3636363636363,568.619990348816
46126A,C,1,B-Group (Medium),35,23.3636363636363,340.149999856949
22702,C,1,B-Group (Medium),35,40.6,419.149991750717
22142,C,1,B-Group (Medium),35,19.2727272727272,319.280010223389
72800C,B,1,B-Group (Medium),35,46.1818181818181,606.510001897812
21769,A,1,B-Group (Medium),35,6.9090909090909,5072.41983032227
21317,B,1,B-Group (Medium),35,21.0,687.569987297058
84450B,C,1,B-Group (Medium),35,27.8,84.5499991774559
72803B,C,1,B-Group (Medium),35,8.2727272727272,403.630001068115
85169D,C,1,B-Group (Medium),35,15.090909090909,242.89999961853
47563A,C,2,C-Group (Slow),35,3.8181818181818,212.149996757507
85230E,C,1,B-Group (Medium),35,104.7272727272727,309.119990944862
84920,C,1,B-Group (Medium),35,7.090909090909,313.670000553131
47503G,C,1,B-Group (Medium),35,71.0,367.359997987747
72127,C,1,B-Group (Medium),35,17.9090909090909,235.329995155334
22939,B,1,B-Group (Medium),35,91.5,860.129986763
16256B,C,1,B-Group (Medium),35,74.8571428571428,232.349993437529
21250,B,1,B-Group (Medium),35,26.0,661.230002164841
84251G,C,1,B-Group (Medium),35,16.8181818181818,48.9699998497963
85119,C,1,B-Group (Medium),35,35.6363636363636,530.320014953613
22391,C,1,B-Group (Medium),35,20.25,379.449993371964
22101,C,1,B-Group (Medium),34,34.8181818181818,578.439997315407
79191D,C,1,B-Group (Medium),34,8.0,89.4600012302399
85159A,C,2,C-Group (Slow),34,3.4545454545454,452.910006999969
90175A,B,1,B-Group (Medium),34,6.9090909090909,682.629992485046
21822,C,1,B-Group (Medium),34,22.0,483.380011796951
22986,C,0,A-Group (Fast),34,637.5,503.499989956617
21414,B,1,B-Group (Medium),34,148.5454545454545,864.590013027191
85112,C,1,B-Group (Medium),34,155.0,412.769997596741
85166B,B,1,B-Group (Medium),34,45.8181818181818,841.60000038147
16169F,C,1,B-Group (Medium),34,88.6363636363636,409.499987214804
22447,C,1,B-Group (Medium),34,12.75,355.379990577698
90203,C,1,B-Group (Medium),34,6.4545454545454,534.269999027252
22056,B,1,B-Group (Medium),34,75.875,656.870002269745
16169M,C,1,B-Group (Medium),34,127.2727272727272,363.749992102385
22267,B,1,B-Group (Medium),34,159.0,618.299990177155
16048,C,1,B-Group (Medium),34,172.9090909090909,317.689992398024
79144C,C,1,B-Group (Medium),34,11.3636363636363,64.7999984920025
35967,C,1,B-Group (Medium),34,30.090909090909,173.93999838829
22819,C,1,B-Group (Medium),34,256.5,210.689997553825
84847,B,1,B-Group (Medium),34,230.5,1055.98002839088
79191B,C,1,B-Group (Medium),34,25.8181818181818,225.230001807213
45008C,B,1,B-Group (Medium),34,10.375,792.069986343384
22599,C,1,B-Group (Medium),34,176.75,554.150018572807
85170C,C,1,B-Group (Medium),34,18.7272727272727,380.299996376038
21202,C,1,B-Group (Medium),34,28.8181818181818,499.370002508163
84932C,B,1,B-Group (Medium),34,40.2857142857142,615.400012969971
84499,C,1,B-Group (Medium),34,26.3636363636363,237.520000338554
21299,B,1,B-Group (Medium),34,41.5,966.350006580353
17084R,B,0,A-Group (Fast),34,608.9,1102.28997059166
22911,B,1,B-Group (Medium),34,109.0,601.019998550415
84908A,B,1,B-Group (Medium),34,47.7777777777777,1033.34001159668
85142,C,1,B-Group (Medium),34,7.125,502.579985618591
22942,A,0,A-Group (Fast),34,346.0,2745.48002243042
37482P,C,1,B-Group (Medium),34,14.5454545454545,553.409990787506
71403,C,1,B-Group (Medium),34,9.6,357.329999685287
84247N,C,1,B-Group (Medium),34,9.0,229.630003035069
21615,B,1,B-Group (Medium),34,25.1818181818181,960.75
85078,C,1,B-Group (Medium),33,22.8181818181818,290.689992070198
90120C,C,2,C-Group (Slow),33,4.8181818181818,225.899995803833
16161M,C,1,B-Group (Medium),33,79.5454545454545,365.499988943338
85034C,B,1,B-Group (Medium),33,16.0,736.359993934631
37410,A,0,A-Group (Fast),33,5141.4,3288.65003177524
21099,B,0,A-Group (Fast),33,2215.0,1516.640011549
21413,B,1,B-Group (Medium),33,282.9090909090909,1052.3599742651
21336,C,1,B-Group (Medium),33,163.2727272727272,472.989992141724
85020,C,1,B-Group (Medium),33,13.2727272727272,325.76998758316
90209C,C,1,B-Group (Medium),33,12.090909090909,267.629992723465
20980,C,1,B-Group (Medium),33,11.5454545454545,171.64999961853
79030A,C,1,B-Group (Medium),33,21.375,438.249998927116
21145,B,1,B-Group (Medium),33,57.5454545454545,934.849987030029
22306,C,1,B-Group (Medium),33,25.8181818181818,573.500002622604
16216,C,1,B-Group (Medium),33,59.0,109.479997515678
20621,C,1,B-Group (Medium),33,20.7,451.669981479645
46307,C,1,B-Group (Medium),33,6.375,246.029993891716
22643,C,1,B-Group (Medium),33,44.75,444.559989929199
20865,C,1,B-Group (Medium),33,35.8571428571428,500.489989280701
85106,B,1,B-Group (Medium),33,47.6363636363636,1085.58000087738
85180A,C,1,B-Group (Medium),33,11.0,570.510005474091
22307,B,1,B-Group (Medium),33,31.090909090909,675.620003461838
20781,C,1,B-Group (Medium),33,5.8181818181818,345.709997177124
77081,C,1,B-Group (Medium),33,26.8888888888888,308.379994153976
21088,B,0,A-Group (Fast),33,1357.9090909090908,1388.44996750355
90214A,C,1,B-Group (Medium),33,6.090909090909,85.9900000095367
10120,C,1,B-Group (Medium),32,36.090909090909,86.6699976027012
84671B,C,1,B-Group (Medium),32,54.5,306.769996166229
47598,C,1,B-Group (Medium),32,19.7142857142857,89.1200008392334
20991,B,0,A-Group (Fast),32,2361.333333333333,884.560007214546
22741,B,0,A-Group (Fast),32,629.0,1076.59002947807
84482,C,1,B-Group (Medium),32,6.8181818181818,293.019999980927
22944,B,0,A-Group (Fast),32,512.0,1170.55996704102
85071C,C,1,B-Group (Medium),32,54.1818181818181,393.929993867874
21881,C,1,B-Group (Medium),32,18.090909090909,146.639995336533
21847,C,1,B-Group (Medium),32,23.3636363636363,428.659997224808
37462B,C,1,B-Group (Medium),32,15.4545454545454,87.2799979746342
20704,B,1,B-Group (Medium),32,12.5454545454545,625.069997787476
90200B,C,1,B-Group (Medium),32,6.6363636363636,310.379997253418
85104,C,1,B-Group (Medium),32,11.8181818181818,424.940003395081
21780,B,1,B-Group (Medium),32,101.5,1745.85000133514
46775A,B,1,B-Group (Medium),32,27.6666666666666,1044.23003959656
84856S,B,1,B-Group (Medium),32,57.875,1858.60998392105
85114A,B,1,B-Group (Medium),32,42.6363636363636,769.020004987717
90173,C,2,C-Group (Slow),32,4.4,167.489999294281
21001,C,2,C-Group (Slow),32,4.8181818181818,294.279994010925
21663,C,1,B-Group (Medium),32,15.2,488.159986495972
35240,C,1,B-Group (Medium),32,7.0,356.579990386963
85033G,C,1,B-Group (Medium),32,23.6,376.050007104874
20993,B,0,A-Group (Fast),32,2741.75,1334.1100127697
22701,C,1,B-Group (Medium),32,21.2,326.840003252029
20892,B,1,B-Group (Medium),32,8.5454545454545,942.3899974823
90120D,C,1,B-Group (Medium),32,10.7272727272727,486.8899974823
46776C,C,1,B-Group (Medium),32,12.090909090909,375.66999912262
21816,C,1,B-Group (Medium),32,24.8181818181818,421.290011644363
37333,B,1,B-Group (Medium),32,10.4545454545454,603.139993667603
85036B,B,1,B-Group (Medium),32,19.3636363636363,850.949992656708
21689,B,1,B-Group (Medium),32,21.7272727272727,868.250011444092
22767,B,1,B-Group (Medium),32,90.0,905.929982185364
84707B,C,2,C-Group (Slow),32,4.0,399.500002861023
90214S,C,2,C-Group (Slow),31,5.7272727272727,80.9900000095367
84526,B,1,B-Group (Medium),31,48.4545454545454,1493.89002966881
22817,C,1,B-Group (Medium),31,188.5,155.289999485016
72131,C,1,B-Group (Medium),31,54.090909090909,422.729999303818
85160A,B,0,A-Group (Fast),31,799.8181818181818,1560.52994728088
20701,B,1,B-Group (Medium),31,29.6363636363636,613.020007133484
90161B,C,2,C-Group (Slow),31,5.5454545454545,305.939993858337
84926C,C,1,B-Group (Medium),31,15.3333333333333,189.599999189377
21393,B,0,A-Group (Fast),31,518.4,1066.92995882034
85205B,C,1,B-Group (Medium),31,39.3333333333333,341.169994354248
16047,B,0,A-Group (Fast),31,964.7272727272727,1054.6999861002
84597C,C,1,B-Group (Medium),31,28.9090909090909,393.480000972748
20786,A,1,B-Group (Medium),31,9.9,3533.90002059937
90195A,C,2,C-Group (Slow),31,4.1818181818181,417.60999584198
21287,B,1,B-Group (Medium),31,203.5454545454545,1002.34998989105
21415,C,1,B-Group (Medium),31,9.7272727272727,229.719994544983
84532B,C,1,B-Group (Medium),31,13.5,417.579992294312
20785,A,1,B-Group (Medium),31,8.8,3149.05002593994
84472,A,1,B-Group (Medium),30,14.5,3402.32002639771
22846,B,1,B-Group (Medium),30,73.0,1141.35000991821
84748,B,1,B-Group (Medium),30,87.6363636363636,1195.02002334595
DCGS0058,C,2,C-Group (Slow),30,3.8181818181818,34.8199999332428
21401,C,1,B-Group (Medium),30,25.2727272727272,119.139996469021
22709,C,1,B-Group (Medium),30,219.8,429.579992264509
85071A,C,1,B-Group (Medium),30,58.8181818181818,428.330000638962
22985,C,0,A-Group (Fast),30,387.5,325.499989837408
84231,C,1,B-Group (Medium),30,40.6666666666666,93.5799976587296
90214J,C,2,C-Group (Slow),30,5.8181818181818,84.3599998950958
35809B,C,1,B-Group (Medium),30,10.6666666666666,218.359992027283
84708B,C,1,B-Group (Medium),30,6.5454545454545,366.839986801147
22512,B,1,B-Group (Medium),30,31.125,637.71000289917
21375,C,1,B-Group (Medium),30,7.9090909090909,466.560004234314
84824,B,2,C-Group (Slow),30,4.0,644.54999256134
84683,C,1,B-Group (Medium),30,26.5454545454545,304.039996147156
21729,C,1,B-Group (Medium),30,62.0,422.899999141693
21303,B,1,B-Group (Medium),30,24.0,985.540005683899
84909A,A,1,B-Group (Medium),30,52.25,2797.55000305176
90129C,C,2,C-Group (Slow),30,5.9090909090909,145.550000667572
84908B,B,1,B-Group (Medium),30,53.5,1010.92001152039
84910A,B,1,B-Group (Medium),30,34.7272727272727,947.049980163574
20787,A,1,B-Group (Medium),30,7.6666666666666,2535.10001754761
16258A,C,1,B-Group (Medium),30,46.7272727272727,163.359995722771
84619,B,1,B-Group (Medium),29,18.0,1622.96001815796
17109D,C,1,B-Group (Medium),29,108.1818181818181,555.819998264313
21341,C,1,B-Group (Medium),29,6.5454545454545,410.64000749588
22104,C,1,B-Group (Medium),29,78.3636363636363,566.939999103546
21276,B,1,B-Group (Medium),29,135.4,1558.94002008438
79144B,C,1,B-Group (Medium),29,11.1818181818181,56.3799987137318
21493,C,1,B-Group (Medium),29,27.2,252.450007081032
22703,C,1,B-Group (Medium),29,23.0,252.349991559982
22844,B,1,B-Group (Medium),29,89.0,757.420000076294
21734,C,1,B-Group (Medium),29,24.25,529.490001678467
85135C,C,2,C-Group (Slow),29,3.0,272.449996948242
85141,B,2,C-Group (Slow),29,5.3636363636363,634.25
21366,B,1,B-Group (Medium),29,13.2727272727272,652.860004425049
22984,C,1,B-Group (Medium),29,163.5,138.629995822906
84663A,C,1,B-Group (Medium),29,9.090909090909,366.35999584198
17107D,C,1,B-Group (Medium),29,10.4545454545454,293.249994516373
84666,B,1,B-Group (Medium),29,20.2,797.900009632111
21388,C,1,B-Group (Medium),29,77.75,290.170007824898
84199,C,1,B-Group (Medium),29,30.2727272727272,74.4499994069338
21208,C,1,B-Group (Medium),29,10.1818181818181,224.269995808601
85159B,C,2,C-Group (Slow),29,3.2727272727272,369.300004005432
85024C,C,1,B-Group (Medium),29,7.090909090909,128.699998140335
84974,C,2,C-Group (Slow),29,5.0,491.499990463257
21027,C,1,B-Group (Medium),29,14.8181818181818,216.469999790192
84762A,C,1,B-Group (Medium),29,8.4285714285714,517.429996490479
20864,C,1,B-Group (Medium),29,22.9090909090909,498.139984369278
35980C,C,1,B-Group (Medium),29,34.2727272727272,147.639998078346
84638,B,1,B-Group (Medium),29,31.4545454545454,727.290015220642
47592B,C,1,B-Group (Medium),29,8.375,131.899994850159
21649,B,1,B-Group (Medium),29,210.5,1162.88999629021
22839,B,1,B-Group (Medium),29,62.0,906.539992332459
85163B,C,2,C-Group (Slow),28,2.6363636363636,459.479999542236
21711,B,1,B-Group (Medium),28,26.2,952.999979972839
72739B,C,1,B-Group (Medium),28,197.0,328.389990508556
84219,C,1,B-Group (Medium),28,45.6666666666666,303.860001087189
84931B,C,1,B-Group (Medium),28,7.2727272727272,218.789995670319
90201B,C,2,C-Group (Slow),28,5.4545454545454,177.79000210762
84497,C,1,B-Group (Medium),28,7.1818181818181,319.629999637604
84452,C,1,B-Group (Medium),28,17.7142857142857,123.260001778603
20696,C,1,B-Group (Medium),28,8.3636363636363,368.379999637604
20801,C,1,B-Group (Medium),28,7.5,253.999996185303
20714,B,0,A-Group (Fast),28,790.0,649.819993138313
22647,C,1,B-Group (Medium),28,34.0,289.040005683899
17164D,C,1,B-Group (Medium),28,287.5,446.999997794628
22789,C,1,B-Group (Medium),28,230.0,429.160005807877
72801E,C,1,B-Group (Medium),28,77.6,422.319991111755
22144,C,2,C-Group (Slow),28,6.3,215.810004711151
21632,C,2,C-Group (Slow),28,3.9090909090909,573.729999542236
21092,B,0,A-Group (Fast),28,3211.5,1571.50002169609
21028,C,1,B-Group (Medium),28,10.8181818181818,164.049999713898
84898F,C,1,B-Group (Medium),28,11.0,235.219989776611
82093,C,1,B-Group (Medium),28,69.5,283.490001916885
85126,B,1,B-Group (Medium),28,13.0,967.769989013672
16244A,C,1,B-Group (Medium),28,46.5,479.410010099411
21335,B,1,B-Group (Medium),28,7.0,989.620021820068
84559D,C,1,B-Group (Medium),28,11.4545454545454,110.540003061295
71270,C,1,B-Group (Medium),28,11.4545454545454,175.379999637604
51020A,C,1,B-Group (Medium),28,88.4545454545454,340.729992389679
79192A,C,1,B-Group (Medium),28,8.9090909090909,132.639999866486
21633,B,2,C-Group (Slow),28,4.8,742.150003433228
84865,C,2,C-Group (Slow),28,3.9090909090909,425.229997634888
20903,C,1,B-Group (Medium),27,9.2727272727272,439.750006198883
84086C,C,2,C-Group (Slow),27,5.2727272727272,192.97000336647
21129,C,2,C-Group (Slow),27,5.4545454545454,446.519995689392
21262,B,1,B-Group (Medium),27,17.090909090909,734.370008707047
51012C,C,1,B-Group (Medium),27,57.0,213.75
84821,C,1,B-Group (Medium),27,24.4545454545454,238.450005888939
22771,C,1,B-Group (Medium),27,346.0,438.980000019073
84637,B,1,B-Group (Medium),27,42.1818181818181,791.609997749329
16218,C,1,B-Group (Medium),27,55.4545454545454,129.199999630451
22845,C,1,B-Group (Medium),27,69.0,465.86999464035
84625A,C,1,B-Group (Medium),27,24.2727272727272,342.930006980896
85185C,C,2,C-Group (Slow),27,6.4444444444444,171.100002765656
22259,C,1,B-Group (Medium),27,15.4285714285714,147.599999904633
35979,C,1,B-Group (Medium),27,18.8,311.03000330925
22707,C,1,B-Group (Medium),27,120.8333333333333,304.499990493059
85034B,B,1,B-Group (Medium),27,18.3636363636363,826.979990005493
20662,C,1,B-Group (Medium),27,62.7272727272727,360.260004162788
84875D,C,1,B-Group (Medium),27,39.75,412.5
35833P,C,1,B-Group (Medium),27,7.7272727272727,181.510001659393
21316,B,1,B-Group (Medium),27,46.8181818181818,869.410000801086
16207B,C,1,B-Group (Medium),27,29.375,378.560000419617
85144,C,2,C-Group (Slow),27,5.8181818181818,442.399997711182
84665,B,1,B-Group (Medium),27,11.2,666.399978637695
90147,C,2,C-Group (Slow),27,4.7272727272727,521.879991531372
22394,C,1,B-Group (Medium),27,22.2857142857142,275.399997711182
22164,C,1,B-Group (Medium),27,17.7272727272727,509.100006580353
84819,C,2,C-Group (Slow),27,6.9090909090909,327.220000267029
90171,C,1,B-Group (Medium),27,11.75,59.6499991416931
90214E,C,2,C-Group (Slow),27,5.090909090909,73.3799999952316
18096C,C,1,B-Group (Medium),26,41.6666666666666,339.840000152588
37492D,B,1,B-Group (Medium),26,60.1666666666666,682.989993691444
20799,C,1,B-Group (Medium),26,28.5714285714285,355.329998016357
35921,C,1,B-Group (Medium),26,12.7777777777777,197.089999198914
37506,C,2,C-Group (Slow),26,3.5555555555555,190.399993896484
22785,B,1,B-Group (Medium),26,114.0,751.559989929199
22102,C,1,B-Group (Medium),26,18.9090909090909,340.049995541573
21095,C,1,B-Group (Medium),26,15.4545454545454,155.840003252029
84461,C,1,B-Group (Medium),26,19.3333333333333,149.239997446537
22641,C,1,B-Group (Medium),26,37.75,370.64999127388
90013C,C,2,C-Group (Slow),26,4.0,176.229995727539
79026B,C,2,C-Group (Slow),26,3.8181818181818,76.1399989128113
47587A,B,1,B-Group (Medium),26,451.0,1099.88003587723
18007,C,1,B-Group (Medium),26,266.090909090909,347.560000479221
84625C,C,1,B-Group (Medium),26,18.4545454545454,311.640005588531
22820,C,1,B-Group (Medium),26,174.0,226.829991698265
84247E,C,1,B-Group (Medium),26,24.6,365.810005664825
22891,C,1,B-Group (Medium),26,115.0,468.970000267029
85230A,C,1,B-Group (Medium),26,96.0,267.839992046356
72818,C,1,B-Group (Medium),26,25.5454545454545,230.300006985664
90198B,C,2,C-Group (Slow),26,5.3636363636363,251.259998321533
20660,C,1,B-Group (Medium),26,7.8888888888888,88.75
35922,C,1,B-Group (Medium),26,7.6666666666666,437.389996528625
84782A,B,1,B-Group (Medium),26,13.2222222222222,840.449998855591
84869,B,1,B-Group (Medium),26,60.4,703.540010690689
21443,B,1,B-Group (Medium),26,64.25,727.93000125885
21312,B,1,B-Group (Medium),26,29.9,1179.16998624802
16244B,B,1,B-Group (Medium),26,37.5555555555555,757.170016050339
90214M,C,2,C-Group (Slow),26,6.0,78.1999999284744
75149N,C,1,B-Group (Medium),25,45.3333333333333,340.0
21631,B,2,C-Group (Slow),25,4.3636363636363,624.739999771118
47503E,B,0,A-Group (Fast),25,684.2,1186.90003991127
20818,C,2,C-Group (Slow),25,6.5454545454545,225.800000190735
82011B,C,2,C-Group (Slow),25,4.0,179.450000286102
82607E,C,1,B-Group (Medium),25,9.1818181818181,126.25
21194,C,2,C-Group (Slow),25,5.7272727272727,151.739995956421
22137,B,1,B-Group (Medium),25,45.9090909090909,1211.29000210762
45016,C,1,B-Group (Medium),25,10.1,423.729998588562
90040D,C,2,C-Group (Slow),25,4.1,148.870000362396
81950B,C,1,B-Group (Medium),25,8.9090909090909,91.4000017642975
72801F,C,1,B-Group (Medium),25,117.0,292.5
35096B,C,1,B-Group (Medium),25,73.25,106.489996939898
85071D,C,1,B-Group (Medium),25,43.1818181818181,284.069996118546
20666,C,1,B-Group (Medium),25,87.7,359.120002985001
37330,B,1,B-Group (Medium),25,49.3,890.019999504089
47503A,C,2,C-Group (Slow),25,7.0,98.8899998664856
35004s,C,1,B-Group (Medium),25,146.0,518.400002479553
85028S,B,1,B-Group (Medium),25,36.9090909090909,605.219995498657
16049,C,1,B-Group (Medium),25,255.7,433.039989203215
90104,C,1,B-Group (Medium),25,10.8,45.1799998283386
90208,C,1,B-Group (Medium),25,9.9,236.349993467331
21147,C,1,B-Group (Medium),25,13.9090909090909,257.739996671677
90129D,C,2,C-Group (Slow),25,4.5454545454545,120.570001006126
90042A,C,2,C-Group (Slow),25,4.0,102.17999792099
72817,C,1,B-Group (Medium),25,15.7272727272727,217.019998192787
90120B,C,2,C-Group (Slow),25,6.6,278.839998245239
22608,C,1,B-Group (Medium),25,58.0,455.850011587143
21018,C,1,B-Group (Medium),25,9.3636363636363,87.5500024557114
22948,C,1,B-Group (Medium),25,204.5,353.570009708405
21459,C,1,B-Group (Medium),25,46.75,370.170003652573
84985B,C,1,B-Group (Medium),25,21.5,197.940005779266
84952C,C,1,B-Group (Medium),25,16.5454545454545,345.009999752045
85127,C,2,C-Group (Slow),25,7.0,523.849994659424
84313C,C,2,C-Group (Slow),25,3.7,208.539999008179
90158,C,2,C-Group (Slow),25,2.5454545454545,141.840000152588
21065,C,2,C-Group (Slow),24,3.5454545454545,253.129996299744
85088,C,2,C-Group (Slow),24,7.2727272727272,170.10999250412
16219,C,1,B-Group (Medium),24,24.6363636363636,80.8699989765882
90214L,C,2,C-Group (Slow),24,6.6363636363636,92.1699999570847
84600,C,2,C-Group (Slow),24,4.7272727272727,447.529987335205
84661A,C,1,B-Group (Medium),24,10.8181818181818,146.259996652603
84842,B,1,B-Group (Medium),24,135.3636363636363,684.150019645691
37492C,C,1,B-Group (Medium),24,40.3333333333333,477.299997329712
22106,B,1,B-Group (Medium),24,14.9,630.86999797821
84288B,C,1,B-Group (Medium),24,8.7142857142857,118.950002908707
22640,C,1,B-Group (Medium),24,21.0,280.299994945526
17178,C,1,B-Group (Medium),24,13.3,156.650000572205
17021,C,1,B-Group (Medium),24,125.2,328.800001442432
22772,C,1,B-Group (Medium),24,247.0,339.169999837875
21793,C,2,C-Group (Slow),24,4.3,290.25
21376,B,1,B-Group (Medium),24,12.7272727272727,602.600002288818
22598,C,1,B-Group (Medium),24,125.25,389.220013260841
22038,C,1,B-Group (Medium),24,56.8181818181818,260.499992221594
21543,C,1,B-Group (Medium),24,284.0,214.999997615814
84931A,C,2,C-Group (Slow),24,4.9090909090909,150.3899974823
84533B,C,1,B-Group (Medium),24,14.75,377.929993629456
35645,C,2,C-Group (Slow),24,4.4545454545454,242.370000839233
85006,B,1,B-Group (Medium),24,298.9,1217.31001186371
90040A,C,2,C-Group (Slow),24,2.8181818181818,122.53999710083
21635,C,1,B-Group (Medium),24,11.2727272727272,469.030000209808
21277,B,2,C-Group (Slow),24,2.3636363636363,673.500007629395
35911A,C,2,C-Group (Slow),24,7.3333333333333,166.209995746613
90010B,C,2,C-Group (Slow),24,3.4545454545454,351.809996604919
84932A,B,1,B-Group (Medium),24,37.4285714285714,602.600011825562
84929,C,1,B-Group (Medium),24,55.6363636363636,330.360006093979
37475,C,2,C-Group (Slow),24,3.3636363636363,398.599991798401
84760S,C,1,B-Group (Medium),24,13.8181818181818,254.120006561279
21395,C,1,B-Group (Medium),24,11.2727272727272,250.840005874634
84753A,C,1,B-Group (Medium),24,32.3333333333333,92.1700016260147
90145,C,2,C-Group (Slow),23,3.090909090909,210.089995384216
90201A,C,2,C-Group (Slow),23,5.3,156.710002183914
84563A,C,2,C-Group (Slow),23,3.2727272727272,273.659994125366
72130,C,1,B-Group (Medium),23,41.5454545454545,127.27999651432
17108D,C,1,B-Group (Medium),23,88.75,149.099995344877
22541,C,1,B-Group (Medium),23,82.25,265.829998284578
85089,C,1,B-Group (Medium),23,12.0,273.290000200272
17012B,C,2,C-Group (Slow),23,6.9090909090909,129.520000219345
79163,C,1,B-Group (Medium),23,22.1818181818181,515.27999329567
90201D,C,2,C-Group (Slow),23,4.8181818181818,156.650002241135
37444A,C,1,B-Group (Medium),23,241.2727272727272,488.219987392426
84877D,C,2,C-Group (Slow),23,5.6363636363636,213.809995889664
71101E,C,1,B-Group (Medium),23,37.0,327.230010390282
72739C,C,1,B-Group (Medium),23,163.0,279.079993128777
90087,C,1,B-Group (Medium),23,16.0,161.060003638268
84859A,C,1,B-Group (Medium),23,14.9090909090909,340.539999008179
85125,B,1,B-Group (Medium),23,12.2727272727272,644.32998752594
85032A,C,1,B-Group (Medium),23,32.5454545454545,347.219987869263
35838B,C,1,B-Group (Medium),23,10.0,85.0000023841858
46000U,C,1,B-Group (Medium),23,12.8181818181818,176.25
85110,B,0,A-Group (Fast),23,1152.0,1138.04000103474
35598B,C,1,B-Group (Medium),23,27.8181818181818,315.299994707108
85169C,C,2,C-Group (Slow),23,6.2727272727272,103.949999809265
84917,C,2,C-Group (Slow),23,4.1,202.889998435974
90184C,C,2,C-Group (Slow),23,3.2727272727272,326.339996337891
20849,C,1,B-Group (Medium),23,61.1818181818181,589.280002593994
84916,C,2,C-Group (Slow),23,3.0,148.919998168945
46118,C,1,B-Group (Medium),23,11.090909090909,172.640003800392
82081,C,1,B-Group (Medium),23,58.0,451.350007295609
21132,C,2,C-Group (Slow),23,3.2727272727272,204.000001907349
72799C,C,1,B-Group (Medium),23,32.1818181818181,582.30999994278
21228,C,2,C-Group (Slow),23,6.1818181818181,86.3199999332428
22849,B,1,B-Group (Medium),23,55.0,868.250011444092
85028L,B,1,B-Group (Medium),23,26.1,634.510004997253
17084P,C,1,B-Group (Medium),23,43.7,89.9099982380867
35607A,C,1,B-Group (Medium),23,40.1818181818181,88.3899988532066
90214C,C,2,C-Group (Slow),23,5.3636363636363,74.6100000143051
22798,C,1,B-Group (Medium),22,124.0,371.720005512238
20987,C,1,B-Group (Medium),22,131.0,288.350008249283
21252,C,1,B-Group (Medium),22,84.0,408.660002231598
21038,C,2,C-Group (Slow),22,5.9090909090909,197.93000292778
21554,B,1,B-Group (Medium),22,83.5,767.749991416931
90184B,C,2,C-Group (Slow),22,2.8181818181818,282.399997711182
84802A,C,1,B-Group (Medium),22,16.4545454545454,305.890010356903
85030,C,1,B-Group (Medium),22,17.6363636363636,486.300004959106
90040B,C,2,C-Group (Slow),22,4.8,171.150000095367
85131B,C,1,B-Group (Medium),22,18.6363636363636,107.229999303818
85163A,C,2,C-Group (Slow),22,3.2,435.419998168945
35966,C,1,B-Group (Medium),22,19.2727272727272,94.9999994039536
82011A,C,2,C-Group (Slow),22,4.5555555555555,179.079999923706
21551,B,1,B-Group (Medium),22,84.5,824.949988365173
84306,C,2,C-Group (Slow),22,4.2222222222222,469.259993553162
16162L,C,0,A-Group (Fast),22,808.1,557.43000036478
90133,C,2,C-Group (Slow),22,2.6666666666666,122.229999542236
84597B,C,1,B-Group (Medium),22,18.2222222222222,208.120000362396
35637A,B,1,B-Group (Medium),22,37.4,962.780014038086
85023B,C,1,B-Group (Medium),22,16.6363636363636,434.249987840652
22039,C,1,B-Group (Medium),22,52.2727272727272,237.499993294477
47471,C,1,B-Group (Medium),22,12.1818181818181,102.399997234344
84051,C,1,B-Group (Medium),22,33.2727272727272,304.570002913475
21193,C,1,B-Group (Medium),22,22.2,274.370003700256
22769,A,1,B-Group (Medium),22,144.0,2737.87009429932
20868,C,1,B-Group (Medium),22,26.4545454545454,155.269999027252
21015,C,1,B-Group (Medium),22,11.4545454545454,92.3600009679794
22843,C,1,B-Group (Medium),22,53.0,361.78999710083
47578A,C,2,C-Group (Slow),22,7.090909090909,68.8500019311905
20850,B,1,B-Group (Medium),22,102.125,704.95000576973
21636,C,2,C-Group (Slow),22,8.8181818181818,267.869995832443
85169B,C,2,C-Group (Slow),22,6.6363636363636,105.529999494553
84660B,C,2,C-Group (Slow),22,3.3636363636363,177.929999828339
84631,B,1,B-Group (Medium),22,22.0,701.519999504089
90201C,C,2,C-Group (Slow),22,4.3636363636363,141.900002002716
20940,C,1,B-Group (Medium),22,118.0,342.750000238419
47574B,C,2,C-Group (Slow),22,4.1,174.25
21779,B,1,B-Group (Medium),22,150.5,1097.80001688004
21371,C,2,C-Group (Slow),22,8.1818181818181,203.229999065399
16259,C,1,B-Group (Medium),22,177.3636363636363,409.709987208247
22330,C,1,B-Group (Medium),22,42.6666666666666,197.900005817413
85080,C,1,B-Group (Medium),22,11.3,55.7599986493587
85205A,C,1,B-Group (Medium),21,33.0,168.299996852875
85032D,C,1,B-Group (Medium),21,18.4545454545454,287.099987506866
22774,C,1,B-Group (Medium),21,277.0,347.69000005722
84932D,C,1,B-Group (Medium),21,47.8,574.710009813309
85092,C,1,B-Group (Medium),21,45.375,579.169996261597
81952V,C,2,C-Group (Slow),21,8.090909090909,82.0200006961823
21365,C,2,C-Group (Slow),21,8.6363636363636,228.380000352859
21654,C,1,B-Group (Medium),21,19.1,289.430003881454
84858C,C,1,B-Group (Medium),21,14.2727272727272,325.589995384216
72780,C,1,B-Group (Medium),21,30.4545454545454,269.150008559227
20663,C,1,B-Group (Medium),21,95.090909090909,295.180002093315
35915C,C,1,B-Group (Medium),21,31.4545454545454,473.499992728233
10138,C,1,B-Group (Medium),21,52.2,111.219996601343
84899E,C,2,C-Group (Slow),21,8.8333333333333,73.9299998283386
16254,C,1,B-Group (Medium),21,89.6,258.830000162125
85129B,C,2,C-Group (Slow),21,7.0,99.0099992752075
85007,C,1,B-Group (Medium),21,35.75,399.620002508163
35603C,C,2,C-Group (Slow),21,6.8181818181818,44.9399983584881
35833G,C,2,C-Group (Slow),21,8.5454545454545,160.110000610352
90129F,C,2,C-Group (Slow),21,3.1818181818181,80.110000371933
85160B,B,1,B-Group (Medium),21,550.0,986.589967727661
16239,C,1,B-Group (Medium),21,86.75,492.170001029968
44234,C,1,B-Group (Medium),21,42.5454545454545,94.6999998390675
22781,C,1,B-Group (Medium),21,74.0,556.590002536774
85081,C,2,C-Group (Slow),21,9.4545454545454,46.1699986755848
84924A,C,2,C-Group (Slow),21,3.4545454545454,162.170000076294
84615,B,1,B-Group (Medium),21,48.0,748.480008602142
90197B,C,2,C-Group (Slow),21,2.3636363636363,132.519999504089
90199B,C,2,C-Group (Slow),20,2.4,152.969997882843
90002D,C,2,C-Group (Slow),20,7.7272727272727,294.409999847412
90070,C,2,C-Group (Slow),20,5.25,256.139993667603
72812,C,2,C-Group (Slow),20,6.4545454545454,172.399994850159
21893,C,1,B-Group (Medium),20,57.3333333333333,587.799991607666
47504H,C,2,C-Group (Slow),20,4.2727272727272,137.170001268387
21102,C,1,B-Group (Medium),20,20.5,221.079997301102
47503H,C,2,C-Group (Slow),20,5.7,122.630002975464
90019A,C,2,C-Group (Slow),20,2.1818181818181,127.240000724792
90211B,C,2,C-Group (Slow),20,2.3636363636363,154.949998855591
84247H,C,2,C-Group (Slow),20,6.0,109.130001485348
84455,C,1,B-Group (Medium),20,21.25,77.960001707077
85091,C,1,B-Group (Medium),20,38.1111111111111,548.809998512268
72225C,C,1,B-Group (Medium),20,116.1818181818181,293.819991052151
84661B,C,1,B-Group (Medium),20,10.2,158.659996986389
35838A,C,1,B-Group (Medium),20,18.0,184.400002717972
84820,C,2,C-Group (Slow),20,5.0,333.019990921021
21382,C,1,B-Group (Medium),20,17.6,268.480003595352
20705,C,1,B-Group (Medium),20,11.2727272727272,525.6399974823
90161A,C,2,C-Group (Slow),20,4.4,219.869996070862
90192,C,2,C-Group (Slow),20,2.8181818181818,155.569996833801
90019C,C,2,C-Group (Slow),20,2.090909090909,123.170001983643
90096,C,2,C-Group (Slow),20,5.6,123.829998254776
62095B,C,1,B-Group (Medium),20,48.3333333333333,307.45000910759
84081,C,1,B-Group (Medium),20,12.5,389.300005912781
90206C,C,2,C-Group (Slow),20,2.8,142.249998092651
16020C,C,2,C-Group (Slow),20,6.5454545454545,61.2000017166138
84657,C,1,B-Group (Medium),20,49.2,517.47999060154
20869,C,1,B-Group (Medium),20,30.4545454545454,190.769998073578
84458,C,1,B-Group (Medium),20,41.3333333333333,105.40000295639
85162A,B,1,B-Group (Medium),20,86.7142857142857,1234.27002835274
35916C,C,2,C-Group (Slow),20,4.4545454545454,56.510000705719
90190A,C,2,C-Group (Slow),20,3.0,79.8800010681152
BANK CHARGES,C,2,C-Group (Slow),20,2.0,324.240001678467
22773,C,1,B-Group (Medium),20,210.0,275.27999997139
90059D,C,2,C-Group (Slow),20,3.4545454545454,63.6000003814697
90214R,C,2,C-Group (Slow),20,3.9090909090909,59.3699998855591
84875B,C,1,B-Group (Medium),19,240.0,300.0
90175D,C,2,C-Group (Slow),19,2.4545454545454,245.399997711182
20794,C,1,B-Group (Medium),19,12.1111111111111,295.519994735718
85027L,C,1,B-Group (Medium),19,11.5,338.250000953674
20888,C,1,B-Group (Medium),19,91.75,547.739999771118
47481,C,2,C-Group (Slow),19,9.0,89.3500026464462
85185F,C,2,C-Group (Slow),19,9.25,109.150001764297
17001,C,1,B-Group (Medium),19,96.4545454545454,255.84999230504
85130C,C,1,B-Group (Medium),19,14.5,247.86999630928
84877B,C,1,B-Group (Medium),19,11.0,257.149996757507
21306,C,1,B-Group (Medium),19,16.4545454545454,136.199995756149
90185C,C,2,C-Group (Slow),19,2.7272727272727,127.869998931885
85180B,C,2,C-Group (Slow),19,8.4545454545454,434.960000991821
90199C,C,2,C-Group (Slow),19,6.8181818181818,433.249986171722
47422,C,1,B-Group (Medium),19,61.7777777777777,210.480003237724
21128,C,2,C-Group (Slow),19,5.0,268.410000801086
20952,C,2,C-Group (Slow),19,6.0,36.0799991488457
90010E,C,2,C-Group (Slow),19,3.1,273.759996414185
85109,C,1,B-Group (Medium),19,419.9,465.23000395298
22760,C,1,B-Group (Medium),19,45.0,552.149997711182
79303D,C,2,C-Group (Slow),19,8.6666666666666,272.450001716614
82076,C,1,B-Group (Medium),19,145.0,403.640000581741
85230B,C,1,B-Group (Medium),19,54.6363636363636,164.689995199442
90090,C,1,B-Group (Medium),19,28.0,194.570005297661
90002C,C,2,C-Group (Slow),19,3.6666666666666,124.380000114441
90143,C,2,C-Group (Slow),19,4.0,330.23999786377
17012A,C,1,B-Group (Medium),19,26.6363636363636,313.45000576973
16052,C,1,B-Group (Medium),19,32.0,145.019995719194
84529A,C,2,C-Group (Slow),19,10.0,290.780000686646
84030c,C,1,B-Group (Medium),19,13.25,330.78000497818
84799,C,1,B-Group (Medium),19,40.3,344.3899974823
20968,C,1,B-Group (Medium),19,21.5,185.110000610352
84422,C,1,B-Group (Medium),19,18.8181818181818,172.080000758171
21131,B,1,B-Group (Medium),19,14.2727272727272,641.370000839233
22775,C,1,B-Group (Medium),19,267.0,361.649999856949
21419,C,1,B-Group (Medium),19,157.375,577.689991950989
84595E,C,1,B-Group (Medium),19,25.8181818181818,550.13999414444
90186A,C,2,C-Group (Slow),19,4.3636363636363,142.060001850128
20840,B,1,B-Group (Medium),19,32.0,786.769994974136
20851,C,1,B-Group (Medium),19,29.3636363636363,358.169993400574
20736,C,1,B-Group (Medium),19,72.5,233.500007390976
84447,C,1,B-Group (Medium),19,23.0,72.4200006723404
90164B,C,2,C-Group (Slow),19,2.8,214.319996833801
22503,B,2,C-Group (Slow),19,5.4285714285714,1048.1000289917
84313A,C,2,C-Group (Slow),19,3.4545454545454,212.419998168945
84627,C,2,C-Group (Slow),19,5.0,297.499990463257
21374,C,2,C-Group (Slow),19,10.3636363636363,270.879999637604
16202B,C,1,B-Group (Medium),19,91.6363636363636,502.960009217262
90212B,C,2,C-Group (Slow),18,2.1818181818181,91.1999998092651
22693,B,1,B-Group (Medium),18,184.0,671.759994506836
47586A,C,1,B-Group (Medium),18,15.9090909090909,206.680002212524
84437A,C,1,B-Group (Medium),18,26.5,90.9500025510788
85131C,C,1,B-Group (Medium),18,24.0,135.799998760223
79336,C,1,B-Group (Medium),18,73.090909090909,356.099995136261
17012C,C,1,B-Group (Medium),18,46.6666666666666,428.120007514954
72799A,B,1,B-Group (Medium),18,68.0,877.800001144409
72799D,C,2,C-Group (Slow),18,7.8,260.670000314713
84707A,C,2,C-Group (Slow),18,2.6363636363636,340.699991226196
21321,C,1,B-Group (Medium),18,24.4,301.799991846085
22105,C,2,C-Group (Slow),18,10.2727272727272,425.790001869202
84826,C,1,B-Group (Medium),18,45.6363636363636,426.700011968613
21394,C,1,B-Group (Medium),18,13.4,249.160002946854
90144,C,2,C-Group (Slow),18,2.8181818181818,117.089999675751
84592,C,2,C-Group (Slow),18,7.2727272727272,242.050003528595
21261,C,2,C-Group (Slow),18,5.5454545454545,310.080004692078
20693,C,2,C-Group (Slow),18,8.25,161.889999389648
21950,C,1,B-Group (Medium),18,42.2,263.629988193512
21416,C,1,B-Group (Medium),18,67.8181818181818,584.310018539429
21344,C,1,B-Group (Medium),18,13.4545454545454,559.880002975464
16202A,C,1,B-Group (Medium),18,59.4545454545454,281.400005698204
90112,C,2,C-Group (Slow),18,7.090909090909,84.9499963521957
84782C,C,2,C-Group (Slow),18,7.4,509.899999141693
37444B,C,1,B-Group (Medium),18,181.6363636363636,365.319990873337
21331,B,2,C-Group (Slow),18,8.1818181818181,666.200001716614
22786,C,1,B-Group (Medium),18,59.0,351.049988746643
22797,C,1,B-Group (Medium),18,32.0,518.400012969971
90195B,C,2,C-Group (Slow),18,3.8181818181818,377.009991645813
90139,C,2,C-Group (Slow),18,5.75,118.239995956421
90059A,C,2,C-Group (Slow),18,4.090909090909,75.6900014877319
90081C,C,2,C-Group (Slow),18,2.5,125.979997634888
21304,C,1,B-Group (Medium),18,17.2,591.579986572266
85087,C,2,C-Group (Slow),18,7.0,239.81000161171
90204,C,2,C-Group (Slow),18,2.5,68.2500014305115
84255B,C,1,B-Group (Medium),18,16.25,190.159995079041
90160C,C,2,C-Group (Slow),18,4.2,293.00999212265
84976,C,1,B-Group (Medium),18,14.5454545454545,269.890007019043
21031,C,2,C-Group (Slow),18,7.090909090909,96.8599994182587
72606A,C,1,B-Group (Medium),18,22.6,94.9199970364571
17038,C,1,B-Group (Medium),18,93.7272727272727,93.9000010117888
22765,B,1,B-Group (Medium),18,133.0,1459.3500328064
84454,C,1,B-Group (Medium),18,18.6,85.5300017595291
79532,C,1,B-Group (Medium),18,19.4,121.25
90124B,C,2,C-Group (Slow),18,2.2727272727272,251.389998435974
84874B,C,2,C-Group (Slow),18,3.6363636363636,65.9999990463257
72129,C,2,C-Group (Slow),18,7.4,49.1099982261658
72140E,C,1,B-Group (Medium),18,18.4,127.819998860359
20821,C,2,C-Group (Slow),18,2.6666666666666,197.319999694824
47421,C,1,B-Group (Medium),18,55.625,169.620002061129
84247K,C,2,C-Group (Slow),18,4.7272727272727,165.63000202179
35609A,C,1,B-Group (Medium),18,30.5454545454545,100.539998292923
84932B,C,1,B-Group (Medium),17,37.8,401.300008773804
85190,C,1,B-Group (Medium),17,34.5,122.460003376007
90000D,C,2,C-Group (Slow),17,2.4545454545454,164.789996147156
85094,C,2,C-Group (Slow),17,10.7272727272727,116.359998226166
90122B,C,2,C-Group (Slow),17,3.0,164.409995079041
90185B,C,2,C-Group (Slow),17,3.090909090909,144.929998397827
90214H,C,2,C-Group (Slow),17,2.6363636363636,35.4500000476837
84228,C,1,B-Group (Medium),17,13.75,30.2999991774559
17109B,B,0,A-Group (Fast),17,1135.5,896.340023040771
84508C,C,2,C-Group (Slow),17,4.1818181818181,119.809997797012
21461,C,2,C-Group (Slow),17,7.2,147.180003404617
90185D,C,2,C-Group (Slow),17,2.6,110.759998321533
79328,C,1,B-Group (Medium),17,74.25,260.759996771812
90175B,C,2,C-Group (Slow),17,2.5,221.829998970032
84680,C,2,C-Group (Slow),17,9.4,372.299999952316
35937,C,1,B-Group (Medium),17,17.090909090909,71.4399991035461
44091C,C,2,C-Group (Slow),17,6.7777777777777,30.6599990427494
84251J,C,2,C-Group (Slow),17,10.5714285714285,37.0399990081787
22638,C,1,B-Group (Medium),17,23.75,227.849993944168
21025,C,2,C-Group (Slow),17,9.5454545454545,133.829999923706
22805,C,1,B-Group (Medium),17,151.0,208.909999847412
21032,C,2,C-Group (Slow),17,9.2727272727272,129.379999399185
85130B,C,2,C-Group (Slow),17,6.2,128.019997477531
85032C,C,1,B-Group (Medium),17,17.5454545454545,202.829992294312
16156L,C,1,B-Group (Medium),17,45.0,188.99999409914
90157,C,2,C-Group (Slow),17,4.75,188.799994468689
84925A,C,1,B-Group (Medium),17,44.75,339.29000544548
21197,C,1,B-Group (Medium),17,19.625,259.049996256828
21003,C,2,C-Group (Slow),17,7.5,180.819995880127
35649,B,1,B-Group (Medium),17,160.7272727272727,1202.70003700256
22852,C,1,B-Group (Medium),17,113.0,457.729999542236
22395,C,2,C-Group (Slow),17,11.0,178.459997177124
46115B,C,1,B-Group (Medium),17,41.8333333333333,47.6899994015694
84625B,C,1,B-Group (Medium),17,45.0,279.000005722046
84360,C,2,C-Group (Slow),17,8.6363636363636,487.070000648499
20793,C,1,B-Group (Medium),17,29.7777777777777,430.750001907349
35915B,C,1,B-Group (Medium),17,31.1818181818181,456.509993195534
84882,C,2,C-Group (Slow),16,2.3636363636363,124.589999198914
90089,C,2,C-Group (Slow),16,7.2,67.7600014209747
84817,C,2,C-Group (Slow),16,6.4444444444444,121.799994468689
21736,C,2,C-Group (Slow),16,7.9090909090909,193.429992675781
46000R,C,2,C-Group (Slow),16,12.6,182.700006008148
22801,C,1,B-Group (Medium),16,54.0,214.109999656677
37342,C,2,C-Group (Slow),16,4.090909090909,171.489999771118
72750A,B,1,B-Group (Medium),16,76.6,766.85001707077
21226,C,2,C-Group (Slow),16,9.5454545454545,131.25
85147,C,2,C-Group (Slow),16,10.1666666666666,301.949988365173
85032B,C,1,B-Group (Medium),16,19.1,200.739992618561
21582,C,1,B-Group (Medium),16,39.0,193.049997210503
gift_0001_20,C,2,C-Group (Slow),16,1.8888888888888,286.990002632141
21460,C,1,B-Group (Medium),16,21.25,192.870003938675
84563B,C,2,C-Group (Slow),16,2.6,196.139995574951
17013D,C,1,B-Group (Medium),16,46.6363636363636,271.579994559288
84770,C,1,B-Group (Medium),16,45.0,419.250005722046
84802B,C,1,B-Group (Medium),16,37.0,383.030006408691
22784,C,1,B-Group (Medium),16,67.0,312.519994735718
72799B,C,1,B-Group (Medium),16,161.0,467.710000276566
90003D,C,2,C-Group (Slow),16,2.7272727272727,113.910000324249
35964,C,1,B-Group (Medium),16,24.4545454545454,169.619995355606
84925F,B,1,B-Group (Medium),16,63.1,752.980018138886
85168B,C,2,C-Group (Slow),16,1.8181818181818,209.429995536804
21087,C,2,C-Group (Slow),16,11.9,93.509997010231
84595B,C,1,B-Group (Medium),16,32.8571428571428,408.899994850159
22656,A,2,C-Group (Slow),16,4.25,5015.0
84555A,C,2,C-Group (Slow),16,9.4,133.850001096725
35599B,C,2,C-Group (Slow),16,3.5454545454545,334.699995040894
90073,C,2,C-Group (Slow),16,2.090909090909,115.639999389648
85145,C,2,C-Group (Slow),16,4.5454545454545,594.299995422363
84609,C,2,C-Group (Slow),16,4.090909090909,467.669996261597
90160B,C,2,C-Group (Slow),16,3.6363636363636,274.239992618561
79403,C,2,C-Group (Slow),16,10.2727272727272,105.080002307892
84456,C,2,C-Group (Slow),16,5.2857142857142,33.1500009298325
gift_0001_30,C,2,C-Group (Slow),16,1.4545454545454,409.030010223389
84465,C,2,C-Group (Slow),16,4.4,67.0100009441376
79534,C,2,C-Group (Slow),16,10.5454545454545,63.8000013828278
72750C,C,1,B-Group (Medium),15,58.0,476.400009632111
90166,C,2,C-Group (Slow),15,1.6363636363636,76.6499977111816
84926A,C,2,C-Group (Slow),15,6.0,67.5599999427795
84859C,C,1,B-Group (Medium),15,21.8,360.299999237061
84531A,C,2,C-Group (Slow),15,3.4545454545454,80.9700019359589
90186B,C,2,C-Group (Slow),15,3.7777777777777,100.720001220703
84601A,B,1,B-Group (Medium),15,32.5,638.339995861053
84881,C,2,C-Group (Slow),15,3.4,222.269997119904
84510e,C,2,C-Group (Slow),15,12.3,92.0699992179871
84925D,B,1,B-Group (Medium),15,39.6363636363636,636.650015354156
90059E,C,2,C-Group (Slow),15,2.1818181818181,40.1800004243851
84855,C,2,C-Group (Slow),15,4.5,196.699992179871
22257,C,2,C-Group (Slow),15,9.2,65.0599999427795
90018A,C,2,C-Group (Slow),15,2.4,102.429998397827
85230G,C,1,B-Group (Medium),15,45.8181818181818,128.879996180534
72779,C,2,C-Group (Slow),15,8.0,81.120002746582
90214G,C,2,C-Group (Slow),15,3.3636363636363,50.0299999713898
90214N,C,2,C-Group (Slow),15,2.0,29.6200000047684
85026B,C,1,B-Group (Medium),15,19.0,286.269997477531
37485,C,1,B-Group (Medium),15,16.3333333333333,207.690001010895
90214B,C,2,C-Group (Slow),15,3.1818181818181,44.6100000143051
84358,B,2,C-Group (Slow),15,8.6,764.879992485046
22778,C,1,B-Group (Medium),15,72.0,275.480005025864
22800,C,1,B-Group (Medium),15,64.0,240.0
47013A,C,2,C-Group (Slow),15,9.6363636363636,30.7399991154671
17109C,B,1,B-Group (Medium),15,781.0,661.230014681816
84893,C,2,C-Group (Slow),15,8.25,186.34999370575
85168A,C,2,C-Group (Slow),15,3.1428571428571,218.899995803833
21639,C,1,B-Group (Medium),15,64.75,228.65000641346
90190C,C,2,C-Group (Slow),15,3.0,97.4700014591217
21372,C,2,C-Group (Slow),15,6.5454545454545,126.790001630783
84029D,C,1,B-Group (Medium),15,17.0,183.980001449585
16258B,C,0,A-Group (Fast),15,1016.0,221.059996366501
47420,C,2,C-Group (Slow),15,13.6363636363636,28.4999996423721
35793,C,1,B-Group (Medium),15,108.0,216.330003142357
72781,C,2,C-Group (Slow),15,11.0,229.499997615814
84621,C,2,C-Group (Slow),15,5.8,247.259993553162
20795,C,2,C-Group (Slow),15,7.8,176.740000247955
84711B,C,2,C-Group (Slow),15,1.5454545454545,154.129997253418
90122C,C,2,C-Group (Slow),15,2.5555555555555,114.939997673035
37379A,C,2,C-Group (Slow),15,5.8333333333333,151.700004577637
90081A,C,2,C-Group (Slow),15,2.8181818181818,153.699994087219
82095,C,2,C-Group (Slow),15,2.5454545454545,214.200002670288
90214P,C,2,C-Group (Slow),15,3.0,42.1100000143051
84616,B,2,C-Group (Slow),15,5.7,938.350009918213
90024B,C,2,C-Group (Slow),15,1.4545454545454,136.459999084473
84800M,C,2,C-Group (Slow),15,12.0,177.840004920959
37462E,C,2,C-Group (Slow),15,7.0,33.1799989640713
22780,C,1,B-Group (Medium),15,71.0,295.75
90214D,C,2,C-Group (Slow),14,2.5454545454545,37.5199999809265
21298,B,2,C-Group (Slow),14,13.0,755.800003051758
17090A,C,2,C-Group (Slow),14,5.2727272727272,67.7000002861023
90072,C,2,C-Group (Slow),14,1.9090909090909,84.4099979400635
84623,C,2,C-Group (Slow),14,14.0,310.439995765686
90122A,C,2,C-Group (Slow),14,3.375,134.569995880127
84803A,C,2,C-Group (Slow),14,10.5555555555555,160.550005435944
85019A,C,1,B-Group (Medium),14,22.9,333.690000534058
84870B,C,2,C-Group (Slow),14,3.8181818181818,161.530000209808
21489,C,2,C-Group (Slow),14,9.3333333333333,157.59999704361
85167A,C,1,B-Group (Medium),14,44.0,396.799999237061
21089,C,2,C-Group (Slow),14,11.125,61.8899978399277
84800L,C,1,B-Group (Medium),14,27.6,301.750002264977
20896,C,2,C-Group (Slow),14,4.3333333333333,115.050001859665
90163A,C,2,C-Group (Slow),14,2.5555555555555,175.389997959137
17012E,C,1,B-Group (Medium),14,19.1818181818181,214.030004024506
84247C,C,2,C-Group (Slow),14,5.6363636363636,182.90000295639
90159,C,2,C-Group (Slow),14,3.3333333333333,148.889994621277
90082B,C,2,C-Group (Slow),14,2.7272727272727,190.499997138977
90039D,C,2,C-Group (Slow),14,2.625,80.1600003242493
22853,C,1,B-Group (Medium),14,84.0,261.800000190735
84522,C,2,C-Group (Slow),14,15.090909090909,275.100002288818
90184A,C,2,C-Group (Slow),14,2.1818181818181,217.949997901917
84919,B,1,B-Group (Medium),14,21.1818181818181,1238.05996608734
47504F,C,1,B-Group (Medium),14,175.6666666666666,196.459998846054
35953,C,2,C-Group (Slow),14,14.1818181818181,209.799999237061
21030,C,2,C-Group (Slow),14,7.8181818181818,105.599999427795
90125D,C,2,C-Group (Slow),14,3.3636363636363,96.8699979782104
84984C,C,1,B-Group (Medium),14,28.5,382.560000896454
85195,C,1,B-Group (Medium),14,16.875,246.340002059937
90014A,C,2,C-Group (Slow),14,1.9090909090909,212.759997367859
20620,C,2,C-Group (Slow),14,5.0,61.7600016593933
90014C,C,2,C-Group (Slow),14,2.2,221.579996109009
90210D,C,2,C-Group (Slow),14,3.4,100.730001211166
84429A,C,2,C-Group (Slow),14,3.2222222222222,103.700000524521
90036E,C,2,C-Group (Slow),14,2.4545454545454,215.999994277954
17136A,C,1,B-Group (Medium),14,32.7777777777777,24.5099994391203
21270,C,2,C-Group (Slow),14,2.2727272727272,331.489999771118
90175C,C,2,C-Group (Slow),14,2.5454545454545,252.399995803833
72753A,B,1,B-Group (Medium),14,157.5,690.239970684052
90058B,C,1,B-Group (Medium),14,42.7272727272727,276.519990205765
84690,C,2,C-Group (Slow),14,3.0,214.649994850159
72487,C,1,B-Group (Medium),14,827.0,355.049996614456
84984D,C,1,B-Group (Medium),14,34.75,311.910001277924
84388,C,2,C-Group (Slow),14,3.9090909090909,70.9499989748001
15030,C,2,C-Group (Slow),14,10.090909090909,32.1899990737438
84876D,C,1,B-Group (Medium),14,15.3636363636363,315.519999980927
90057,B,1,B-Group (Medium),14,110.2857142857142,1283.1600151062
22763,A,1,B-Group (Medium),14,437.0,3065.220079422
72755C,B,1,B-Group (Medium),14,148.0,767.0
84924D,C,1,B-Group (Medium),14,69.3636363636363,268.859999656677
21322,C,1,B-Group (Medium),14,150.5,590.449995040894
35931,C,2,C-Group (Slow),14,14.0,77.3599998950958
85111,C,1,B-Group (Medium),14,133.2727272727272,463.959987878799
72753B,B,1,B-Group (Medium),14,111.25,957.729957580566
22655,A,2,C-Group (Slow),14,3.75,4425.0
22903,B,1,B-Group (Medium),14,186.5,1039.31000232697
72134,C,1,B-Group (Medium),14,22.9,70.3600002527237
84845C,C,2,C-Group (Slow),14,4.6666666666666,52.5
84292,C,2,C-Group (Slow),14,6.2857142857142,385.97999382019
84705D,C,2,C-Group (Slow),14,2.75,97.9000015258789
35916A,C,2,C-Group (Slow),14,3.7272727272727,42.9900004863739
90210B,C,2,C-Group (Slow),14,3.0,97.480001449585
22764,B,1,B-Group (Medium),14,66.0,1300.31999588013
35914,C,2,C-Group (Slow),14,5.0,105.139996528625
17090D,C,2,C-Group (Slow),14,5.0,63.9500002861023
84927F,C,2,C-Group (Slow),14,2.3636363636363,67.2599983215332
20889,C,1,B-Group (Medium),13,164.25,398.040011405945
90103,C,2,C-Group (Slow),13,1.1818181818181,33.0899994373322
84809A,C,1,B-Group (Medium),13,22.1,359.339993000031
90018B,C,2,C-Group (Slow),13,1.6,68.0899982452393
35973,C,2,C-Group (Slow),13,12.25,61.25
90180A,C,2,C-Group (Slow),13,1.6,159.699996948242
90211A,C,2,C-Group (Slow),13,1.4545454545454,95.6000003814697
90130B,C,2,C-Group (Slow),13,1.8181818181818,59.3200006484985
84804B,C,1,B-Group (Medium),13,28.4444444444444,313.599998474121
90085,C,1,B-Group (Medium),13,22.3636363636363,210.800005912781
79315W,B,1,B-Group (Medium),13,22.1111111111111,611.510008573532
35916B,C,2,C-Group (Slow),13,3.6363636363636,41.3300005197525
21400,C,2,C-Group (Slow),13,11.7272727272727,55.0199983417988
85170B,C,2,C-Group (Slow),13,6.5555555555555,127.59999704361
84927A,C,1,B-Group (Medium),13,19.3333333333333,80.8499972820282
84250M,C,2,C-Group (Slow),13,3.5,15.9000002741814
72715,C,2,C-Group (Slow),13,12.5714285714285,36.9599988460541
90036A,C,2,C-Group (Slow),13,1.6363636363636,143.969996452332
21759,B,2,C-Group (Slow),13,7.5,1274.47001266479
90065B,C,2,C-Group (Slow),13,2.1111111111111,134.619998455048
21367,C,2,C-Group (Slow),13,3.2727272727272,66.2800002098084
84709A,C,2,C-Group (Slow),13,3.8333333333333,136.849995613098
90042C,C,2,C-Group (Slow),13,5.2,66.1599988937378
90115,C,2,C-Group (Slow),13,2.5454545454545,78.6499989032745
84527,C,2,C-Group (Slow),13,3.0,46.8000011444092
84927E,C,1,B-Group (Medium),13,54.0,133.629994869232
85162B,B,1,B-Group (Medium),13,139.5714285714285,1905.15004658699
90094,C,2,C-Group (Slow),13,7.0,88.8499987125397
90010A,C,2,C-Group (Slow),13,4.1428571428571,257.009994506836
90013D,C,2,C-Group (Slow),13,4.3333333333333,148.699998855591
84656,C,2,C-Group (Slow),13,3.6666666666666,130.899995803833
35648,C,2,C-Group (Slow),13,4.4545454545454,162.960001707077
47574A,C,2,C-Group (Slow),13,1.7272727272727,102.030000686646
90002A,C,2,C-Group (Slow),13,3.1818181818181,131.25
21368,C,2,C-Group (Slow),13,3.3636363636363,66.210000038147
71028B,C,1,B-Group (Medium),13,247.0,227.479997992516
84801B,C,2,C-Group (Slow),13,15.2727272727272,248.399989128113
90165B,C,2,C-Group (Slow),13,2.7777777777777,63.8499987125397
84934,C,1,B-Group (Medium),13,137.4,586.500016450882
90160D,C,2,C-Group (Slow),13,4.2222222222222,264.519992828369
22893,C,1,B-Group (Medium),13,226.0,96.6399971842766
17109A,C,1,B-Group (Medium),13,177.25,333.609999656677
90003B,C,2,C-Group (Slow),13,2.6,98.0699996948242
47013C,C,2,C-Group (Slow),13,8.2727272727272,26.3899992406368
21338,B,1,B-Group (Medium),13,39.8,873.24999332428
22848,C,1,B-Group (Medium),13,31.0,485.450004577637
84926F,C,2,C-Group (Slow),13,4.3636363636363,75.1799998283386
72811,C,1,B-Group (Medium),13,34.5454545454545,246.519999504089
84531B,C,2,C-Group (Slow),13,3.2727272727272,72.5500018596649
79338,C,1,B-Group (Medium),13,138.25,252.289996743202
20814,C,1,B-Group (Medium),13,63.0,208.889991760254
20845,C,2,C-Group (Slow),13,5.1818181818181,381.619995117188
90178A,C,2,C-Group (Slow),13,2.1111111111111,227.159996032715
72755D,B,1,B-Group (Medium),13,133.25,693.25
35600D,C,2,C-Group (Slow),13,14.1,497.700005292892
79161A,C,2,C-Group (Slow),13,5.875,138.650002241135
84402D,C,1,B-Group (Medium),13,93.25,358.930009126663
22486,C,2,C-Group (Slow),13,7.5,371.699998855591
21763,B,2,C-Group (Slow),13,4.625,988.15002822876
20796,C,2,C-Group (Slow),12,3.090909090909,73.269998550415
79406,C,2,C-Group (Slow),12,9.1,26.21999964118
84927D,C,1,B-Group (Medium),12,128.4285714285714,142.619995117188
21370,C,2,C-Group (Slow),12,3.3636363636363,144.960000038147
21300,B,2,C-Group (Slow),12,13.25,841.700004577637
22806,C,1,B-Group (Medium),12,68.0,368.719996929169
20664,C,2,C-Group (Slow),12,2.2,64.9000010490417
90093,C,2,C-Group (Slow),12,12.9090909090909,123.210003376007
90059F,C,2,C-Group (Slow),12,2.3636363636363,43.4900004863739
84952A,C,2,C-Group (Slow),12,4.9090909090909,120.560000419617
16202C,C,2,C-Group (Slow),12,16.1666666666666,230.590005159378
21339,C,2,C-Group (Slow),12,3.75,544.500022888184
84952B,C,2,C-Group (Slow),12,12.8181818181818,215.730000257492
72740A,C,1,B-Group (Medium),12,32.5,141.229999780655
72796B,C,2,C-Group (Slow),12,3.375,44.5499993562698
21373,C,2,C-Group (Slow),12,8.4545454545454,121.600000619888
85166A,C,1,B-Group (Medium),12,38.5,158.900001049042
85146,C,2,C-Group (Slow),12,6.5,303.319990158081
90177E,C,2,C-Group (Slow),12,1.1818181818181,38.6700003147125
20899,C,2,C-Group (Slow),12,7.3333333333333,129.800002098083
90065A,C,2,C-Group (Slow),12,1.7272727272727,133.209999084473
84576,C,2,C-Group (Slow),12,2.4545454545454,164.949996948242
84745B,C,2,C-Group (Slow),12,5.1,21.4199993312359
21760,B,2,C-Group (Slow),12,2.1428571428571,1740.0
46138B,C,2,C-Group (Slow),12,2.3636363636363,109.239999771118
17011A,C,1,B-Group (Medium),12,29.0,179.559996902943
84706D,C,1,B-Group (Medium),12,23.4444444444444,470.590008735657
20994,C,1,B-Group (Medium),12,23.5,39.9500011205673
22141,C,1,B-Group (Medium),12,32.0,131.000005245209
90165A,C,2,C-Group (Slow),12,2.3636363636363,66.5099985599518
90060F,C,2,C-Group (Slow),12,2.4444444444444,130.979997158051
71406C,C,2,C-Group (Slow),12,5.5454545454545,27.3399992287159
90082A,C,2,C-Group (Slow),12,1.7272727272727,122.409998416901
20698,C,2,C-Group (Slow),12,2.9,68.5499980449677
72133,C,2,C-Group (Slow),12,5.0,47.8699998855591
84827,C,1,B-Group (Medium),12,41.4545454545454,296.399989128113
90155,C,2,C-Group (Slow),12,1.7272727272727,143.539999485016
90000B,C,2,C-Group (Slow),12,1.4545454545454,96.7199974060059
84227,C,1,B-Group (Medium),12,37.0,46.6199985444546
84907,B,1,B-Group (Medium),12,45.125,810.590016365051
90086,C,2,C-Group (Slow),12,9.875,72.8200014829636
90032,C,2,C-Group (Slow),12,2.2222222222222,125.0
84653,B,2,C-Group (Slow),12,4.6666666666666,750.480007171631
90088,C,2,C-Group (Slow),12,9.8,84.1500023603439
84915,C,2,C-Group (Slow),12,1.75,69.3799991607666
84661C,C,2,C-Group (Slow),12,8.0,79.9699981212616
44089C,C,2,C-Group (Slow),12,4.8888888888888,18.479999423027
DCGS0076,C,2,C-Group (Slow),11,1.2,195.309991836548
84192,C,2,C-Group (Slow),11,12.625,114.849996566772
77079,C,2,C-Group (Slow),11,12.6,133.559992790222
90016C,C,2,C-Group (Slow),11,1.4,119.109998703003
84564,C,2,C-Group (Slow),11,3.0,175.479995727539
35840,C,1,B-Group (Medium),11,45.0,107.129998803139
85023C,C,2,C-Group (Slow),11,3.8333333333333,58.6499989032745
84340,C,1,B-Group (Medium),11,21.0,65.7600008547306
37509,C,2,C-Group (Slow),11,3.5714285714285,63.7499988079071
72750D,C,1,B-Group (Medium),11,55.0,226.500004529953
84984A,C,1,B-Group (Medium),11,30.875,373.770001411438
20957,C,2,C-Group (Slow),11,8.1428571428571,84.5600025653839
47469,C,1,B-Group (Medium),11,68.5,312.769989848137
84845D,C,2,C-Group (Slow),11,3.7272727272727,51.25
90030B,C,2,C-Group (Slow),11,1.5454545454545,101.349998474121
79051A,C,2,C-Group (Slow),11,9.9,80.5199975967407
84582,C,2,C-Group (Slow),11,3.5,59.5
72225D,C,1,B-Group (Medium),11,160.3333333333333,219.459993302822
47503F,B,1,B-Group (Medium),11,641.75,729.949998497963
90000A,C,2,C-Group (Slow),11,1.6363636363636,108.749997138977
79030D,C,1,B-Group (Medium),11,41.3,325.590007901192
16043,C,1,B-Group (Medium),11,186.090909090909,168.539995759726
82545A,C,2,C-Group (Slow),11,3.1,38.75
78124,B,1,B-Group (Medium),11,55.7777777777777,666.610000610352
90202D,C,2,C-Group (Slow),11,2.5555555555555,68.1500008106232
82069,C,2,C-Group (Slow),11,1.5454545454545,109.849998474121
90022,C,2,C-Group (Slow),11,1.090909090909,45.6599998474121
84537B,C,1,B-Group (Medium),11,29.25,49.1399984657764
81952B,C,2,C-Group (Slow),11,6.75,46.5600001811981
90002E,C,2,C-Group (Slow),11,2.0,67.7699999809265
90174,C,2,C-Group (Slow),11,1.3333333333333,30.699999332428
84251C,C,2,C-Group (Slow),11,9.4545454545454,19.7599997520447
35963,C,2,C-Group (Slow),11,10.1,38.3799995183945
20839,C,2,C-Group (Slow),11,4.5454545454545,154.070002794266
90169,C,2,C-Group (Slow),11,2.7142857142857,48.4899990558624
21117,C,2,C-Group (Slow),11,19.8181818181818,353.580001831055
84926D,C,2,C-Group (Slow),11,5.6363636363636,83.7999999523163
35271S,C,1,B-Group (Medium),11,23.5454545454545,55.379999101162
84464,C,1,B-Group (Medium),11,41.0,179.100000858307
22791,C,1,B-Group (Medium),11,290.0,338.919991731644
10124A,C,2,C-Group (Slow),11,4.875,16.3799994885921
21764,B,2,C-Group (Slow),11,4.25,659.150012969971
90038A,C,2,C-Group (Slow),11,1.8181818181818,75.8400001525879
90148,C,2,C-Group (Slow),11,1.4545454545454,204.0
90168,C,2,C-Group (Slow),11,2.3,68.2400007247925
90188,C,2,C-Group (Slow),11,1.2,30.8399991989136
17011F,C,1,B-Group (Medium),11,27.0,253.029990673065
84984B,C,1,B-Group (Medium),11,38.125,462.250001430511
16168S,C,1,B-Group (Medium),11,427.6666666666666,126.83000421524
90214T,C,2,C-Group (Slow),11,2.8181818181818,39.6100000143051
20688,C,1,B-Group (Medium),11,116.0,332.899994850159
90002B,C,2,C-Group (Slow),11,2.0,82.7399997711182
47552A,C,2,C-Group (Slow),11,1.7142857142857,23.4000005722046
21761,B,2,C-Group (Slow),11,4.7272727272727,1425.40003967285
90177B,C,2,C-Group (Slow),11,1.6,47.4100005626678
48179,C,1,B-Group (Medium),11,34.0,214.469999313354
90116,C,2,C-Group (Slow),11,3.6666666666666,59.0500016212463
22811,C,1,B-Group (Medium),11,42.0,240.439998626709
20879,C,1,B-Group (Medium),11,57.0,67.7999985218048
90018C,C,2,C-Group (Slow),11,1.4545454545454,68.1099987030029
20861,C,2,C-Group (Slow),11,3.5555555555555,67.1999969482422
37492A,C,1,B-Group (Medium),11,108.0,216.069999098778
90059C,C,2,C-Group (Slow),11,2.1818181818181,40.0099999904633
47347B,C,1,B-Group (Medium),11,60.0,179.879999160767
17129C,C,2,C-Group (Slow),11,14.3333333333333,57.9799993038177
35913B,C,2,C-Group (Slow),10,9.0,56.060001373291
90035A,C,2,C-Group (Slow),10,1.5714285714285,117.930000305176
85018A,C,2,C-Group (Slow),10,1.6666666666666,63.75
21420,C,2,C-Group (Slow),10,4.3333333333333,120.75
90162A,C,2,C-Group (Slow),10,3.4285714285714,70.8000011444092
75178,C,2,C-Group (Slow),10,4.5,51.2999999523163
85019B,C,1,B-Group (Medium),10,25.625,295.25
84424A,C,2,C-Group (Slow),10,4.6,86.25
84660A,C,2,C-Group (Slow),10,1.6363636363636,83.3000001907349
90202C,C,2,C-Group (Slow),10,1.0,29.7900002002716
16256C,C,1,B-Group (Medium),10,28.1666666666666,70.9799977838993
37483,C,1,B-Group (Medium),10,71.5,232.89000248909
90056,C,2,C-Group (Slow),10,1.875,164.43000125885
84925C,C,2,C-Group (Slow),10,4.6666666666666,71.399998664856
90177C,C,2,C-Group (Slow),10,1.5714285714285,32.8000001907349
90194,C,2,C-Group (Slow),10,1.3636363636363,63.7199993133545
72793,C,2,C-Group (Slow),10,5.0,268.750002384186
90214I,C,2,C-Group (Slow),10,1.8181818181818,27.1799999475479
90185A,C,2,C-Group (Slow),10,1.4545454545454,68.2799987792969
90016B,C,2,C-Group (Slow),10,1.2727272727272,118.979999542236
84870C,C,2,C-Group (Slow),10,3.6,143.060000419617
90100,C,2,C-Group (Slow),10,2.5454545454545,71.399998664856
90137,C,2,C-Group (Slow),10,3.8,95.8499975204468
90199A,C,2,C-Group (Slow),10,1.1,69.8699989318848
79303B,C,2,C-Group (Slow),10,12.1111111111111,339.570004224777
90037A,C,2,C-Group (Slow),10,1.7272727272727,48.5299990177155
84745A,C,2,C-Group (Slow),10,5.0,16.7999994754791
72132,C,1,B-Group (Medium),10,42.9090909090909,322.7999958992
90181B,C,2,C-Group (Slow),10,0.9090909090909,93.6400012969971
16161G,C,1,B-Group (Medium),10,25.0,25.000000372529
79337,C,1,B-Group (Medium),10,54.4,232.169996857643
90160A,C,2,C-Group (Slow),10,1.4,97.5699973106384
85023A,C,2,C-Group (Slow),10,4.4,56.0999989509583
85161,C,2,C-Group (Slow),10,1.2727272727272,257.300010681152
16202E,C,2,C-Group (Slow),10,6.0,149.680003643036
21686,B,2,C-Group (Slow),10,1.7272727272727,719.05001449585
35610B,C,2,C-Group (Slow),10,12.2727272727272,89.0699987411499
84967B,B,2,C-Group (Slow),10,2.1,1159.44996643066
84800S,C,1,B-Group (Medium),10,31.2222222222222,171.969997167587
72798C,C,2,C-Group (Slow),10,2.1111111111111,38.2599993944168
84804A,C,2,C-Group (Slow),10,21.1428571428571,215.800000190735
90024D,C,2,C-Group (Slow),10,1.3333333333333,102.180000305176
48103,C,2,C-Group (Slow),10,4.375,201.729995727539
21265,C,2,C-Group (Slow),10,13.8181818181818,352.32000541687
37482B,B,1,B-Group (Medium),10,139.1111111111111,1145.26002788544
90214O,C,2,C-Group (Slow),10,1.3636363636363,18.75
90014B,C,2,C-Group (Slow),10,1.625,133.829998970032
90114,C,2,C-Group (Slow),10,2.2222222222222,50.7199993133545
84596I,C,1,B-Group (Medium),10,24.0,80.6199967861176
84801A,C,1,B-Group (Medium),10,22.6,330.839998245239
84926B,C,2,C-Group (Slow),10,10.8,67.5
90162B,C,2,C-Group (Slow),10,7.0,82.600001335144
21267,C,1,B-Group (Medium),10,24.0,74.6000008583069
72140F,C,2,C-Group (Slow),10,8.4444444444444,31.9199990034103
90003C,C,2,C-Group (Slow),10,1.8,67.8899998664856
90164A,C,2,C-Group (Slow),10,1.1,84.4399991035461
22792,C,1,B-Group (Medium),10,100.0,88.240002155304
47518f,C,2,C-Group (Slow),10,7.2727272727272,56.519999563694
72724,C,1,B-Group (Medium),10,36.0,45.0
17084J,C,2,C-Group (Slow),10,16.4545454545454,38.0099988132715
90024E,C,2,C-Group (Slow),9,1.5555555555555,119.170000076294
20988,C,2,C-Group (Slow),9,8.0,46.8000011444092
90130C,C,2,C-Group (Slow),9,0.9,26.7500002384186
35936,C,2,C-Group (Slow),9,3.2727272727272,13.6799998283386
TEST001,C,2,C-Group (Slow),9,10.0,225.0
16169D,C,1,B-Group (Medium),9,250.0,104.999996721745
35920,C,1,B-Group (Medium),9,332.6666666666666,191.500005722046
35085E,C,2,C-Group (Slow),9,4.875,44.25
90178B,C,2,C-Group (Slow),9,1.1818181818181,155.559997558594
90177D,C,2,C-Group (Slow),9,2.1111111111111,56.3200006484985
20697,C,2,C-Group (Slow),9,1.8181818181818,45.5999984741211
35910A,C,2,C-Group (Slow),9,3.6666666666666,64.3500015735626
84725,C,2,C-Group (Slow),9,11.3333333333333,132.999998569489
21264,C,2,C-Group (Slow),9,4.0,141.720000267029
84886,C,2,C-Group (Slow),9,1.7142857142857,119.399997711182
18010,C,1,B-Group (Medium),9,32.0,30.1599991321564
84622,C,2,C-Group (Slow),9,7.6666666666666,152.599996566772
84751B,C,2,C-Group (Slow),9,2.1111111111111,71.25
21674,B,2,C-Group (Slow),9,10.75,680.850009918213
44089A,C,2,C-Group (Slow),9,2.7777777777777,10.4999996721745
72038P,C,1,B-Group (Medium),9,116.6666666666666,116.499996930361
90092,C,2,C-Group (Slow),9,11.2222222222222,85.8500024080276
21196,C,2,C-Group (Slow),9,8.75,117.209998250008
35646,C,2,C-Group (Slow),9,2.5,93.4400005340576
16201A,C,2,C-Group (Slow),9,10.1,213.370004415512
84247J,C,2,C-Group (Slow),9,10.0,12.7800002098083
37345,C,1,B-Group (Medium),9,160.5,561.049994468689
84425A,C,2,C-Group (Slow),9,3.0,76.6000003814697
16161E,C,1,B-Group (Medium),9,250.0,75.0000011175871
90156,C,2,C-Group (Slow),9,1.9,104.979996681213
90138,C,2,C-Group (Slow),9,1.8571428571428,67.710000038147
84921,C,2,C-Group (Slow),9,1.6,60.0
85018B,C,2,C-Group (Slow),9,1.2727272727272,59.5
84706B,C,2,C-Group (Slow),9,6.6666666666666,188.729996681213
21266,C,2,C-Group (Slow),9,23.0,98.9000043869019
90121B,C,2,C-Group (Slow),9,9.5,80.75
17084A,C,2,C-Group (Slow),9,22.7777777777777,43.0499986559153
90124A,C,2,C-Group (Slow),9,1.875,149.969997406006
35911B,C,2,C-Group (Slow),9,3.6363636363636,83.9999961853027
37491C,C,2,C-Group (Slow),9,6.25,154.31999540329
90067A,C,2,C-Group (Slow),9,2.1111111111111,56.0900008678436
84806A,C,2,C-Group (Slow),9,18.2,165.020002841949
71215,C,2,C-Group (Slow),9,14.6,55.0799983143806
84744,C,2,C-Group (Slow),9,2.9090909090909,40.0
90101,C,2,C-Group (Slow),9,0.9,22.9099996089935
85019C,C,2,C-Group (Slow),9,18.1818181818181,274.0
90023,C,2,C-Group (Slow),9,1.090909090909,51.2199993133545
21337,C,2,C-Group (Slow),9,3.75,94.6800012588501
84875A,C,2,C-Group (Slow),9,0.9090909090909,37.5
72753D,C,1,B-Group (Medium),9,72.0,302.39998626709
90214F,C,2,C-Group (Slow),9,1.2727272727272,17.5
17012D,C,2,C-Group (Slow),9,4.875,60.960000038147
37491D,C,2,C-Group (Slow),9,1.8888888888888,36.5999991893768
84414B,C,2,C-Group (Slow),9,19.5,536.239988327026
84906,C,2,C-Group (Slow),9,2.8181818181818,184.449994087219
35607B,C,2,C-Group (Slow),9,19.5454545454545,43.8699995875359
84586L,C,2,C-Group (Slow),9,7.5,44.2500007152557
62086A,C,2,C-Group (Slow),9,2.375,37.0500009059906
90162D,C,2,C-Group (Slow),9,1.9,56.0500009059906
20860,C,2,C-Group (Slow),9,2.4285714285714,35.6999983787537
84806B,C,1,B-Group (Medium),9,27.25,108.610002279282
79413,C,2,C-Group (Slow),9,5.0,37.5
90123A,C,2,C-Group (Slow),9,2.2222222222222,118.999996185303
90196B,C,2,C-Group (Slow),9,1.2727272727272,178.5
22779,C,1,B-Group (Medium),9,50.0,212.5
21353,C,2,C-Group (Slow),9,19.0,160.449996948242
72772,B,1,B-Group (Medium),9,228.5,615.840000629425
84922,B,1,B-Group (Medium),9,29.9090909090909,744.710000038147
84858B,C,1,B-Group (Medium),9,108.6666666666666,430.999999046326
37479B,B,1,B-Group (Medium),9,124.3333333333333,995.680017471313
84613C,C,2,C-Group (Slow),8,6.875,225.509999752045
90036D,C,2,C-Group (Slow),8,2.2222222222222,159.119996070862
16050,C,1,B-Group (Medium),8,50.3333333333333,46.4500003457069
72754B,C,1,B-Group (Medium),8,85.0,137.539998054504
90028,C,2,C-Group (Slow),8,1.0,93.6499996185303
90190B,C,2,C-Group (Slow),8,2.9090909090909,94.4000015258789
85151,C,1,B-Group (Medium),8,44.0,55.0
85179A,C,2,C-Group (Slow),8,1.9090909090909,116.330000400543
84509e,C,2,C-Group (Slow),8,7.6666666666666,136.159999847412
84816,B,2,C-Group (Slow),8,1.5454545454545,639.150012969971
90036F,C,2,C-Group (Slow),8,0.9,72.4399976730347
90179C,C,2,C-Group (Slow),8,2.75,65.4399981498718
37489A,C,2,C-Group (Slow),8,1.2222222222222,28.2300004959106
85024B,C,2,C-Group (Slow),8,2.5,41.2499994039536
90162C,C,2,C-Group (Slow),8,3.375,79.6500012874603
78033,C,2,C-Group (Slow),8,4.75,185.299997329712
22794,C,2,C-Group (Slow),8,16.0,127.199996948242
90033,C,2,C-Group (Slow),8,1.8,23.159999370575
90199D,C,2,C-Group (Slow),8,1.2727272727272,88.9599986076355
10123G,C,1,B-Group (Medium),8,202.7272727272727,148.879996657372
20953,C,2,C-Group (Slow),8,2.5,32.9999995231628
90026A,C,2,C-Group (Slow),8,1.125,76.4699993133545
35817P,C,1,B-Group (Medium),8,66.0,181.539997577667
90150,C,2,C-Group (Slow),8,1.3,97.5
90036C,C,2,C-Group (Slow),8,2.5714285714285,143.509996414185
90130A,C,2,C-Group (Slow),8,1.6363636363636,53.2000007629395
84877A,C,2,C-Group (Slow),8,2.7,101.25
90084,C,2,C-Group (Slow),8,9.0,53.550001502037
16243B,C,1,B-Group (Medium),8,53.0,441.770009279251
71495B,C,2,C-Group (Slow),8,12.9,48.8400009274483
35824C,C,1,B-Group (Medium),8,47.0,117.049999237061
16119,C,1,B-Group (Medium),8,273.0,130.709998846054
35233,C,2,C-Group (Slow),8,1.6666666666666,37.5
90079,C,2,C-Group (Slow),8,0.9090909090909,50.0599994659424
90146,C,2,C-Group (Slow),8,1.2727272727272,105.569999694824
22762,C,2,C-Group (Slow),8,18.0,251.499998092651
90191,C,2,C-Group (Slow),8,1.0,140.529999732971
84548,C,2,C-Group (Slow),8,2.2727272727272,41.2499994039536
20847,C,2,C-Group (Slow),8,3.0,113.019999980927
21702,B,1,B-Group (Medium),8,878.6666666666666,918.680035591125
44241C,C,2,C-Group (Slow),8,8.75,59.5000016689301
90019B,C,2,C-Group (Slow),8,1.2,61.6399993896484
84858A,C,2,C-Group (Slow),8,5.3,128.829998016357
71495A,C,2,C-Group (Slow),8,13.1111111111111,44.2200010716915
35637C,C,2,C-Group (Slow),8,8.125,186.950000762939
17012F,C,2,C-Group (Slow),8,4.5,53.3900001049042
90123B,C,2,C-Group (Slow),8,2.125,101.269997119904
84367,C,2,C-Group (Slow),8,8.2222222222222,126.299998283386
17014D,C,1,B-Group (Medium),8,59.875,204.359995603561
72369A,C,2,C-Group (Slow),8,3.2727272727272,58.8599998950958
37351,C,1,B-Group (Medium),8,673.5,595.950009137392
84226,C,2,C-Group (Slow),8,8.6666666666666,22.1000006198883
90205C,C,2,C-Group (Slow),8,4.3636363636363,72.4100019931793
90016A,C,2,C-Group (Slow),8,1.1,93.6499996185303
16206B,C,2,C-Group (Slow),8,3.3,41.25
20667,C,2,C-Group (Slow),8,1.8181818181818,59.0000009536743
90037D,C,2,C-Group (Slow),8,2.0,35.8699991703033
84926E,C,2,C-Group (Slow),8,5.6363636363636,77.5
44235,C,1,B-Group (Medium),8,30.5555555555555,102.540002316236
35633B,C,2,C-Group (Slow),8,7.6,14.4399998188019
90210A,C,2,C-Group (Slow),8,2.8,82.6800012588501
72821,C,2,C-Group (Slow),8,4.6,75.8999989032745
37491A,C,2,C-Group (Slow),8,1.375,25.129999756813
84462,C,1,B-Group (Medium),8,44.0,99.8599965572357
90040C,C,2,C-Group (Slow),8,1.7272727272727,67.5199999809265
35610A,C,2,C-Group (Slow),8,11.9090909090909,85.3899986743927
90037C,C,2,C-Group (Slow),8,1.9090909090909,53.5599989891052
62074B,C,2,C-Group (Slow),8,2.0,9.23999971151352
90011B,C,2,C-Group (Slow),8,0.8,23.7900002002716
84251B,C,2,C-Group (Slow),8,9.25,14.0599998235703
40005B,C,2,C-Group (Slow),8,2.8571428571428,17.0000004768372
20887,C,2,C-Group (Slow),8,18.0,118.390002965927
85225,C,2,C-Group (Slow),8,1.3,16.25
16053,C,1,B-Group (Medium),8,468.3333333333333,165.149995908141
35912B,C,2,C-Group (Slow),8,4.8571428571428,51.8199996948242
21263,C,1,B-Group (Medium),8,62.0,269.760004997253
90054,C,2,C-Group (Slow),8,0.7272727272727,20.4399995803833
72771B,C,1,B-Group (Medium),8,117.0,56.8999988734722
17091F,C,2,C-Group (Slow),8,9.5,27.7099997997284
71510,C,2,C-Group (Slow),8,4.8181818181818,37.3700000047684
85079,C,2,C-Group (Slow),8,23.0,32.249999165535
21596,C,2,C-Group (Slow),7,1.0,34.2200012207031
84614A,C,2,C-Group (Slow),7,1.5,89.1599979400635
81985A,C,2,C-Group (Slow),7,2.5555555555555,58.6499989032745
90202A,C,2,C-Group (Slow),7,0.8888888888888,23.6600003242493
84562B,C,2,C-Group (Slow),7,5.0,106.589997291565
90123D,C,2,C-Group (Slow),7,2.3333333333333,125.18999671936
37471,C,1,B-Group (Medium),7,137.6,167.420001924038
37477B,C,2,C-Group (Slow),7,0.875,26.25
84924F,C,1,B-Group (Medium),7,96.5,266.650000095367
84705A,C,2,C-Group (Slow),7,2.8,65.100001335144
35071,C,1,B-Group (Medium),7,50.0,51.1400012969971
22869,C,2,C-Group (Slow),7,16.0,35.720000743866
21118,C,1,B-Group (Medium),7,34.5,104.25
22788,B,1,B-Group (Medium),7,228.0,1617.20003890991
21697,C,1,B-Group (Medium),7,124.0,295.080010414124
90036B,C,2,C-Group (Slow),7,1.3,103.349997520447
84859B,C,2,C-Group (Slow),7,31.375,368.650000572205
16008,C,2,C-Group (Slow),7,19.75,39.5
84249A,C,2,C-Group (Slow),7,15.6,32.7599989771843
37348,C,2,C-Group (Slow),7,3.5,35.699999332428
84830,B,2,C-Group (Slow),7,28.25,1195.15000534058
90048,C,2,C-Group (Slow),7,3.1111111111111,144.039995193481
37352,C,1,B-Group (Medium),7,421.6363636363636,498.300006866455
35932,C,2,C-Group (Slow),7,2.5454545454545,12.2099999189377
84798B,C,1,B-Group (Medium),7,52.5,464.849981546402
84706A,C,1,B-Group (Medium),7,45.6666666666666,325.88000535965
16245A,C,2,C-Group (Slow),7,2.2,13.75
85184B,C,2,C-Group (Slow),7,3.5,41.300000667572
20958,C,2,C-Group (Slow),7,2.5,39.0000009536743
37491B,C,2,C-Group (Slow),7,1.4285714285714,23.4799997806549
84549,C,2,C-Group (Slow),7,2.5555555555555,44.789999127388
84857C,C,1,B-Group (Medium),7,33.0,212.700004577637
84711A,C,2,C-Group (Slow),7,1.5454545454545,169.149996757507
90027B,C,2,C-Group (Slow),7,2.5,29.5200004577637
90027D,C,2,C-Group (Slow),7,2.5,31.5400004386902
17191A,C,2,C-Group (Slow),7,2.1818181818181,90.0
84809B,C,2,C-Group (Slow),7,27.8,313.799999237061
84766,C,2,C-Group (Slow),7,4.1,219.949992179871
72083A,C,2,C-Group (Slow),7,12.0,50.3999977111816
20870,C,2,C-Group (Slow),7,29.0,52.1999998092651
84807,C,1,B-Group (Medium),7,46.6,215.929999470711
84746,C,2,C-Group (Slow),7,1.125,33.75
84963A,C,2,C-Group (Slow),7,1.2222222222222,471.550006866455
84803B,C,2,C-Group (Slow),7,3.125,42.2500014305115
22657,C,2,C-Group (Slow),7,19.6666666666666,50.1500014066696
84705C,C,2,C-Group (Slow),7,15.0,212.33000087738
84539,C,2,C-Group (Slow),7,2.1818181818181,39.5999994277954
90180B,C,2,C-Group (Slow),7,1.2222222222222,110.169998168945
21097,C,2,C-Group (Slow),7,5.3333333333333,27.2000007629395
35816P,C,2,C-Group (Slow),7,24.3333333333333,107.789999008179
72024U,C,2,C-Group (Slow),7,11.2727272727272,26.0399991869926
90183B,C,2,C-Group (Slow),7,0.6363636363636,20.8500001430511
84723,C,2,C-Group (Slow),6,2.1666666666666,103.349997520447
84876B,C,2,C-Group (Slow),6,9.2727272727272,142.5
90196A,C,2,C-Group (Slow),6,1.5714285714285,140.25
84798A,C,2,C-Group (Slow),6,17.2,373.799984931946
10124G,C,2,C-Group (Slow),6,2.6666666666666,7.13999977707863
35824B,C,1,B-Group (Medium),6,88.0,203.239997506142
47369B,C,2,C-Group (Slow),6,1.8,53.1000008583069
90205A,C,2,C-Group (Slow),6,1.75,11.9500002861023
90063B,C,2,C-Group (Slow),6,0.8181818181818,76.8600006103516
35644,C,2,C-Group (Slow),6,3.6,35.1000008583069
20825,B,2,C-Group (Slow),6,32.2727272727272,1232.58003616333
90209A,C,2,C-Group (Slow),6,8.9,161.699998378754
90179B,C,2,C-Group (Slow),6,0.7272727272727,47.7199988365173
45013,C,2,C-Group (Slow),6,9.0,123.149999856949
84613A,C,2,C-Group (Slow),6,1.75,65.100001335144
DCGS0003,C,2,C-Group (Slow),6,0.5454545454545,15.1199998855591
72783,C,2,C-Group (Slow),6,2.6,54.5999975204468
84933B,C,1,B-Group (Medium),6,68.0,309.149986743927
17014E,C,2,C-Group (Slow),6,23.75,36.6000009179115
47583A,B,2,C-Group (Slow),6,35.5,612.820003509521
90001B,C,2,C-Group (Slow),6,0.7777777777777,29.7299995422363
37327,C,2,C-Group (Slow),6,10.2727272727272,150.649999141693
90123C,C,2,C-Group (Slow),6,1.4444444444444,77.4599981307983
90053,C,2,C-Group (Slow),6,0.6,15.2399997711182
90003E,C,2,C-Group (Slow),6,0.7777777777777,26.5799999237061
22799,C,2,C-Group (Slow),6,10.0,93.4799995422363
90125E,C,2,C-Group (Slow),6,0.8571428571428,18.9299998283386
84767,B,1,B-Group (Medium),6,48.75,806.219999313354
84575A,C,2,C-Group (Slow),6,0.7777777777777,41.649998664856
22827,B,2,C-Group (Slow),6,8.0,1240.0
90001A,C,2,C-Group (Slow),6,0.75,25.6499996185303
84201B,C,2,C-Group (Slow),6,2.3636363636363,4.93999993801117
90064A,C,2,C-Group (Slow),6,1.1111111111111,40.439998626709
21308,B,1,B-Group (Medium),6,66.0,705.900000572205
51012L,C,2,C-Group (Slow),6,10.0,12.5
90011A,C,2,C-Group (Slow),6,0.6,17.9000000953674
90058A,C,2,C-Group (Slow),6,28.0,95.7599987983704
84599,C,2,C-Group (Slow),6,3.75,160.149993896484
84371,C,2,C-Group (Slow),6,15.0,257.100002288818
84206A,C,2,C-Group (Slow),6,5.0,10.4499998688698
17014A,C,2,C-Group (Slow),6,11.6,88.9799983799458
22777,C,2,C-Group (Slow),6,19.0,151.300001144409
90024C,C,2,C-Group (Slow),6,1.0,51.1800003051758
90202B,C,2,C-Group (Slow),6,0.7,20.8400001525879
84765,C,2,C-Group (Slow),6,2.25,140.229999542236
35610C,C,2,C-Group (Slow),6,6.2727272727272,49.0499992370605
84933C,C,1,B-Group (Medium),6,68.0,316.99998664856
72771C,C,1,B-Group (Medium),6,54.0,42.0800003111362
47583B,C,2,C-Group (Slow),6,9.0,332.600006103516
90046,C,2,C-Group (Slow),6,1.6666666666666,49.4999980926514
90111,C,2,C-Group (Slow),6,1.75,7.34999966621399
90001D,C,2,C-Group (Slow),6,2.1666666666666,55.2299995422363
84805B,C,2,C-Group (Slow),6,30.2,498.900009155273
84933A,C,1,B-Group (Medium),6,43.6666666666666,314.349987030029
20823,C,2,C-Group (Slow),6,6.5,295.750001907349
90025C,C,2,C-Group (Slow),6,0.6666666666666,22.5599999427795
20838,C,2,C-Group (Slow),6,6.7777777777777,104.3500020504
47343A,C,2,C-Group (Slow),6,2.2727272727272,37.2500002384186
90125A,C,2,C-Group (Slow),6,3.0,65.1099972724915
37399,C,1,B-Group (Medium),6,143.0,74.9999983608723
84706F,C,2,C-Group (Slow),6,1.75,125.299997329712
72045D,B,1,B-Group (Medium),6,134.75,918.650031089783
84782B,C,2,C-Group (Slow),6,1.4285714285714,127.5
90029,C,2,C-Group (Slow),6,1.0,93.5
72753C,C,2,C-Group (Slow),6,21.5,107.679996013641
90183A,C,2,C-Group (Slow),6,0.6666666666666,17.7500002384186
35819B,C,2,C-Group (Slow),6,8.5,46.2499995231628
90128A,C,2,C-Group (Slow),6,3.25,35.0199999809265
16054,C,2,C-Group (Slow),6,4.4,18.479999423027
44236,C,2,C-Group (Slow),6,1.5,55.8000011444092
90039C,C,2,C-Group (Slow),6,1.5454545454545,64.1700000762939
35001B,C,2,C-Group (Slow),6,4.25,59.3300001621246
84914A,C,2,C-Group (Slow),5,3.0,155.700004577637
16201B,C,2,C-Group (Slow),5,34.0,81.1000018119812
21919,C,2,C-Group (Slow),5,0.5454545454545,30.4699997901917
20800,C,1,B-Group (Medium),5,335.0,303.95999956131
84867A,C,2,C-Group (Slow),5,3.4,119.389996528625
84705b,C,1,B-Group (Medium),5,86.0,120.130000591278
21595,C,2,C-Group (Slow),5,0.7142857142857,43.0699987411499
90187A,C,2,C-Group (Slow),5,0.5454545454545,20.3300001621246
90083,C,2,C-Group (Slow),5,3.7142857142857,22.9500006437302
90030C,C,2,C-Group (Slow),5,1.4285714285714,59.5999989509583
37112,C,2,C-Group (Slow),5,3.3333333333333,37.5
35654,C,2,C-Group (Slow),5,1.5,59.3999977111816
35638B,C,2,C-Group (Slow),5,6.1111111111111,149.260000228882
35933,C,2,C-Group (Slow),5,6.090909090909,29.2899997234344
90189A,C,2,C-Group (Slow),5,0.875,52.6399998664856
20816,C,2,C-Group (Slow),5,1.7777777777777,108.0
90108,C,2,C-Group (Slow),5,1.9,19.9499990940094
20820,C,2,C-Group (Slow),5,0.4545454545454,24.7499990463257
90124C,C,2,C-Group (Slow),5,0.6363636363636,70.3699989318848
16045,C,2,C-Group (Slow),5,34.6666666666666,37.4399991631508
72754A,C,1,B-Group (Medium),5,97.3333333333333,201.239993929863
90037B,C,2,C-Group (Slow),5,3.6,45.8899991512299
84450A,C,2,C-Group (Slow),5,17.3333333333333,24.1799994111061
22882,C,2,C-Group (Slow),5,13.0,31.6300008296967
90025E,C,2,C-Group (Slow),5,0.5555555555555,18.960000038147
90039B,C,2,C-Group (Slow),5,1.0,37.6799998283386
62043B,C,2,C-Group (Slow),5,9.25,61.0499991178513
79329,C,2,C-Group (Slow),5,8.0,53.7599992752075
21309,C,2,C-Group (Slow),5,16.3333333333333,325.599998474121
84705F,C,2,C-Group (Slow),5,1.6,37.2000007629395
17013F,C,2,C-Group (Slow),5,6.8888888888888,26.7000005245209
84427B,C,2,C-Group (Slow),5,4.25,72.25
20836,C,2,C-Group (Slow),5,13.5,108.900002002716
90141A,C,2,C-Group (Slow),5,0.6666666666666,30.8199996948242
72709,C,2,C-Group (Slow),5,3.5,17.850000500679
35910B,C,2,C-Group (Slow),5,8.0,35.720000743866
90059B,C,2,C-Group (Slow),5,1.0,16.6600000858307
90038C,C,2,C-Group (Slow),5,1.0,37.7699999809265
35918B,C,2,C-Group (Slow),5,3.3333333333333,12.5
90214V,C,2,C-Group (Slow),5,0.5555555555555,6.25
35597B,C,2,C-Group (Slow),5,6.9090909090909,221.59999370575
47351B,C,2,C-Group (Slow),5,1.090909090909,35.4000005722046
90181A,C,2,C-Group (Slow),5,0.5,45.9200000762939
84795E,C,2,C-Group (Slow),5,1.1111111111111,79.4999980926514
35995,C,2,C-Group (Slow),5,5.0,3.77999985218048
gift_0001_10,C,2,C-Group (Slow),5,0.5,42.7300004959106
90176A,C,2,C-Group (Slow),5,0.7,53.3999996185303
84292B,C,2,C-Group (Slow),5,2.0,51.7999992370605
72708,C,2,C-Group (Slow),5,4.8888888888888,9.23999971151352
21369,C,2,C-Group (Slow),5,0.7272727272727,33.8699998855591
78027,C,2,C-Group (Slow),5,0.6666666666666,100.149998664856
90027C,C,2,C-Group (Slow),5,1.2,17.8100001811981
72796A,C,2,C-Group (Slow),5,2.2,18.1499997377396
79331,C,2,C-Group (Slow),5,3.1111111111111,46.199999332428
84529B,C,2,C-Group (Slow),5,4.3333333333333,62.3500003814697
44242B,C,2,C-Group (Slow),5,2.125,21.25
90187B,C,2,C-Group (Slow),5,0.5454545454545,20.4000000953674
84891B,C,2,C-Group (Slow),5,2.5,79.4999980926514
90063A,C,2,C-Group (Slow),5,1.8,76.4799995422363
84593,C,2,C-Group (Slow),5,1.5,44.2500007152557
37489B,C,2,C-Group (Slow),5,1.0,13.650000333786
90130D,C,2,C-Group (Slow),5,1.6666666666666,29.610000371933
90042B,C,2,C-Group (Slow),5,2.1428571428571,38.2499992847443
90038B,C,2,C-Group (Slow),5,0.8,30.4200000762939
90011C,C,2,C-Group (Slow),5,0.9090909090909,29.5300004482269
90177A,C,2,C-Group (Slow),5,0.4545454545454,14.7900002002716
20833,B,2,C-Group (Slow),5,13.0,811.800003051758
20877,C,2,C-Group (Slow),5,12.0,5.03999984264374
85220,A,0,A-Group (Fast),5,4078.6666666666665,6875.00024271011
84726,C,2,C-Group (Slow),5,38.8333333333333,394.849994540215
35818P,C,1,B-Group (Medium),5,49.1666666666666,132.95999789238
84493,C,1,B-Group (Medium),5,285.5,111.11999759078
35596,C,2,C-Group (Slow),4,29.0,24.6500006914139
20890,C,1,B-Group (Medium),4,151.25,202.620007038116
22968,C,2,C-Group (Slow),4,8.0,79.5999984741211
47504J,C,2,C-Group (Slow),4,5.0,67.2500009536743
84805A,C,2,C-Group (Slow),4,14.375,152.850002288818
35651,C,2,C-Group (Slow),4,0.6363636363636,55.649998664856
81950V,C,2,C-Group (Slow),4,1.090909090909,10.2000002861023
90182C,C,2,C-Group (Slow),4,1.0,14.7800002098083
90126C,C,2,C-Group (Slow),4,2.1111111111111,35.5200009346008
22783,C,2,C-Group (Slow),4,8.0,147.600006103516
46775B,C,2,C-Group (Slow),4,5.0,84.7500038146973
84876C,C,2,C-Group (Slow),4,1.75,26.25
20848,C,2,C-Group (Slow),4,2.5714285714285,53.1000008583069
90141B,C,2,C-Group (Slow),4,0.6666666666666,20.0799999237061
90075,C,2,C-Group (Slow),4,1.25,45.5699996948242
22830,C,2,C-Group (Slow),4,5.0,134.750003814697
35955,C,2,C-Group (Slow),4,22.5,34.6199992597103
84963B,C,2,C-Group (Slow),4,1.1666666666666,321.650005340576
84608,C,2,C-Group (Slow),4,3.0,47.6999988555908
90060D,C,2,C-Group (Slow),4,0.7272727272727,47.5999984741211
84864A,C,2,C-Group (Slow),4,1.0,67.7099990844727
90151,C,2,C-Group (Slow),4,0.7777777777777,59.6700000762939
22808,C,2,C-Group (Slow),4,30.5,160.74999833107
90119,C,2,C-Group (Slow),4,1.8,25.4199995994568
90055,C,2,C-Group (Slow),4,0.6666666666666,10.2099997997284
90141C,C,2,C-Group (Slow),4,0.5555555555555,25.8699998855591
90197D,C,2,C-Group (Slow),4,3.0,44.5499982833862
17014F,C,2,C-Group (Slow),4,7.625,23.7000005841255
72785A,C,2,C-Group (Slow),4,2.6666666666666,16.7999992370605
22856,C,2,C-Group (Slow),4,20.0,25.0
90043,C,2,C-Group (Slow),4,1.5,29.6999988555908
84838,C,2,C-Group (Slow),4,25.0,312.5
84732D,C,2,C-Group (Slow),4,0.3636363636363,6.59999990463257
90179A,C,2,C-Group (Slow),4,0.6,35.6899991035461
35265,C,2,C-Group (Slow),4,1.3333333333333,27.7999992370605
90183C,C,2,C-Group (Slow),4,0.4444444444444,11.9700000286102
90214Z,C,2,C-Group (Slow),4,0.3636363636363,4.60000002384186
90181C,C,2,C-Group (Slow),4,0.5,37.7800006866455
21387,C,2,C-Group (Slow),4,12.5,21.2500005960464
79172D,C,2,C-Group (Slow),4,3.0,20.4000005722046
84415A,C,2,C-Group (Slow),4,1.5,56.25
22987,C,2,C-Group (Slow),4,50.0,41.9999986886978
21560,C,2,C-Group (Slow),4,4.0,15.4400000572205
90026D,C,2,C-Group (Slow),4,1.0,42.5
20826,C,2,C-Group (Slow),4,5.5454545454545,129.319993019104
84868B,C,2,C-Group (Slow),4,1.0,34.7499990463257
35591T,C,2,C-Group (Slow),4,5.5,13.75
84743C,C,2,C-Group (Slow),4,4.0,10.0
35818B,C,2,C-Group (Slow),4,41.5714285714285,114.389998555183
90128D,C,2,C-Group (Slow),4,1.25,15.0199999809265
37489C,C,2,C-Group (Slow),4,1.0,12.4100003242493
90125B,C,2,C-Group (Slow),4,1.3,27.2999987602234
90035C,C,2,C-Group (Slow),4,3.7142857142857,279.5
84030B,C,2,C-Group (Slow),4,2.0,27.210000038147
17011D,C,2,C-Group (Slow),4,23.2222222222222,135.699995696545
17174,C,2,C-Group (Slow),4,3.0,11.3399996459484
90011E,C,2,C-Group (Slow),4,0.4,11.8900001049042
10080,C,2,C-Group (Slow),4,1.1,9.35000026226044
20895,C,2,C-Group (Slow),4,5.3333333333333,47.2000007629395
90099,C,2,C-Group (Slow),4,0.8181818181818,25.4599995613098
20942,C,2,C-Group (Slow),4,6.0,7.5
90064B,C,2,C-Group (Slow),4,0.6363636363636,26.25
17007B,C,2,C-Group (Slow),4,0.9090909090909,20.9999990463257
21081,C,2,C-Group (Slow),4,2.0,3.40000009536743
90163B,C,2,C-Group (Slow),4,0.8571428571428,45.7299995422363
35443,C,2,C-Group (Slow),4,0.8,6.80000019073486
15059A,B,1,B-Group (Medium),4,509.0,1567.0
84551,C,2,C-Group (Slow),4,1.090909090909,19.7999997138977
16162M,C,2,C-Group (Slow),4,12.0,20.159999370575
22761,C,2,C-Group (Slow),4,7.0,162.650005340576
20680,C,2,C-Group (Slow),4,3.0,19.5
84757,C,2,C-Group (Slow),4,2.5,74.7499990463257
85128,C,1,B-Group (Medium),4,83.5,188.9500041008
90001C,C,2,C-Group (Slow),4,1.0,17.0699996948242
84967C,C,2,C-Group (Slow),4,1.5,419.849990844727
47369A,C,2,C-Group (Slow),4,1.7142857142857,38.360000371933
90035B,C,2,C-Group (Slow),4,6.1428571428571,380.889991760254
21347,C,2,C-Group (Slow),4,1.6,47.5999984741211
84086B,C,2,C-Group (Slow),4,0.8333333333333,14.7500002384186
90149,C,2,C-Group (Slow),4,1.1666666666666,52.5
20905,C,2,C-Group (Slow),4,5.0,63.4999990463257
90210C,C,2,C-Group (Slow),4,1.9,56.0500009059906
84415B,C,2,C-Group (Slow),4,1.6,60.0
84612B,C,2,C-Group (Slow),4,2.0,50.9999990463257
90176C,C,2,C-Group (Slow),4,0.6363636363636,53.6800003051758
90140,C,2,C-Group (Slow),4,1.5,45.1399998664856
90067B,C,2,C-Group (Slow),4,1.5555555555555,41.3200006484985
16051,C,1,B-Group (Medium),4,134.4285714285714,84.689997844398
90126A,C,2,C-Group (Slow),4,2.1111111111111,33.7800009250641
DCGS0069,C,2,C-Group (Slow),4,0.5,64.5199966430664
46137D,C,2,C-Group (Slow),4,15.0,132.750002145767
84706C,C,2,C-Group (Slow),4,42.0,170.800003767014
84942,C,2,C-Group (Slow),3,1.5,5.07000017166138
90020,C,2,C-Group (Slow),3,0.8333333333333,63.75
84720,C,2,C-Group (Slow),3,35.0,147.050001621246
90069,C,2,C-Group (Slow),3,0.2727272727272,22.5
84965B,B,2,C-Group (Slow),3,3.25,1329.94999694824
90051,C,2,C-Group (Slow),3,0.8,28.6099991798401
84550,C,2,C-Group (Slow),3,0.7,11.549999833107
22825,C,2,C-Group (Slow),3,10.0,79.4999980926514
79149B,C,2,C-Group (Slow),3,0.875,2.93999990820885
90076,C,2,C-Group (Slow),3,0.5,8.88000011444092
84632,C,2,C-Group (Slow),3,1.2,319.700004577637
84857A,C,2,C-Group (Slow),3,2.0,68.0
47016,C,2,C-Group (Slow),3,7.0,58.7999973297119
84823,C,2,C-Group (Slow),3,0.6666666666666,159.800003051758
90128B,C,2,C-Group (Slow),3,2.5,18.75
84967A,C,2,C-Group (Slow),3,0.3333333333333,174.899993896484
90095,C,2,C-Group (Slow),3,2.0,22.9099996089935
84366,C,2,C-Group (Slow),3,0.75,11.25
16044,C,1,B-Group (Medium),3,3096.5,389.219991117716
47341B,C,2,C-Group (Slow),3,0.3,11.25
35817B,C,2,C-Group (Slow),3,23.8333333333333,61.2999993562698
47344B,C,2,C-Group (Slow),3,0.6,7.5
18097B,C,2,C-Group (Slow),3,3.5,17.849999666214
21853,C,2,C-Group (Slow),3,0.6,15.4000000953674
35909B,C,2,C-Group (Slow),3,2.3333333333333,20.650000333786
21119,C,2,C-Group (Slow),3,0.3,41.0099992752075
90135A,C,2,C-Group (Slow),3,2.5,49.6399984359741
90078,C,2,C-Group (Slow),3,0.6666666666666,45.0
90030A,C,2,C-Group (Slow),3,1.75,41.7599992752075
90152C,C,2,C-Group (Slow),3,1.2,35.6999988555908
90118,C,2,C-Group (Slow),3,0.6,10.0799999237061
84925E,C,2,C-Group (Slow),3,37.5,130.050003290176
90082C,C,2,C-Group (Slow),3,1.5,19.9299998283386
84546,C,2,C-Group (Slow),3,4.2,34.649999499321
21450,C,2,C-Group (Slow),3,13.0,77.3499975204468
21699,C,2,C-Group (Slow),3,36.0,82.4400029182434
84798C,C,2,C-Group (Slow),3,8.0,40.7999992370605
72805,C,2,C-Group (Slow),3,3.3333333333333,16.9000005722046
40046C,C,2,C-Group (Slow),3,3.0,3.75
84575B,C,2,C-Group (Slow),3,1.3333333333333,23.7999992370605
72785B,C,2,C-Group (Slow),3,4.5,10.8999996185303
21310,C,2,C-Group (Slow),3,0.8333333333333,149.750003814697
18098B,C,2,C-Group (Slow),3,1.0,8.85000014305115
84617,C,2,C-Group (Slow),3,3.0,76.5
37409,C,2,C-Group (Slow),3,1.75,5.95000016689301
90131,C,2,C-Group (Slow),3,0.625,34.7499990463257
10002R,C,2,C-Group (Slow),3,2.0,20.5700001716614
84966B,C,2,C-Group (Slow),3,2.3333333333333,284.0
84732B,C,2,C-Group (Slow),3,0.4545454545454,8.24999988079071
85018C,C,2,C-Group (Slow),3,6.6,114.450003147125
81953P,C,2,C-Group (Slow),3,0.625,4.25000011920929
84814B,C,2,C-Group (Slow),3,7.0,13.650000333786
90027A,C,2,C-Group (Slow),3,1.0,8.8600001335144
47563B,C,2,C-Group (Slow),3,0.6,11.25
22885,C,2,C-Group (Slow),3,11.0,25.470000743866
62097A,C,2,C-Group (Slow),3,0.3333333333333,8.85000014305115
90060C,C,2,C-Group (Slow),3,0.875,41.649998664856
35824P,C,1,B-Group (Medium),3,162.0,136.439998626709
90052,C,2,C-Group (Slow),3,0.7142857142857,35.4399991035461
22878,C,2,C-Group (Slow),3,8.0,21.0199995040894
90126B,C,2,C-Group (Slow),3,0.75,8.48000001907349
44091A,C,2,C-Group (Slow),3,3.0,3.7799998819828
90024A,C,2,C-Group (Slow),3,0.5,34.0
17013B,C,1,B-Group (Medium),3,256.0,221.029995948076
90012B,C,2,C-Group (Slow),3,0.5,40.5499992370605
20827,C,2,C-Group (Slow),3,5.5454545454545,129.319993019104
90026B,C,2,C-Group (Slow),3,0.3636363636363,34.0
90206A,C,2,C-Group (Slow),3,1.0,19.7999992370605
75172,C,2,C-Group (Slow),3,0.8,15.0
22206,C,2,C-Group (Slow),3,1.5,5.10000014305115
35816B,C,2,C-Group (Slow),3,23.1666666666666,58.0699992179871
90025F,C,2,C-Group (Slow),3,1.0,11.460000038147
44265,C,2,C-Group (Slow),3,0.8571428571428,25.5
ADJUST2,B,2,C-Group (Slow),3,3.0,731.050003051758
90128C,C,2,C-Group (Slow),3,1.4,18.8199999332428
20812,C,2,C-Group (Slow),3,2.5,12.7499997615814
90060B,C,2,C-Group (Slow),3,0.7142857142857,29.7499990463257
DCGS0004,C,2,C-Group (Slow),3,0.2727272727272,51.3099994659424
35537,C,2,C-Group (Slow),3,2.1666666666666,5.45999982953072
35821B,C,2,C-Group (Slow),3,30.0,56.9999992847443
84611B,C,2,C-Group (Slow),3,0.625,29.7499990463257
35815B,C,1,B-Group (Medium),3,95.0,43.9399999380112
DCGS0072,C,2,C-Group (Slow),3,4.0,20.6800003051758
90141E,C,2,C-Group (Slow),3,0.625,25.3099994659424
20964,C,2,C-Group (Slow),3,1.2222222222222,28.0499994754791
84629,C,2,C-Group (Slow),3,0.5714285714285,87.8000030517578
21343,C,2,C-Group (Slow),3,6.6666666666666,92.0000016689301
18097A,C,2,C-Group (Slow),3,0.8333333333333,12.7499997615814
85070,C,2,C-Group (Slow),3,1.0,320.0
16215,C,2,C-Group (Slow),3,8.0,5.19999980926514
71496A,C,2,C-Group (Slow),3,13.625,60.1699969768524
20891,C,1,B-Group (Medium),3,171.0,236.330006897449
20884,C,2,C-Group (Slow),3,3.0,6.29999971389771
84966A,C,2,C-Group (Slow),3,0.8333333333333,129.950000762939
81953B,C,2,C-Group (Slow),3,0.6,2.55000007152557
44217M,C,2,C-Group (Slow),3,72.0,236.400003433228
37489D,C,2,C-Group (Slow),3,0.7142857142857,9.75000023841858
37379B,C,1,B-Group (Medium),3,1122.0,181.500006616116
82072,C,2,C-Group (Slow),3,0.7142857142857,6.25
90034,C,2,C-Group (Slow),3,1.5,30.3099994659424
78034B,C,2,C-Group (Slow),3,2.3333333333333,13.650000333786
90141D,C,2,C-Group (Slow),3,0.4285714285714,15.9700002670288
90132,C,2,C-Group (Slow),3,1.0,15.3800001144409
90212C,C,2,C-Group (Slow),3,0.5454545454545,22.5
85192S,C,2,C-Group (Slow),2,3.0,1.94999992847443
22887,C,2,C-Group (Slow),2,9.0,21.5700006484985
90154,C,2,C-Group (Slow),2,0.4,17.8999996185303
82011E,C,2,C-Group (Slow),2,2.0,7.5
22857,C,2,C-Group (Slow),2,60.0,51.0000014305115
90152B,C,2,C-Group (Slow),2,0.4,11.8999996185303
22864,C,1,B-Group (Medium),2,378.0,158.759995043278
85218,B,1,B-Group (Medium),2,996.0,625.200024604797
35980B,C,2,C-Group (Slow),2,0.6666666666666,1.51999998092651
21857,C,2,C-Group (Slow),2,2.0,10.2300000190735
22883,C,2,C-Group (Slow),2,9.0,21.5700006484985
44092C,C,2,C-Group (Slow),2,0.375,2.55000007152557
22859,C,2,C-Group (Slow),2,30.0,49.4999992847443
17013C,C,2,C-Group (Slow),2,53.25,89.4599972069263
79308B,C,1,B-Group (Medium),2,144.0,122.400003433228
20835,C,2,C-Group (Slow),2,13.0,21.220000743866
20837,C,2,C-Group (Slow),2,4.5,27.9000005722046
22872,C,2,C-Group (Slow),2,9.0,17.5500004291534
84868A,C,2,C-Group (Slow),2,2.0,13.8999996185303
90102,C,2,C-Group (Slow),2,1.3333333333333,6.76000010967255
85179C,C,2,C-Group (Slow),2,7.0,32.550000667572
35823P,C,2,C-Group (Slow),2,0.3333333333333,5.90000009536743
84965A,B,2,C-Group (Slow),2,2.375,1020.0
90091,C,2,C-Group (Slow),2,0.5,2.55000007152557
90012A,C,2,C-Group (Slow),2,0.5,20.6199998855591
21511,C,2,C-Group (Slow),2,20.0,16.7999994754791
90041,C,2,C-Group (Slow),2,0.25,7.40000009536743
35821P,C,2,C-Group (Slow),2,2.0,5.90000009536743
35909A,C,2,C-Group (Slow),2,6.0,35.4000005722046
90049,C,2,C-Group (Slow),2,14.0,69.2999973297119
22782,C,2,C-Group (Slow),2,2.0,49.9000015258789
DCGS0068,C,2,C-Group (Slow),2,1.0,17.1199998855591
22875,C,2,C-Group (Slow),2,9.0,19.8100004196167
22770,C,2,C-Group (Slow),2,3.0,44.8499994277954
85186B,C,2,C-Group (Slow),2,14.0,5.87999981641769
84206C,C,2,C-Group (Slow),2,0.3333333333333,0.379999995231628
35611B,C,2,C-Group (Slow),2,51.0,41.5800004005432
21858,C,2,C-Group (Slow),2,0.5,10.2300000190735
20882,C,2,C-Group (Slow),2,3.0,8.85000014305115
71496B,C,2,C-Group (Slow),2,0.4,1.29999995231628
90024F,C,2,C-Group (Slow),2,1.0,25.4799995422363
17014C,C,2,C-Group (Slow),2,97.0,43.7499988079071
71434B,C,2,C-Group (Slow),2,0.6666666666666,5.09999990463257
90189B,C,2,C-Group (Slow),2,1.0,22.5
90176D,C,2,C-Group (Slow),2,0.3333333333333,22.8099999427795
gift_0001_40,C,2,C-Group (Slow),2,0.6666666666666,65.3900012969971
21852,C,2,C-Group (Slow),2,2.0,13.8999996185303
85083,C,2,C-Group (Slow),2,5.0,12.7499997615814
71050,C,2,C-Group (Slow),2,3.6,6.29999989271164
90011D,C,2,C-Group (Slow),2,0.5,5.99000000953674
37326,C,2,C-Group (Slow),2,0.6666666666666,4.60999989509583
90142A,C,2,C-Group (Slow),2,1.5,15.2700004577637
20881,C,2,C-Group (Slow),2,3.0,2.55000007152557
21594,C,2,C-Group (Slow),2,0.3333333333333,8.51000022888184
35652,C,2,C-Group (Slow),2,4.5,21.5
90000C,C,2,C-Group (Slow),2,1.0,12.3199996948242
90077,C,2,C-Group (Slow),2,0.5,5.57999992370605
20673,C,2,C-Group (Slow),2,5.0,6.25
22803,C,2,C-Group (Slow),2,2.0,79.9000015258789
90125C,C,2,C-Group (Slow),2,13.0,27.2999987602234
37488A,C,2,C-Group (Slow),2,1.0,8.85000014305115
78056,C,2,C-Group (Slow),2,3.0,29.8499994277954
90074,C,2,C-Group (Slow),2,0.25,17.8999996185303
84570B,C,2,C-Group (Slow),2,2.0,19.7999992370605
90152A,C,2,C-Group (Slow),2,0.4,11.5799999237061
16151A,C,2,C-Group (Slow),2,1.5,11.25
84201C,C,2,C-Group (Slow),2,5.0,0.949999988079071
SP1002,C,2,C-Group (Slow),2,5.0,14.7500002384186
90039A,C,2,C-Group (Slow),2,0.6666666666666,7.65000009536743
22879,C,2,C-Group (Slow),2,9.0,21.5700006484985
35051B,C,2,C-Group (Slow),2,14.0,5.87999981641769
90025B,C,2,C-Group (Slow),2,0.25,7.55999994277954
17027A,C,1,B-Group (Medium),2,114.0,84.8399974107742
21525,C,2,C-Group (Slow),2,2.0,13.5
35751C,C,2,C-Group (Slow),2,31.0,12.6099999547005
90066A,C,2,C-Group (Slow),2,1.25,33.75
35001P,C,2,C-Group (Slow),2,2.0,6.98000001907349
22884,C,2,C-Group (Slow),2,9.0,19.3100006580353
85185E,C,2,C-Group (Slow),2,4.0,11.8000001907349
75011,C,2,C-Group (Slow),2,0.7142857142857,18.75
16248B,C,2,C-Group (Slow),2,25.5,63.75
90013E,C,2,C-Group (Slow),2,1.0,8.56999969482422
17011B,C,2,C-Group (Slow),2,4.75,11.0999999046326
18098A,C,2,C-Group (Slow),2,2.0,5.90000009536743
79140,C,2,C-Group (Slow),2,3.0,6.29999980330467
22874,C,2,C-Group (Slow),2,9.0,17.5500004291534
17011C,C,1,B-Group (Medium),2,335.0,221.399992227554
37479P,C,2,C-Group (Slow),2,2.3333333333333,17.849999666214
17084G,C,2,C-Group (Slow),2,50.0,10.4999996721745
46037A,C,2,C-Group (Slow),2,1.5,7.5
72752B,C,2,C-Group (Slow),2,3.0,12.75
90031,C,2,C-Group (Slow),2,0.6666666666666,12.0100002288818
78026,C,2,C-Group (Slow),2,1.3333333333333,139.950000762939
90050,C,2,C-Group (Slow),2,0.5,14.4399995803833
48175,C,2,C-Group (Slow),2,39.0,158.039999961853
21225,C,2,C-Group (Slow),2,2.0,2.5
22873,C,2,C-Group (Slow),2,9.0,17.5500004291534
35603B,C,2,C-Group (Slow),2,50.0,20.9999993443489
21685,C,2,C-Group (Slow),2,3.0,44.8499994277954
DCGS0066N,C,2,C-Group (Slow),2,2.0,17.2999992370605
90026C,C,2,C-Group (Slow),2,0.1818181818181,17.0
gift_0001_50,C,2,C-Group (Slow),2,0.1818181818181,86.0299987792969
84721,C,2,C-Group (Slow),2,20.0,87.8000009059906
90025D,C,2,C-Group (Slow),2,0.5,7.5
90127B,C,2,C-Group (Slow),2,0.25,2.5
84679,C,2,C-Group (Slow),2,8.0,47.5999984741211
22823,C,2,C-Group (Slow),2,3.0,345.0
35597D,C,2,C-Group (Slow),2,0.1818181818181,1.29999995231628
84962,C,2,C-Group (Slow),2,0.75,179.850002288818
16161C,C,1,B-Group (Medium),2,450.0,45.0000006705523
84255A,C,2,C-Group (Slow),2,1.0,4.19999980926514
20858,C,2,C-Group (Slow),1,4.0,6.59999990463257
62097B,C,2,C-Group (Slow),1,2.0,5.90000009536743
22790,A,1,B-Group (Medium),1,200.0,3884.00001525879
21854,C,2,C-Group (Slow),1,1.0,5.17000007629395
40002,C,2,C-Group (Slow),1,78.0,66.3000018596649
16192,C,2,C-Group (Slow),1,3.0,12.9000005722046
22850,C,2,C-Group (Slow),1,8.0,123.60000038147
85230C,C,2,C-Group (Slow),1,24.0,6.95999979972839
72751B,C,2,C-Group (Slow),1,1.0,5.94999980926514
71101A,C,2,C-Group (Slow),1,6.0,5.10000014305115
35822B,C,1,B-Group (Medium),1,229.0,87.0199989080429
17011E,C,2,C-Group (Slow),1,124.0,80.5999970436096
gift_0001_70,C,2,C-Group (Slow),1,1.0,59.5699996948242
84964A,B,2,C-Group (Slow),1,10.0,600.0
84966C,C,2,C-Group (Slow),1,19.0,228.0
85069,C,2,C-Group (Slow),1,3.0,50.8500022888184
47569,C,2,C-Group (Slow),1,1.0,2.54999995231628
45014,C,2,C-Group (Slow),1,1.0,4.65000009536743
21496,C,2,C-Group (Slow),1,25.0,10.4999996721745
37451,C,2,C-Group (Slow),1,1.0,4.94999980926514
35974,C,2,C-Group (Slow),1,1.0,3.75
DCGS0070,C,2,C-Group (Slow),1,1.0,12.7200002670288
84760L,B,1,B-Group (Medium),1,560.0,896.00001335144
84206B,C,2,C-Group (Slow),1,4.0,0.759999990463257
84814A,C,2,C-Group (Slow),1,1.0,1.95000004768372
47341A,C,2,C-Group (Slow),1,1.0,3.75
37468,C,2,C-Group (Slow),1,1.0,7.78000020980835
gift_0001_80,C,2,C-Group (Slow),1,1.0,69.5599975585938
79301,C,2,C-Group (Slow),1,1.0,2.95000004768372
84964B,B,2,C-Group (Slow),1,16.0,960.0
22880,C,2,C-Group (Slow),1,8.0,17.3600006103516
84205C,C,2,C-Group (Slow),1,2.0,0.379999995231628
21585,C,2,C-Group (Slow),1,1.0,1.64999997615814
35598C,C,2,C-Group (Slow),1,1.0,2.95000004768372
85095,C,2,C-Group (Slow),1,24.0,15.5999994277954
37432,C,2,C-Group (Slow),1,6.0,3.89999985694885
47554,C,2,C-Group (Slow),1,1.0,2.54999995231628
48173A,C,2,C-Group (Slow),1,1.0,6.75
90081B,C,2,C-Group (Slow),1,3.0,14.8499994277954
44242A,C,2,C-Group (Slow),1,2.0,2.5
20721,C,2,C-Group (Slow),1,1.0,0.850000023841858
47556,C,2,C-Group (Slow),1,1.0,2.54999995231628
84567,C,2,C-Group (Slow),1,9.0,14.8499997854233
79070b,C,2,C-Group (Slow),1,1.0,11.2600002288818
46138D,C,2,C-Group (Slow),1,1.0,1.95000004768372
10109,C,2,C-Group (Slow),1,4.0,1.67999994754791
35638A,C,2,C-Group (Slow),1,1.0,5.94999980926514
85230D,C,2,C-Group (Slow),1,24.0,6.95999979972839
90004A,C,2,C-Group (Slow),1,1.0,3.75
35945,C,2,C-Group (Slow),1,1.0,1.95000004768372
21772,C,2,C-Group (Slow),1,1.0,12.75
90182B,C,2,C-Group (Slow),1,1.0,3.02999997138977
84731,C,2,C-Group (Slow),1,1.0,1.64999997615814
85123b,C,2,C-Group (Slow),1,1.0,6.03999996185303
DCGS0062,C,2,C-Group (Slow),1,1.0,2.50999999046326
30086C,C,2,C-Group (Slow),1,1.0,1.70000004768372
22881,C,2,C-Group (Slow),1,8.0,17.3600006103516
85024A,C,2,C-Group (Slow),1,1.0,1.64999997615814
72740B,C,2,C-Group (Slow),1,1.0,5.05999994277954
16169A,C,2,C-Group (Slow),1,25.0,10.4999996721745
84648,C,2,C-Group (Slow),1,1.0,12.75
35976B,C,2,C-Group (Slow),1,1.0,1.25
35837,C,2,C-Group (Slow),1,2.0,1.70000004768372
20737,C,2,C-Group (Slow),1,1.0,1.70000004768372
22876,C,2,C-Group (Slow),1,8.0,15.6000003814697
TEST002,C,2,C-Group (Slow),1,1.0,1.0
72751A,C,2,C-Group (Slow),1,1.0,5.94999980926514
85171,C,2,C-Group (Slow),1,1.0,2.54999995231628
22871,C,2,C-Group (Slow),1,8.0,15.6000003814697
22877,C,2,C-Group (Slow),1,8.0,15.6000003814697
22961,C,2,C-Group (Slow),1,1.0,1.45000004768372
85077,C,2,C-Group (Slow),1,1.0,5.94999980926514
21475,C,2,C-Group (Slow),1,1.0,14.9499998092651
22868,C,2,C-Group (Slow),1,8.0,15.6000003814697
37438,C,2,C-Group (Slow),1,1.0,3.75
37408,C,2,C-Group (Slow),1,5.0,6.25
84867b,C,2,C-Group (Slow),1,2.0,27.1399993896484
16010,C,2,C-Group (Slow),1,2.0,0.239999994635582
79157B,C,2,C-Group (Slow),1,1.0,0.850000023841858
72751C,C,2,C-Group (Slow),1,1.0,5.94999980926514
85115B,C,2,C-Group (Slow),1,3.0,12.75
22802,C,2,C-Group (Slow),1,1.0,19.9500007629395
DCGS0044,C,2,C-Group (Slow),1,1.0,2.5699999332428
21290,C,2,C-Group (Slow),1,2.0,2.5
20715,C,1,B-Group (Medium),1,400.0,423.999977111816
20885,C,2,C-Group (Slow),1,1.0,2.95000004768372
22860,C,2,C-Group (Slow),1,12.0,19.7999997138977
21838,C,2,C-Group (Slow),1,1.0,5.44999980926514
47348A,C,2,C-Group (Slow),1,6.0,11.7000002861023
22889,C,2,C-Group (Slow),1,8.0,19.2000007629395
21008,C,2,C-Group (Slow),1,1.0,2.50999999046326
20954,C,2,C-Group (Slow),1,1.0,8.64999961853027
20939,C,2,C-Group (Slow),1,12.0,10.2000002861023
22870,C,2,C-Group (Slow),1,8.0,15.6000003814697
90021,C,2,C-Group (Slow),1,2.0,23.8999996185303
35751D,C,2,C-Group (Slow),1,28.0,5.3199999332428
35822P,C,2,C-Group (Slow),1,114.0,43.3199994564056
85157,C,2,C-Group (Slow),1,1.0,12.7200002670288
22886,C,2,C-Group (Slow),1,8.0,17.3600006103516
72754D,C,2,C-Group (Slow),1,1.0,1.69000005722046
20791,C,2,C-Group (Slow),1,5.0,63.75
21036,C,2,C-Group (Slow),1,1.0,2.54999995231628
DCGS0041,C,2,C-Group (Slow),1,1.0,5.05999994277954
72752A,C,2,C-Group (Slow),1,1.0,4.25
44092B,C,2,C-Group (Slow),1,1.0,0.850000023841858
84572,C,2,C-Group (Slow),1,1.0,8.48999977111816
21409,C,2,C-Group (Slow),1,1.0,4.25
90068,C,2,C-Group (Slow),1,1.0,7.5
84311,C,2,C-Group (Slow),1,11.0,18.1499997377396
85232C,C,2,C-Group (Slow),1,1.0,4.94999980926514
22351,C,2,C-Group (Slow),1,2.0,6.71999979019165
90214W,C,2,C-Group (Slow),1,1.0,1.25
17061,C,2,C-Group (Slow),1,52.0,2.07999995350838
35818C,C,2,C-Group (Slow),1,1.0,3.4300000667572
35915A,C,1,B-Group (Medium),1,288.0,365.759994506836
37481,C,2,C-Group (Slow),1,6.0,15.2999997138977
21767,C,2,C-Group (Slow),1,1.0,29.9500007629395
21406,C,2,C-Group (Slow),1,1.0,8.64999961853027
72796C,C,2,C-Group (Slow),1,1.0,1.64999997615814
84630,C,2,C-Group (Slow),1,2.0,15.8999996185303
37484,C,2,C-Group (Slow),1,1.0,6.75
85072,C,2,C-Group (Slow),1,120.0,66.0000014305115
35950,C,2,C-Group (Slow),1,1.0,1.25
35597A,C,2,C-Group (Slow),1,2.0,2.5
DCGS0075,C,2,C-Group (Slow),1,1.0,12.7200002670288
16169G,C,2,C-Group (Slow),1,25.0,10.4999996721745
79303A,C,2,C-Group (Slow),1,2.0,5.90000009536743
35815P,C,2,C-Group (Slow),1,5.0,10.4999995231628
21860,C,2,C-Group (Slow),1,1.0,5.17000007629395
85050,C,2,C-Group (Slow),1,48.0,100.799995422363
85043,C,2,C-Group (Slow),1,1.0,4.94999980926514
22963,C,2,C-Group (Slow),1,2.0,1.70000004768372
35598A,C,2,C-Group (Slow),1,1.0,2.95000004768372
84614C,C,2,C-Group (Slow),1,3.0,17.8499994277954
35999,C,2,C-Group (Slow),1,1.0,2.54999995231628
20822,C,2,C-Group (Slow),1,2.0,9.30000019073486
22828,C,2,C-Group (Slow),1,2.0,290.0
84845A,C,2,C-Group (Slow),1,1.0,1.25
20739,C,2,C-Group (Slow),1,1.0,8.64999961853027
35930,C,2,C-Group (Slow),1,1.0,0.379999995231628
84626,C,2,C-Group (Slow),1,1.0,45.9500007629395
35650,C,2,C-Group (Slow),1,1.0,4.94999980926514
79065A,C,2,C-Group (Slow),1,4.0,39.7999992370605
72084B,C,2,C-Group (Slow),1,2.0,3.90000009536743
DCGS0037,C,2,C-Group (Slow),1,1.0,12.7200002670288
20683,C,2,C-Group (Slow),1,1.0,3.25
