stock_code,x_coordinate,y_coordinate,cluster_name,abc_class,slot_id
85123A,0,0,A-Group (Fast),A,1
85099B,0,1,A-Group (Fast),A,2
22423,1,0,A-Group (Fast),A,3
21212,0,2,A-Group (Fast),A,4
21232,1,1,A-Group (Fast),A,5
20725,2,0,A-Group (Fast),A,6
84991,0,3,A-Group (Fast),A,7
21754,1,2,A-Group (Fast),A,8
84879,2,1,A-Group (Fast),A,9
21080,3,0,A-Group (Fast),A,10
20914,0,4,A-Group (Fast),A,11
21977,1,3,A-Group (Fast),A,12
21931,2,2,A-Group (Fast),A,13
82494L,3,1,A-Group (Fast),A,14
22138,4,0,A-Group (Fast),A,15
22383,0,5,A-Group (Fast),A,16
21755,1,4,A-Group (Fast),A,17
48138,2,3,A-Group (Fast),A,18
85099F,3,2,A-Group (Fast),A,19
20727,4,1,A-Group (Fast),A,20
22139,5,0,A-Group (Fast),A,21
20685,0,6,A-Group (Fast),A,22
22384,1,5,A-Group (Fast),A,23
22386,2,4,A-Group (Fast),A,24
47566,3,3,A-Group (Fast),A,25
22382,4,2,A-Group (Fast),A,26
21843,5,1,A-Group (Fast),A,27
22411,6,0,A-Group (Fast),A,28
20724,0,7,A-Group (Fast),A,29
21231,1,6,A-Group (Fast),A,30
22090,2,5,A-Group (Fast),A,31
21733,3,4,A-Group (Fast),A,32
22469,4,3,A-Group (Fast),A,33
21034,5,2,A-Group (Fast),B,34
85099C,6,1,A-Group (Fast),A,35
22470,7,0,A-Group (Fast),A,36
20728,0,8,A-Group (Fast),A,37
84970S,1,7,A-Group (Fast),A,38
21790,2,6,A-Group (Fast),A,39
20726,3,5,A-Group (Fast),A,40
21181,4,4,A-Group (Fast),A,41
82482,5,3,A-Group (Fast),A,42
21621,6,2,A-Group (Fast),A,43
22355,7,1,A-Group (Fast),A,44
84992,8,0,A-Group (Fast),A,45
22356,0,9,A-Group (Fast),A,46
84836,1,8,A-Group (Fast),A,47
22114,2,7,A-Group (Fast),A,48
22379,3,6,A-Group (Fast),A,49
21175,4,5,A-Group (Fast),A,50
22197,5,4,A-Group (Fast),A,51
21535,6,3,A-Group (Fast),A,52
21213,7,2,A-Group (Fast),A,53
22189,8,1,A-Group (Fast),A,54
48194,9,0,A-Group (Fast),A,55
22111,0,10,A-Group (Fast),A,56
84946,1,9,A-Group (Fast),A,57
85152,2,8,A-Group (Fast),A,58
22083,3,7,A-Group (Fast),A,59
21929,4,6,A-Group (Fast),A,60
20719,5,5,A-Group (Fast),A,61
22149,6,4,A-Group (Fast),A,62
22178,7,3,A-Group (Fast),A,63
21928,8,2,A-Group (Fast),A,64
22077,9,1,A-Group (Fast),A,65
20972,10,0,A-Group (Fast),A,66
82580,0,11,A-Group (Fast),A,67
21975,1,10,A-Group (Fast),A,68
84978,2,9,A-Group (Fast),A,69
22112,3,8,A-Group (Fast),A,70
22457,4,7,A-Group (Fast),A,71
84520B,5,6,A-Group (Fast),A,72
21527,6,5,A-Group (Fast),A,73
21210,7,4,A-Group (Fast),A,74
47591D,8,3,A-Group (Fast),A,75
21524,9,2,A-Group (Fast),A,76
48187,10,1,A-Group (Fast),A,77
82486,11,0,A-Group (Fast),A,78
84755,0,12,A-Group (Fast),A,79
21429,1,11,A-Group (Fast),A,80
21791,2,10,A-Group (Fast),A,81
85150,3,9,A-Group (Fast),A,82
20723,4,8,A-Group (Fast),A,83
22352,5,7,A-Group (Fast),A,84
21166,6,6,A-Group (Fast),A,85
21485,7,5,A-Group (Fast),A,86
22381,8,4,A-Group (Fast),A,87
21731,9,3,A-Group (Fast),A,88
82600,10,2,A-Group (Fast),A,89
20718,11,1,A-Group (Fast),A,90
21559,12,0,A-Group (Fast),A,91
84997B,0,13,A-Group (Fast),A,92
84970L,1,12,A-Group (Fast),A,93
21533,2,11,A-Group (Fast),A,94
48185,3,10,A-Group (Fast),A,95
22326,4,9,A-Group (Fast),A,96
22585,5,8,A-Group (Fast),A,97
84997C,6,7,A-Group (Fast),A,98
72741,7,6,A-Group (Fast),A,99
20713,8,5,A-Group (Fast),A,100
71459,9,4,A-Group (Fast),A,101
22528,10,3,A-Group (Fast),A,102
15056N,11,2,A-Group (Fast),A,103
84029E,12,1,A-Group (Fast),A,104
22348,13,0,A-Group (Fast),A,105
21523,0,14,A-Group (Fast),A,106
21930,1,13,A-Group (Fast),A,107
22086,2,12,A-Group (Fast),A,108
84997D,3,11,A-Group (Fast),A,109
22219,4,10,A-Group (Fast),A,110
37503,5,9,A-Group (Fast),A,111
22029,6,8,A-Group (Fast),A,112
22297,7,7,A-Group (Fast),A,113
20971,8,6,A-Group (Fast),A,114
21868,9,5,A-Group (Fast),A,115
22147,10,4,A-Group (Fast),A,116
21217,11,3,A-Group (Fast),A,117
21174,12,2,A-Group (Fast),A,118
22328,13,1,A-Group (Fast),A,119
22367,14,0,A-Group (Fast),A,120
21936,0,15,A-Group (Fast),A,121
22551,1,14,A-Group (Fast),A,122
85232B,2,13,A-Group (Fast),A,123
82483,3,12,A-Group (Fast),A,124
21955,4,11,A-Group (Fast),A,125
22417,5,10,A-Group (Fast),A,126
84406B,6,9,A-Group (Fast),A,127
21622,7,8,A-Group (Fast),A,128
85014B,8,7,A-Group (Fast),A,129
22385,9,6,A-Group (Fast),A,130
21976,10,5,A-Group (Fast),A,131
21156,11,4,A-Group (Fast),A,132
22556,12,3,A-Group (Fast),A,133
21035,13,2,A-Group (Fast),A,134
84378,14,1,A-Group (Fast),A,135
15056BL,15,0,A-Group (Fast),A,136
22087,0,16,A-Group (Fast),A,137
21531,1,15,A-Group (Fast),A,138
22294,2,14,A-Group (Fast),A,139
21238,3,13,A-Group (Fast),A,140
82581,4,12,A-Group (Fast),A,141
82583,5,11,A-Group (Fast),A,142
20712,6,10,A-Group (Fast),A,143
20754,7,9,A-Group (Fast),A,144
20711,8,8,A-Group (Fast),A,145
84270,9,7,A-Group (Fast),A,146
22353,10,6,A-Group (Fast),A,147
22055,11,5,A-Group (Fast),A,148
84692,12,4,A-Group (Fast),A,149
20676,13,3,A-Group (Fast),A,150
84988,14,2,A-Group (Fast),A,151
21218,15,1,A-Group (Fast),A,152
20750,16,0,A-Group (Fast),A,153
21314,0,17,A-Group (Fast),A,154
47590B,1,16,A-Group (Fast),A,155
21165,2,15,A-Group (Fast),A,156
21172,3,14,A-Group (Fast),A,157
22198,4,13,A-Group (Fast),A,158
22196,5,12,A-Group (Fast),A,159
22557,6,11,A-Group (Fast),A,160
21121,7,10,A-Group (Fast),A,161
48111,8,9,A-Group (Fast),A,162
21155,9,8,A-Group (Fast),A,163
20975,10,7,A-Group (Fast),A,164
22554,11,6,A-Group (Fast),A,165
22027,12,5,A-Group (Fast),A,166
22624,13,4,A-Group (Fast),A,167
21908,14,3,A-Group (Fast),A,168
22082,15,2,A-Group (Fast),A,169
21985,16,1,A-Group (Fast),A,170
22296,17,0,A-Group (Fast),A,171
21539,0,18,A-Group (Fast),A,172
21889,1,17,A-Group (Fast),A,173
47556B,2,16,A-Group (Fast),A,174
84987,3,15,A-Group (Fast),A,175
22487,4,14,A-Group (Fast),A,176
21122,5,13,A-Group (Fast),A,177
15036,6,12,A-Group (Fast),A,178
21498,7,11,A-Group (Fast),A,179
22558,8,10,A-Group (Fast),A,180
82552,9,9,A-Group (Fast),A,181
21974,10,8,A-Group (Fast),A,182
21094,11,7,A-Group (Fast),A,183
47568,12,6,A-Group (Fast),A,184
84077,13,5,A-Group (Fast),A,185
22413,14,4,A-Group (Fast),A,186
22271,15,3,A-Group (Fast),A,187
22173,16,2,A-Group (Fast),A,188
21078,17,1,A-Group (Fast),A,189
21239,18,0,A-Group (Fast),A,190
84050,0,19,A-Group (Fast),A,191
22617,1,18,A-Group (Fast),A,192
21240,2,17,A-Group (Fast),A,193
21154,3,16,A-Group (Fast),A,194
21900,4,15,A-Group (Fast),A,195
22273,5,14,A-Group (Fast),A,196
22666,6,13,A-Group (Fast),A,197
22561,7,12,A-Group (Fast),A,198
21164,8,11,A-Group (Fast),A,199
82484,9,10,A-Group (Fast),A,200
22553,10,9,A-Group (Fast),A,201
21481,11,8,A-Group (Fast),A,202
84839,12,7,A-Group (Fast),A,203
71477,13,6,A-Group (Fast),A,204
22064,14,5,A-Group (Fast),A,205
21937,15,4,A-Group (Fast),A,206
82551,16,3,A-Group (Fast),A,207
22646,17,2,A-Group (Fast),A,208
22464,18,1,A-Group (Fast),A,209
48184,19,0,A-Group (Fast),A,210
22150,0,20,A-Group (Fast),A,211
22502,1,19,A-Group (Fast),A,212
22295,2,18,A-Group (Fast),A,213
84029G,3,17,A-Group (Fast),A,214
21870,4,16,A-Group (Fast),A,215
47559B,5,15,A-Group (Fast),A,216
85014A,6,14,A-Group (Fast),A,217
20677,7,13,A-Group (Fast),A,218
21673,8,12,A-Group (Fast),A,219
21672,9,11,A-Group (Fast),A,220
22607,10,10,A-Group (Fast),A,221
22073,11,9,A-Group (Fast),A,222
22507,12,8,A-Group (Fast),A,223
22212,13,7,A-Group (Fast),A,224
21912,14,6,A-Group (Fast),A,225
21086,15,5,A-Group (Fast),A,226
82578,16,4,A-Group (Fast),B,227
85066,17,3,A-Group (Fast),A,228
21918,18,2,A-Group (Fast),A,229
22195,19,1,A-Group (Fast),A,230
48188,20,0,A-Group (Fast),A,231
21888,0,21,A-Group (Fast),A,232
20974,1,20,A-Group (Fast),A,233
47566B,2,19,A-Group (Fast),A,234
21670,3,18,A-Group (Fast),A,235
84380,4,17,A-Group (Fast),A,236
22088,5,16,A-Group (Fast),A,237
22505,6,15,A-Group (Fast),A,238
21871,7,14,A-Group (Fast),A,239
22030,8,13,A-Group (Fast),A,240
21907,9,12,A-Group (Fast),A,241
79321,10,11,A-Group (Fast),A,242
22131,11,10,A-Group (Fast),A,243
22630,12,9,A-Group (Fast),A,244
21877,13,8,A-Group (Fast),A,245
22555,14,7,A-Group (Fast),A,246
21935,15,6,A-Group (Fast),A,247
21124,16,5,A-Group (Fast),A,248
22301,17,4,A-Group (Fast),A,249
21668,18,3,A-Group (Fast),A,250
22380,19,2,A-Group (Fast),A,251
79323W,20,1,A-Group (Fast),A,252
71053,21,0,A-Group (Fast),A,253
22061,0,22,A-Group (Fast),A,254
21390,1,21,A-Group (Fast),A,255
21411,2,20,A-Group (Fast),A,256
22488,3,19,A-Group (Fast),A,257
21669,4,18,A-Group (Fast),A,258
79029,5,17,A-Group (Fast),A,259
22499,6,16,A-Group (Fast),A,260
22444,7,15,A-Group (Fast),A,261
22329,8,14,A-Group (Fast),A,262
22629,9,13,A-Group (Fast),A,263
20679,10,12,A-Group (Fast),A,264
85049E,11,11,A-Group (Fast),A,265
35961,12,10,A-Group (Fast),A,266
22188,13,9,A-Group (Fast),A,267
22508,14,8,A-Group (Fast),A,268
21901,15,7,A-Group (Fast),A,269
21385,16,6,A-Group (Fast),A,270
37448,17,5,A-Group (Fast),A,271
22084,18,4,A-Group (Fast),A,272
22625,19,3,A-Group (Fast),A,273
22151,20,2,A-Group (Fast),A,274
20675,21,1,A-Group (Fast),A,275
20749,22,0,A-Group (Fast),A,276
21891,0,23,A-Group (Fast),A,277
22584,1,22,A-Group (Fast),A,278
22227,2,21,A-Group (Fast),A,279
21484,3,20,A-Group (Fast),A,280
22467,4,19,A-Group (Fast),A,281
21380,5,18,A-Group (Fast),A,282
21216,6,17,A-Group (Fast),A,283
21509,7,16,A-Group (Fast),B,284
84949,8,15,A-Group (Fast),A,285
21114,9,14,A-Group (Fast),A,286
22333,10,13,A-Group (Fast),A,287
20979,11,12,A-Group (Fast),A,288
22910,12,11,A-Group (Fast),A,289
21260,13,10,A-Group (Fast),A,290
22605,14,9,A-Group (Fast),A,291
82582,15,8,A-Group (Fast),A,292
21671,16,7,A-Group (Fast),A,293
22236,17,6,A-Group (Fast),A,294
22358,18,5,A-Group (Fast),A,295
22327,19,4,A-Group (Fast),A,296
21242,20,3,A-Group (Fast),A,297
21777,21,2,A-Group (Fast),A,298
22274,22,1,A-Group (Fast),A,299
22080,23,0,A-Group (Fast),A,300
20828,0,24,A-Group (Fast),A,301
35004C,1,23,A-Group (Fast),A,302
22366,2,22,A-Group (Fast),A,303
21980,3,21,A-Group (Fast),A,304
20983,4,20,A-Group (Fast),A,305
22275,5,19,A-Group (Fast),A,306
20717,6,18,A-Group (Fast),A,307
72760B,7,17,A-Group (Fast),A,308
79067,8,16,A-Group (Fast),A,309
21915,9,15,A-Group (Fast),A,310
21506,10,14,A-Group (Fast),A,311
21892,11,13,A-Group (Fast),A,312
82599,12,12,A-Group (Fast),A,313
21259,13,11,A-Group (Fast),A,314
37449,14,10,A-Group (Fast),A,315
21844,15,9,A-Group (Fast),A,316
22072,16,8,A-Group (Fast),A,317
84832,17,7,A-Group (Fast),A,318
22456,18,6,A-Group (Fast),A,319
21186,19,5,A-Group (Fast),A,320
22570,20,4,A-Group (Fast),A,321
22645,21,3,A-Group (Fast),A,322
48129,22,2,A-Group (Fast),A,323
22952,23,1,A-Group (Fast),A,324
35400,24,0,A-Group (Fast),A,325
22569,0,25,A-Group (Fast),A,326
21508,1,24,A-Group (Fast),B,327
22079,2,23,A-Group (Fast),A,328
21108,3,22,A-Group (Fast),A,329
22568,4,21,A-Group (Fast),A,330
21558,5,20,A-Group (Fast),A,331
22242,6,19,A-Group (Fast),A,332
48173C,7,18,A-Group (Fast),A,333
85049B,8,17,A-Group (Fast),A,334
84997A,9,16,A-Group (Fast),A,335
37370,10,15,A-Group (Fast),A,336
22300,11,14,A-Group (Fast),A,337
21899,12,13,A-Group (Fast),A,338
21911,13,12,A-Group (Fast),A,339
21989,14,11,A-Group (Fast),A,340
20682,15,10,A-Group (Fast),A,341
22245,16,9,A-Group (Fast),A,342
21507,17,8,A-Group (Fast),B,343
21258,18,7,A-Group (Fast),A,344
21136,19,6,A-Group (Fast),A,345
21544,20,5,A-Group (Fast),A,346
85042,21,4,A-Group (Fast),A,347
15060B,22,3,A-Group (Fast),A,348
22169,23,2,A-Group (Fast),A,349
21714,24,1,A-Group (Fast),A,350
22492,25,0,A-Group (Fast),A,351
21519,0,26,A-Group (Fast),B,352
22667,1,25,A-Group (Fast),A,353
21561,2,24,A-Group (Fast),A,354
21381,3,23,A-Group (Fast),A,355
22909,4,22,A-Group (Fast),A,356
22113,5,21,A-Group (Fast),A,357
21916,6,20,A-Group (Fast),B,358
21700,7,19,A-Group (Fast),A,359
85061W,8,18,A-Group (Fast),A,360
21407,9,17,A-Group (Fast),A,361
22489,10,16,A-Group (Fast),A,362
22303,11,15,A-Group (Fast),A,363
79000,12,14,A-Group (Fast),A,364
72351B,13,13,A-Group (Fast),A,365
21431,14,12,A-Group (Fast),A,366
21624,15,11,A-Group (Fast),A,367
22560,16,10,A-Group (Fast),A,368
22109,17,9,A-Group (Fast),A,369
22156,18,8,A-Group (Fast),A,370
21934,19,7,A-Group (Fast),A,371
21874,20,6,A-Group (Fast),A,372
21590,21,5,A-Group (Fast),A,373
22694,22,4,A-Group (Fast),A,374
22170,23,3,A-Group (Fast),A,375
21982,24,2,A-Group (Fast),A,376
21704,25,1,A-Group (Fast),A,377
22185,26,0,A-Group (Fast),A,378
18098c,0,27,A-Group (Fast),A,379
22659,1,26,A-Group (Fast),A,380
84880,2,25,A-Group (Fast),A,381
21756,3,24,A-Group (Fast),A,382
20982,4,23,A-Group (Fast),B,383
22501,5,22,A-Group (Fast),A,384
22549,6,21,A-Group (Fast),A,385
48116,7,20,A-Group (Fast),A,386
22158,8,19,A-Group (Fast),A,387
85049A,9,18,A-Group (Fast),A,388
22023,10,17,A-Group (Fast),B,389
85175,11,16,A-Group (Fast),A,390
22665,12,15,A-Group (Fast),A,391
22276,13,14,A-Group (Fast),A,392
22644,14,13,A-Group (Fast),A,393
79323P,15,12,A-Group (Fast),A,394
47590A,16,11,A-Group (Fast),A,395
85049D,17,10,A-Group (Fast),A,396
22089,18,9,A-Group (Fast),A,397
84971S,19,8,A-Group (Fast),A,398
21243,20,7,A-Group (Fast),A,399
22431,21,6,A-Group (Fast),A,400
21890,22,5,A-Group (Fast),A,401
21770,23,4,A-Group (Fast),A,402
22620,24,3,A-Group (Fast),A,403
21500,25,2,A-Group (Fast),A,404
22218,26,1,A-Group (Fast),A,405
21241,27,0,A-Group (Fast),B,406
21430,0,28,A-Group (Fast),A,407
84032A,1,27,A-Group (Fast),A,408
21623,2,26,A-Group (Fast),A,409
85065,3,25,A-Group (Fast),A,410
20970,4,24,A-Group (Fast),A,411
21071,5,23,A-Group (Fast),A,412
22059,6,22,A-Group (Fast),A,413
10002,7,21,A-Group (Fast),A,414
22357,8,20,A-Group (Fast),A,415
22621,9,19,A-Group (Fast),A,416
21577,10,18,A-Group (Fast),A,417
20966,11,17,A-Group (Fast),A,418
84947,12,16,A-Group (Fast),A,419
22215,13,15,A-Group (Fast),A,420
20829,14,14,A-Group (Fast),A,421
21169,15,13,A-Group (Fast),A,422
84792,16,12,A-Group (Fast),A,423
22424,17,11,A-Group (Fast),A,424
21746,18,10,A-Group (Fast),A,425
21745,19,9,A-Group (Fast),A,426
22627,20,8,A-Group (Fast),A,427
21658,21,7,A-Group (Fast),A,428
48189,22,6,A-Group (Fast),A,429
22115,23,5,A-Group (Fast),A,430
20681,24,4,A-Group (Fast),A,431
20977,25,3,A-Group (Fast),A,432
22623,26,2,A-Group (Fast),A,433
22622,27,1,A-Group (Fast),A,434
22699,28,0,A-Group (Fast),A,435
84032B,0,29,A-Group (Fast),A,436
21363,1,28,A-Group (Fast),A,437
85049C,2,27,A-Group (Fast),A,438
22045,3,26,A-Group (Fast),A,439
22534,4,25,A-Group (Fast),A,440
21116,5,24,A-Group (Fast),A,441
22427,6,23,A-Group (Fast),A,442
84375,7,22,A-Group (Fast),A,443
21715,8,21,A-Group (Fast),A,444
22652,9,20,A-Group (Fast),A,445
21914,10,19,A-Group (Fast),A,446
22521,11,18,A-Group (Fast),B,447
21033,12,17,A-Group (Fast),A,448
84945,13,16,A-Group (Fast),A,449
20969,14,15,A-Group (Fast),A,450
21488,15,14,A-Group (Fast),A,451
22037,16,13,A-Group (Fast),B,452
21479,17,12,A-Group (Fast),A,453
21326,18,11,A-Group (Fast),A,454
22179,19,10,A-Group (Fast),A,455
21875,20,9,A-Group (Fast),A,456
22331,21,8,A-Group (Fast),A,457
20751,22,7,A-Group (Fast),A,458
22365,23,6,A-Group (Fast),A,459
22078,24,5,A-Group (Fast),A,460
22865,25,4,A-Group (Fast),A,461
22697,26,3,A-Group (Fast),A,462
21115,27,2,A-Group (Fast),A,463
22244,28,1,A-Group (Fast),A,464
22649,29,0,A-Group (Fast),A,465
21716,0,30,A-Group (Fast),A,466
21876,1,29,A-Group (Fast),A,467
21472,2,28,A-Group (Fast),A,468
22567,3,27,A-Group (Fast),A,469
21042,4,26,A-Group (Fast),A,470
37450,5,25,A-Group (Fast),A,471
84580,6,24,A-Group (Fast),A,472
21486,7,23,A-Group (Fast),A,473
84510A,8,22,A-Group (Fast),B,474
20674,9,21,A-Group (Fast),A,475
21432,10,20,A-Group (Fast),A,476
21718,11,19,A-Group (Fast),A,477
22636,12,18,A-Group (Fast),A,478
85047,13,17,A-Group (Fast),A,479
22207,14,16,A-Group (Fast),A,480
21781,15,15,A-Group (Fast),A,481
37495,16,14,A-Group (Fast),A,482
84536A,17,13,A-Group (Fast),B,483
22635,18,12,A-Group (Fast),A,484
21100,19,11,A-Group (Fast),A,485
84691,20,10,A-Group (Fast),A,486
22171,21,9,A-Group (Fast),A,487
21491,22,8,A-Group (Fast),A,488
22435,23,7,A-Group (Fast),A,489
20981,24,6,A-Group (Fast),A,490
16156S,25,5,A-Group (Fast),A,491
22520,26,4,A-Group (Fast),B,492
22378,27,3,A-Group (Fast),A,493
21497,28,2,A-Group (Fast),A,494
22241,29,1,A-Group (Fast),A,495
22335,30,0,A-Group (Fast),A,496
72351A,0,31,A-Group (Fast),A,497
22662,1,30,A-Group (Fast),A,498
22412,2,29,A-Group (Fast),A,499
21244,3,28,A-Group (Fast),A,500
37447,4,27,A-Group (Fast),A,501
20978,5,26,A-Group (Fast),A,502
22616,6,25,A-Group (Fast),A,503
22525,7,24,A-Group (Fast),B,504
21981,8,23,A-Group (Fast),A,505
22432,9,22,A-Group (Fast),A,506
48197,10,21,A-Group (Fast),A,507
22866,11,20,A-Group (Fast),A,508
21986,12,19,A-Group (Fast),A,509
20973,13,18,A-Group (Fast),A,510
21713,14,17,A-Group (Fast),A,511
21137,15,16,A-Group (Fast),A,512
21902,16,15,A-Group (Fast),B,513
16237,17,14,A-Group (Fast),B,514
22759,18,13,A-Group (Fast),A,515
22588,19,12,A-Group (Fast),A,516
85040A,20,11,A-Group (Fast),B,517
22203,21,10,A-Group (Fast),A,518
22318,22,9,A-Group (Fast),A,519
21866,23,8,A-Group (Fast),B,520
22498,24,7,A-Group (Fast),A,521
22465,25,6,A-Group (Fast),A,522
84884A,26,5,A-Group (Fast),A,523
21499,27,4,A-Group (Fast),A,524
22180,28,3,A-Group (Fast),A,525
20961,29,2,A-Group (Fast),A,526
22063,30,1,A-Group (Fast),A,527
85049G,31,0,A-Group (Fast),A,528
21578,0,32,A-Group (Fast),A,529
20658,1,31,A-Group (Fast),B,530
21833,2,30,A-Group (Fast),A,531
21703,3,29,A-Group (Fast),B,532
22429,4,28,A-Group (Fast),A,533
22130,5,27,A-Group (Fast),A,534
35970,6,26,A-Group (Fast),A,535
22734,7,25,A-Group (Fast),A,536
21328,8,24,A-Group (Fast),B,537
21041,9,23,A-Group (Fast),A,538
22441,10,22,A-Group (Fast),A,539
21592,11,21,A-Group (Fast),A,540
21906,12,20,A-Group (Fast),A,541
22595,13,19,A-Group (Fast),A,542
22867,14,18,A-Group (Fast),A,543
20963,15,17,A-Group (Fast),A,544
82597,16,16,A-Group (Fast),A,545
37446,17,15,A-Group (Fast),A,546
21257,18,14,A-Group (Fast),A,547
21917,19,13,A-Group (Fast),B,548
22634,20,12,A-Group (Fast),A,549
22028,21,11,A-Group (Fast),B,550
22272,22,10,A-Group (Fast),A,551
22371,23,9,A-Group (Fast),A,552
22199,24,8,A-Group (Fast),A,553
21179,25,7,A-Group (Fast),A,554
22243,26,6,A-Group (Fast),A,555
22224,27,5,A-Group (Fast),A,556
22606,28,4,A-Group (Fast),A,557
22698,29,3,A-Group (Fast),A,558
22468,30,2,A-Group (Fast),A,559
85064,31,1,A-Group (Fast),A,560
21098,32,0,A-Group (Fast),A,561
47580,0,33,A-Group (Fast),A,562
22583,1,32,A-Group (Fast),A,563
22132,2,31,A-Group (Fast),B,564
72008,3,30,A-Group (Fast),B,565
84975,4,29,A-Group (Fast),A,566
22332,5,28,A-Group (Fast),A,567
85049F,6,27,A-Group (Fast),B,568
22349,7,26,A-Group (Fast),A,569
22283,8,25,A-Group (Fast),A,570
21135,9,24,A-Group (Fast),A,571
21933,10,23,A-Group (Fast),A,572
21988,11,22,A-Group (Fast),A,573
21679,12,21,A-Group (Fast),A,574
22361,13,20,A-Group (Fast),A,575
22418,14,19,A-Group (Fast),A,576
22377,15,18,A-Group (Fast),A,577
22035,16,17,A-Group (Fast),B,578
21272,17,16,A-Group (Fast),A,579
22202,18,15,A-Group (Fast),A,580
22668,19,14,A-Group (Fast),A,581
22024,20,13,A-Group (Fast),B,582
85038,21,12,A-Group (Fast),A,583
84849B,22,11,A-Group (Fast),A,584
22168,23,10,A-Group (Fast),A,585
21864,24,9,A-Group (Fast),A,586
22121,25,8,A-Group (Fast),A,587
85206A,26,7,A-Group (Fast),A,588
21541,27,6,A-Group (Fast),B,589
21214,28,5,A-Group (Fast),A,590
21987,29,4,A-Group (Fast),A,591
20960,30,3,A-Group (Fast),A,592
85040B,31,2,A-Group (Fast),A,593
22523,32,1,A-Group (Fast),B,594
22485,33,0,A-Group (Fast),A,595
22631,0,34,A-Group (Fast),A,596
84347,1,33,A-Group (Fast),A,597
22315,2,32,A-Group (Fast),B,598
22637,3,31,A-Group (Fast),A,599
21504,4,30,A-Group (Fast),B,600
21355,5,29,A-Group (Fast),A,601
21361,6,28,A-Group (Fast),A,602
21329,7,27,A-Group (Fast),B,603
85199S,8,26,A-Group (Fast),B,604
21903,9,25,A-Group (Fast),A,605
21330,10,24,A-Group (Fast),A,606
22752,11,23,A-Group (Fast),A,607
22494,12,22,A-Group (Fast),B,608
21787,13,21,A-Group (Fast),A,609
21077,14,20,A-Group (Fast),A,610
21495,15,19,A-Group (Fast),A,611
46000M,16,18,A-Group (Fast),A,612
22437,17,17,A-Group (Fast),A,613
47591B,18,16,A-Group (Fast),B,614
21832,19,15,A-Group (Fast),A,615
22122,20,14,A-Group (Fast),A,616
22200,21,13,A-Group (Fast),A,617
22350,22,12,A-Group (Fast),A,618
21967,23,11,A-Group (Fast),A,619
21542,24,10,A-Group (Fast),B,620
20702,25,9,A-Group (Fast),A,621
22354,26,8,A-Group (Fast),A,622
22563,27,7,A-Group (Fast),A,623
21984,28,6,A-Group (Fast),A,624
21333,29,5,A-Group (Fast),A,625
21357,30,4,A-Group (Fast),B,626
22119,31,3,A-Group (Fast),A,627
22524,32,2,A-Group (Fast),B,628
21932,33,1,A-Group (Fast),A,629
84990,34,0,A-Group (Fast),A,630
22026,0,35,A-Group (Fast),B,631
22110,1,34,A-Group (Fast),A,632
20886,2,33,A-Group (Fast),A,633
22522,3,32,A-Group (Fast),B,634
21786,4,31,A-Group (Fast),B,635
22835,5,30,A-Group (Fast),A,636
21452,6,29,A-Group (Fast),A,637
22302,7,28,A-Group (Fast),A,638
21563,8,27,A-Group (Fast),A,639
21482,9,26,A-Group (Fast),A,640
47567B,10,25,A-Group (Fast),A,641
15056P,11,24,A-Group (Fast),A,642
84536B,12,23,A-Group (Fast),C,643
22070,13,22,A-Group (Fast),A,644
22433,14,21,A-Group (Fast),A,645
85231B,15,20,A-Group (Fast),B,646
22663,16,19,A-Group (Fast),A,647
47570B,17,18,A-Group (Fast),A,648
47599A,18,17,A-Group (Fast),A,649
22145,19,16,A-Group (Fast),A,650
21829,20,15,A-Group (Fast),B,651
22619,21,14,A-Group (Fast),A,652
21110,22,13,A-Group (Fast),A,653
21327,23,12,A-Group (Fast),B,654
46000S,24,11,A-Group (Fast),A,655
22654,25,10,A-Group (Fast),A,656
17003,26,9,A-Group (Fast),A,657
22125,27,8,A-Group (Fast),A,658
85206B,28,7,A-Group (Fast),A,659
22057,29,6,A-Group (Fast),A,660
85068,30,5,A-Group (Fast),A,661
22360,31,4,A-Group (Fast),A,662
21992,32,3,A-Group (Fast),A,663
47505,33,2,A-Group (Fast),A,664
72807c,34,1,A-Group (Fast),A,665
35832,35,0,A-Group (Fast),A,666
21313,0,36,A-Group (Fast),A,667
21447,1,35,A-Group (Fast),A,668
84596B,2,34,A-Group (Fast),B,669
21107,3,33,A-Group (Fast),A,670
20752,4,32,A-Group (Fast),B,671
21614,5,31,A-Group (Fast),A,672
22278,6,30,A-Group (Fast),A,673
16161P,7,29,A-Group (Fast),A,674
21171,8,28,A-Group (Fast),B,675
22518,9,27,A-Group (Fast),A,676
21534,10,26,A-Group (Fast),A,677
22133,11,25,A-Group (Fast),B,678
85216,12,24,A-Group (Fast),A,679
22550,13,23,A-Group (Fast),A,680
22419,14,22,A-Group (Fast),B,681
35001W,15,21,A-Group (Fast),A,682
37502,16,20,A-Group (Fast),A,683
22530,17,19,A-Group (Fast),A,684
85174,18,18,A-Group (Fast),A,685
21587,19,17,A-Group (Fast),A,686
79323LP,20,16,A-Group (Fast),A,687
20967,21,15,A-Group (Fast),A,688
22748,22,14,A-Group (Fast),A,689
84509A,23,13,A-Group (Fast),A,690
22596,24,12,A-Group (Fast),A,691
21826,25,11,A-Group (Fast),B,692
21973,26,10,A-Group (Fast),A,693
21922,27,9,A-Group (Fast),A,694
84670,28,8,A-Group (Fast),B,695
21774,29,7,A-Group (Fast),B,696
21584,30,6,A-Group (Fast),A,697
22812,31,5,A-Group (Fast),A,698
21428,32,4,A-Group (Fast),A,699
85227,33,3,A-Group (Fast),B,700
22618,34,2,A-Group (Fast),A,701
21537,35,1,A-Group (Fast),A,702
22136,36,0,A-Group (Fast),A,703
16161U,0,37,A-Group (Fast),A,704
20665,1,36,A-Group (Fast),A,705
21865,2,35,A-Group (Fast),B,706
22175,3,34,A-Group (Fast),A,707
22548,4,33,A-Group (Fast),B,708
22602,5,32,A-Group (Fast),A,709
85217,6,31,A-Group (Fast),B,710
22739,7,30,A-Group (Fast),A,711
21356,8,29,A-Group (Fast),B,712
85062,9,28,A-Group (Fast),A,713
22480,10,27,A-Group (Fast),B,714
22174,11,26,A-Group (Fast),A,715
21878,12,25,A-Group (Fast),A,716
22536,13,24,A-Group (Fast),B,717
22577,14,23,A-Group (Fast),B,718
47591C,15,22,A-Group (Fast),A,719
22364,16,21,A-Group (Fast),A,720
22284,17,20,A-Group (Fast),A,721
21470,18,19,A-Group (Fast),A,722
22021,19,18,A-Group (Fast),B,723
72349B,20,17,A-Group (Fast),A,724
22519,21,16,A-Group (Fast),B,725
22578,22,15,A-Group (Fast),B,726
84279P,23,14,A-Group (Fast),A,727
21245,24,13,A-Group (Fast),A,728
22755,25,12,A-Group (Fast),B,729
21069,26,11,A-Group (Fast),A,730
22478,27,10,A-Group (Fast),B,731
82607A,28,9,A-Group (Fast),B,732
22531,29,8,A-Group (Fast),B,733
22067,30,7,A-Group (Fast),A,734
20716,31,6,A-Group (Fast),B,735
84078A,32,5,A-Group (Fast),A,736
22065,33,4,A-Group (Fast),A,737
21896,34,3,A-Group (Fast),A,738
21067,35,2,A-Group (Fast),A,739
22483,36,1,A-Group (Fast),A,740
21068,37,0,A-Group (Fast),A,741
22321,0,38,A-Group (Fast),B,742
21872,1,37,A-Group (Fast),A,743
22726,2,36,A-Group (Fast),B,744
21215,3,35,A-Group (Fast),B,745
21564,4,34,A-Group (Fast),A,746
84828,5,33,A-Group (Fast),B,747
22669,6,32,A-Group (Fast),A,748
22727,7,31,A-Group (Fast),A,749
22582,8,30,A-Group (Fast),A,750
84534B,9,29,A-Group (Fast),B,751
22262,10,28,A-Group (Fast),B,752
22745,11,27,A-Group (Fast),A,753
22950,12,26,A-Group (Fast),A,754
84212,13,25,A-Group (Fast),A,755
22071,14,24,A-Group (Fast),A,756
22251,15,23,A-Group (Fast),B,757
22334,16,22,A-Group (Fast),A,758
21383,17,21,A-Group (Fast),B,759
21384,18,20,A-Group (Fast),B,760
22575,19,19,A-Group (Fast),A,761
79320,20,18,A-Group (Fast),A,762
22341,21,17,A-Group (Fast),A,763
22661,22,16,A-Group (Fast),B,764
47599B,23,15,A-Group (Fast),A,765
22398,24,14,A-Group (Fast),B,766
22497,25,13,A-Group (Fast),A,767
22443,26,12,A-Group (Fast),A,768
21126,27,11,A-Group (Fast),B,769
22041,28,10,A-Group (Fast),A,770
22493,29,9,A-Group (Fast),A,771
84596F,30,8,A-Group (Fast),B,772
70006,31,7,A-Group (Fast),A,773
21611,32,6,A-Group (Fast),A,774
84510B,33,5,A-Group (Fast),B,775
22399,34,4,A-Group (Fast),A,776
21983,35,3,A-Group (Fast),B,777
85199L,36,2,A-Group (Fast),B,778
22571,37,1,A-Group (Fast),B,779
84568,38,0,A-Group (Fast),A,780
35004B,0,39,A-Group (Fast),A,781
21591,1,38,A-Group (Fast),B,782
84279B,2,37,A-Group (Fast),A,783
22593,3,36,A-Group (Fast),B,784
22600,4,35,A-Group (Fast),B,785
85178,5,34,A-Group (Fast),A,786
22712,6,33,A-Group (Fast),B,787
21471,7,32,A-Group (Fast),A,788
84535B,8,31,A-Group (Fast),B,789
21203,9,30,A-Group (Fast),A,790
84912A,10,29,A-Group (Fast),A,791
22025,11,28,A-Group (Fast),B,792
22231,12,27,A-Group (Fast),B,793
21680,13,26,A-Group (Fast),B,794
22632,14,25,A-Group (Fast),A,795
22491,15,24,A-Group (Fast),A,796
22562,16,23,A-Group (Fast),A,797
85048,17,22,A-Group (Fast),A,798
15039,18,21,A-Group (Fast),A,799
21494,19,20,A-Group (Fast),A,800
22426,20,19,A-Group (Fast),A,801
21846,21,18,A-Group (Fast),A,802
15044A,22,17,A-Group (Fast),A,803
84989A,23,16,A-Group (Fast),B,804
22940,24,15,A-Group (Fast),A,805
21058,25,14,A-Group (Fast),B,806
85017A,26,13,A-Group (Fast),B,807
21677,27,12,A-Group (Fast),B,808
22749,28,11,A-Group (Fast),A,809
22291,29,10,A-Group (Fast),A,810
21675,30,9,A-Group (Fast),B,811
22580,31,8,A-Group (Fast),A,812
22482,32,7,A-Group (Fast),B,813
22430,33,6,A-Group (Fast),A,814
22451,34,5,A-Group (Fast),A,815
15044D,35,4,A-Group (Fast),A,816
22737,36,3,A-Group (Fast),A,817
85231G,37,2,A-Group (Fast),B,818
21207,38,1,A-Group (Fast),A,819
22047,39,0,A-Group (Fast),B,820
20692,0,40,A-Group (Fast),A,821
22754,1,39,A-Group (Fast),B,822
20748,2,38,A-Group (Fast),A,823
21467,3,37,A-Group (Fast),A,824
85049H,4,36,A-Group (Fast),B,825
22449,5,35,A-Group (Fast),A,826
21913,6,34,A-Group (Fast),A,827
21749,7,33,A-Group (Fast),A,828
85017B,8,32,A-Group (Fast),B,829
22611,9,31,A-Group (Fast),A,830
22155,10,30,A-Group (Fast),B,831
22544,11,29,A-Group (Fast),B,832
22579,12,28,A-Group (Fast),B,833
84849D,13,27,A-Group (Fast),B,834
22434,14,26,A-Group (Fast),A,835
21082,15,25,A-Group (Fast),B,836
22036,16,24,A-Group (Fast),B,837
22594,17,23,A-Group (Fast),B,838
22628,18,22,A-Group (Fast),A,839
22439,19,21,A-Group (Fast),B,840
22285,20,20,A-Group (Fast),A,841
20671,21,19,A-Group (Fast),B,842
21648,22,18,A-Group (Fast),A,843
22186,23,17,A-Group (Fast),A,844
22421,24,16,A-Group (Fast),B,845
40016,25,15,A-Group (Fast),A,846
22716,26,14,A-Group (Fast),B,847
21161,27,13,A-Group (Fast),B,848
22091,28,12,A-Group (Fast),B,849
21125,29,11,A-Group (Fast),B,850
21717,30,10,A-Group (Fast),A,851
22466,31,9,A-Group (Fast),A,852
22633,32,8,A-Group (Fast),A,853
20985,33,7,A-Group (Fast),B,854
22458,34,6,A-Group (Fast),A,855
22309,35,5,A-Group (Fast),A,856
22277,36,4,A-Group (Fast),B,857
22081,37,3,A-Group (Fast),B,858
21947,38,2,A-Group (Fast),B,859
22750,39,1,A-Group (Fast),A,860
21324,40,0,A-Group (Fast),A,861
72756,0,41,A-Group (Fast),A,862
22405,1,40,A-Group (Fast),B,863
22603,2,39,A-Group (Fast),B,864
22261,3,38,A-Group (Fast),B,865
22535,4,37,A-Group (Fast),B,866
22537,5,36,A-Group (Fast),B,867
22076,6,35,A-Group (Fast),B,868
21830,7,34,A-Group (Fast),B,869
22459,8,33,A-Group (Fast),A,870
85114B,9,32,A-Group (Fast),A,871
21249,10,31,A-Group (Fast),A,872
22746,11,30,A-Group (Fast),B,873
22601,12,29,A-Group (Fast),B,874
21389,13,28,A-Group (Fast),B,875
21588,14,27,A-Group (Fast),A,876
15044B,15,26,A-Group (Fast),A,877
21642,16,25,A-Group (Fast),B,878
21039,17,24,A-Group (Fast),B,879
22477,18,23,A-Group (Fast),B,880
21645,19,22,A-Group (Fast),B,881
84559A,20,21,A-Group (Fast),B,882
84937,21,20,A-Group (Fast),A,883
22445,22,19,A-Group (Fast),B,884
22066,23,18,A-Group (Fast),B,885
22410,24,17,A-Group (Fast),B,886
84327A,25,16,A-Group (Fast),B,887
21224,26,15,A-Group (Fast),B,888
75049L,27,14,A-Group (Fast),A,889
22075,28,13,A-Group (Fast),B,890
22094,29,12,A-Group (Fast),B,891
22753,30,11,A-Group (Fast),B,892
22135,31,10,A-Group (Fast),C,893
21206,32,9,A-Group (Fast),B,894
20992,33,8,A-Group (Fast),B,895
22098,34,7,A-Group (Fast),B,896
22260,35,6,A-Group (Fast),B,897
22564,36,5,A-Group (Fast),B,898
22738,37,4,A-Group (Fast),A,899
22460,38,3,A-Group (Fast),A,900
20729,39,2,A-Group (Fast),B,901
21993,40,1,A-Group (Fast),B,902
21586,41,0,A-Group (Fast),A,903
22581,0,42,A-Group (Fast),B,904
21201,1,41,A-Group (Fast),A,905
22514,2,40,A-Group (Fast),B,906
22134,3,39,A-Group (Fast),B,907
21445,4,38,A-Group (Fast),B,908
22127,5,37,A-Group (Fast),A,909
22440,6,36,A-Group (Fast),B,910
22533,7,35,A-Group (Fast),B,911
22472,8,34,A-Group (Fast),A,912
10135,9,33,A-Group (Fast),B,913
22217,10,32,A-Group (Fast),B,914
51014A,11,31,A-Group (Fast),B,915
21643,12,30,A-Group (Fast),B,916
21211,13,29,A-Group (Fast),B,917
84950,14,28,A-Group (Fast),B,918
21063,15,27,A-Group (Fast),B,919
22046,16,26,A-Group (Fast),B,920
22672,17,25,A-Group (Fast),B,921
22804,18,24,A-Group (Fast),A,922
21706,19,23,A-Group (Fast),A,923
40018F,20,22,A-Group (Fast),A,924
22559,21,21,A-Group (Fast),B,925
16235,22,20,A-Group (Fast),C,926
22085,23,19,A-Group (Fast),A,927
21158,24,18,A-Group (Fast),B,928
85231L,25,17,A-Group (Fast),B,929
22851,26,16,A-Group (Fast),B,930
11001,27,15,A-Group (Fast),A,931
85016,28,14,A-Group (Fast),B,932
22347,29,13,A-Group (Fast),A,933
84993A,30,12,A-Group (Fast),C,934
18097C,31,11,A-Group (Fast),B,935
22959,32,10,A-Group (Fast),B,936
21789,33,9,A-Group (Fast),B,937
22613,34,8,A-Group (Fast),B,938
22414,35,7,A-Group (Fast),A,939
22713,36,6,A-Group (Fast),B,940
21354,37,5,A-Group (Fast),B,941
21945,38,4,A-Group (Fast),B,942
21204,39,3,A-Group (Fast),B,943
21788,40,2,A-Group (Fast),B,944
35971,41,1,A-Group (Fast),B,945
21059,42,0,A-Group (Fast),B,946
22951,0,43,A-Group (Fast),B,947
22454,1,42,A-Group (Fast),A,948
21869,2,41,A-Group (Fast),B,949
21949,3,40,A-Group (Fast),B,950
22515,4,39,A-Group (Fast),B,951
22148,5,38,A-Group (Fast),A,952
21469,6,37,A-Group (Fast),A,953
22359,7,36,A-Group (Fast),A,954
85176,8,35,A-Group (Fast),B,955
21581,9,34,A-Group (Fast),B,956
22907,10,33,A-Group (Fast),B,957
90167,11,32,A-Group (Fast),B,958
84676,12,31,A-Group (Fast),A,959
85226A,13,30,A-Group (Fast),B,960
22128,14,29,A-Group (Fast),A,961
22566,15,28,A-Group (Fast),B,962
21437,16,27,A-Group (Fast),A,963
22612,17,26,A-Group (Fast),A,964
22591,18,25,A-Group (Fast),A,965
22406,19,24,A-Group (Fast),A,966
84598,20,23,A-Group (Fast),A,967
20747,21,22,A-Group (Fast),A,968
22834,22,21,A-Group (Fast),B,969
22809,23,20,A-Group (Fast),A,970
22161,24,19,A-Group (Fast),B,971
85231E,25,18,A-Group (Fast),B,972
21159,26,17,A-Group (Fast),B,973
22587,27,16,A-Group (Fast),B,974
22714,28,15,A-Group (Fast),C,975
15034,29,14,A-Group (Fast),C,976
22292,30,13,A-Group (Fast),A,977
22614,31,12,A-Group (Fast),B,978
22436,32,11,A-Group (Fast),B,979
22422,33,10,A-Group (Fast),B,980
35924,34,9,A-Group (Fast),A,981
21278,35,8,A-Group (Fast),B,982
22146,36,7,A-Group (Fast),A,983
22855,37,6,A-Group (Fast),B,984
85017C,38,5,A-Group (Fast),B,985
22574,39,4,A-Group (Fast),B,986
22153,40,3,A-Group (Fast),B,987
21807,41,2,A-Group (Fast),B,988
22095,42,1,A-Group (Fast),B,989
22592,43,0,A-Group (Fast),A,990
22573,0,44,A-Group (Fast),B,991
22152,1,43,A-Group (Fast),B,992
20990,2,42,A-Group (Fast),B,993
22565,3,41,A-Group (Fast),B,994
21811,4,40,A-Group (Fast),B,995
21640,5,39,A-Group (Fast),B,996
21397,6,38,A-Group (Fast),B,997
22033,7,37,A-Group (Fast),C,998
21806,8,36,A-Group (Fast),B,999
84754,9,35,A-Group (Fast),B,1000
20730,10,34,A-Group (Fast),B,1001
21143,11,33,A-Group (Fast),A,1002
22586,12,32,A-Group (Fast),B,1003
22572,13,31,A-Group (Fast),B,1004
21942,14,30,A-Group (Fast),B,1005
22904,15,29,A-Group (Fast),A,1006
21009,16,28,A-Group (Fast),B,1007
21651,17,27,A-Group (Fast),B,1008
22945,18,26,A-Group (Fast),A,1009
21653,19,25,A-Group (Fast),A,1010
22265,20,24,A-Group (Fast),B,1011
22589,21,23,A-Group (Fast),B,1012
22479,22,22,A-Group (Fast),B,1013
22704,23,21,A-Group (Fast),B,1014
22751,24,20,A-Group (Fast),B,1015
22692,25,19,A-Group (Fast),A,1016
22900,26,18,A-Group (Fast),B,1017
21910,27,17,A-Group (Fast),B,1018
22154,28,16,A-Group (Fast),B,1019
22736,29,15,A-Group (Fast),B,1020
22650,30,14,A-Group (Fast),B,1021
22319,31,13,A-Group (Fast),B,1022
22728,32,12,A-Group (Fast),B,1023
72586,33,11,A-Group (Fast),B,1024
22576,34,10,A-Group (Fast),B,1025
21948,35,9,A-Group (Fast),B,1026
85172,36,8,A-Group (Fast),B,1027
22299,37,7,A-Group (Fast),A,1028
22653,38,6,A-Group (Fast),B,1029
37424,39,5,A-Group (Fast),B,1030
21805,40,4,A-Group (Fast),B,1031
22293,41,3,A-Group (Fast),B,1032
21255,42,2,A-Group (Fast),B,1033
22758,43,1,A-Group (Fast),B,1034
22545,44,0,A-Group (Fast),B,1035
21925,0,45,A-Group (Fast),B,1036
22304,1,44,A-Group (Fast),A,1037
21747,2,43,A-Group (Fast),B,1038
84520D,3,42,A-Group (Fast),B,1039
21593,4,41,A-Group (Fast),B,1040
20956,5,40,A-Group (Fast),B,1041
22747,6,39,A-Group (Fast),B,1042
22862,7,38,A-Group (Fast),B,1043
22816,8,37,A-Group (Fast),B,1044
22690,9,36,A-Group (Fast),A,1045
20668,10,35,A-Group (Fast),B,1046
21123,11,34,A-Group (Fast),B,1047
22336,12,33,A-Group (Fast),B,1048
85041,13,32,A-Group (Fast),A,1049
21076,14,31,A-Group (Fast),B,1050
22409,15,30,A-Group (Fast),B,1051
22730,16,29,A-Group (Fast),B,1052
22757,17,28,A-Group (Fast),B,1053
22743,18,27,A-Group (Fast),B,1054
22670,19,26,A-Group (Fast),A,1055
22729,20,25,A-Group (Fast),B,1056
21532,21,24,A-Group (Fast),B,1057
22906,22,23,A-Group (Fast),B,1058
22744,23,22,A-Group (Fast),B,1059
85014D,24,21,A-Group (Fast),A,1060
22810,25,20,A-Group (Fast),A,1061
22639,26,19,A-Group (Fast),B,1062
22813,27,18,A-Group (Fast),A,1063
82001S,28,17,A-Group (Fast),A,1064
22604,29,16,A-Group (Fast),B,1065
22837,30,15,A-Group (Fast),A,1066
22052,31,14,A-Group (Fast),B,1067
84507B,32,13,A-Group (Fast),B,1068
21589,33,12,A-Group (Fast),A,1069
21785,34,11,A-Group (Fast),B,1070
22416,35,10,A-Group (Fast),B,1071
22818,36,9,A-Group (Fast),B,1072
85060,37,8,A-Group (Fast),B,1073
22674,38,7,A-Group (Fast),B,1074
21655,39,6,A-Group (Fast),A,1075
21540,40,5,A-Group (Fast),A,1076
22253,41,4,A-Group (Fast),B,1077
22732,42,3,A-Group (Fast),B,1078
20773,43,2,A-Group (Fast),B,1079
20652,44,1,A-Group (Fast),B,1080
21802,45,0,A-Group (Fast),C,1081
22402,0,46,A-Group (Fast),B,1082
21291,1,45,A-Group (Fast),B,1083
22675,2,44,A-Group (Fast),B,1084
20776,3,43,A-Group (Fast),B,1085
22305,4,42,A-Group (Fast),A,1086
20996,5,41,A-Group (Fast),B,1087
21944,6,40,A-Group (Fast),B,1088
22671,7,39,A-Group (Fast),B,1089
17091A,8,38,A-Group (Fast),B,1090
22733,9,37,A-Group (Fast),B,1091
22946,10,36,A-Group (Fast),A,1092
22539,11,35,A-Group (Fast),B,1093
85200,12,34,A-Group (Fast),B,1094
79341,13,33,A-Group (Fast),A,1095
20657,14,32,A-Group (Fast),B,1096
22696,15,31,A-Group (Fast),B,1097
51014C,16,30,A-Group (Fast),B,1098
22290,17,29,A-Group (Fast),B,1099
22546,18,28,A-Group (Fast),B,1100
21396,19,27,A-Group (Fast),B,1101
22540,20,26,A-Group (Fast),B,1102
22677,21,25,A-Group (Fast),B,1103
22983,22,24,A-Group (Fast),C,1104
22676,23,23,A-Group (Fast),B,1105
17091J,24,22,A-Group (Fast),B,1106
22740,25,21,A-Group (Fast),A,1107
21665,26,20,A-Group (Fast),B,1108
20777,27,19,A-Group (Fast),B,1109
22731,28,18,A-Group (Fast),B,1110
22715,29,17,A-Group (Fast),C,1111
22718,30,16,A-Group (Fast),C,1112
22051,31,15,A-Group (Fast),B,1113
20778,32,14,A-Group (Fast),B,1114
22129,33,13,A-Group (Fast),B,1115
22895,34,12,A-Group (Fast),B,1116
20774,35,11,A-Group (Fast),B,1117
22532,36,10,A-Group (Fast),B,1118
85196,37,9,A-Group (Fast),B,1119
22678,38,8,A-Group (Fast),B,1120
22908,39,7,A-Group (Fast),B,1121
22050,40,6,A-Group (Fast),B,1122
17033,41,5,A-Group (Fast),B,1123
22711,42,4,A-Group (Fast),B,1124
35957,43,3,A-Group (Fast),B,1125
22529,44,2,A-Group (Fast),B,1126
85184D,45,1,A-Group (Fast),A,1127
22756,46,0,A-Group (Fast),B,1128
21085,0,47,A-Group (Fast),B,1129
22615,1,46,A-Group (Fast),C,1130
22610,2,45,A-Group (Fast),A,1131
22048,3,44,A-Group (Fast),B,1132
72484,4,43,A-Group (Fast),B,1133
22680,5,42,A-Group (Fast),B,1134
22705,6,41,A-Group (Fast),B,1135
22898,7,40,A-Group (Fast),B,1136
79164,8,39,A-Group (Fast),A,1137
22040,9,38,A-Group (Fast),B,1138
84466,10,37,A-Group (Fast),B,1139
21279,11,36,A-Group (Fast),B,1140
22840,12,35,A-Group (Fast),B,1141
84508A,13,34,A-Group (Fast),A,1142
22766,14,33,A-Group (Fast),B,1143
22938,15,32,A-Group (Fast),B,1144
37340,16,31,A-Group (Fast),B,1145
22717,17,30,A-Group (Fast),C,1146
22710,18,29,A-Group (Fast),B,1147
85224,19,28,A-Group (Fast),B,1148
62018,20,27,A-Group (Fast),A,1149
37423,21,26,A-Group (Fast),B,1150
21480,22,25,A-Group (Fast),B,1151
20984,23,24,A-Group (Fast),B,1152
16156N,24,23,A-Group (Fast),B,1153
35160,25,22,A-Group (Fast),B,1154
22776,26,21,A-Group (Fast),B,1155
21280,27,20,A-Group (Fast),B,1156
20731,28,19,A-Group (Fast),B,1157
20755,29,18,A-Group (Fast),B,1158
22735,30,17,A-Group (Fast),B,1159
20760,31,16,A-Group (Fast),B,1160
22897,32,15,A-Group (Fast),B,1161
21281,33,14,A-Group (Fast),B,1162
22543,34,13,A-Group (Fast),B,1163
47504E,35,12,A-Group (Fast),B,1164
22597,36,11,A-Group (Fast),B,1165
85221,37,10,A-Group (Fast),B,1166
21091,38,9,A-Group (Fast),B,1167
17096,39,8,A-Group (Fast),B,1168
20758,40,7,A-Group (Fast),B,1169
22941,41,6,A-Group (Fast),A,1170
22708,42,5,A-Group (Fast),B,1171
22815,43,4,A-Group (Fast),C,1172
84509F,44,3,A-Group (Fast),A,1173
20775,45,2,A-Group (Fast),B,1174
17039,46,1,A-Group (Fast),B,1175
22892,47,0,A-Group (Fast),C,1176
47503K,0,48,A-Group (Fast),B,1177
16046,1,47,A-Group (Fast),B,1178
22706,2,46,A-Group (Fast),B,1179
85198,3,45,A-Group (Fast),B,1180
22949,4,44,A-Group (Fast),B,1181
22943,5,43,A-Group (Fast),A,1182
16033,6,42,A-Group (Fast),B,1183
17129D,7,41,A-Group (Fast),B,1184
21096,8,40,A-Group (Fast),A,1185
20759,9,39,A-Group (Fast),B,1186
20757,10,38,A-Group (Fast),B,1187
20756,11,37,A-Group (Fast),B,1188
16014,12,36,A-Group (Fast),A,1189
21392,13,35,A-Group (Fast),B,1190
22986,14,34,A-Group (Fast),C,1191
17084R,15,33,A-Group (Fast),B,1192
22942,16,32,A-Group (Fast),A,1193
37410,17,31,A-Group (Fast),A,1194
21099,18,30,A-Group (Fast),B,1195
21088,19,29,A-Group (Fast),B,1196
20991,20,28,A-Group (Fast),B,1197
22741,21,27,A-Group (Fast),B,1198
22944,22,26,A-Group (Fast),B,1199
20993,23,25,A-Group (Fast),B,1200
85160A,24,24,A-Group (Fast),B,1201
21393,25,23,A-Group (Fast),B,1202
16047,26,22,A-Group (Fast),B,1203
22985,27,21,A-Group (Fast),C,1204
20714,28,20,A-Group (Fast),B,1205
21092,29,19,A-Group (Fast),B,1206
47503E,30,18,A-Group (Fast),B,1207
85110,31,17,A-Group (Fast),B,1208
16162L,32,16,A-Group (Fast),C,1209
17109B,33,15,A-Group (Fast),B,1210
16258B,34,14,A-Group (Fast),C,1211
85220,35,13,A-Group (Fast),A,1212
22172,36,12,B-Group (Medium),A,1213
22415,37,11,B-Group (Medium),A,1214
22220,38,10,B-Group (Medium),A,1215
82567,39,9,B-Group (Medium),B,1216
85063,40,8,B-Group (Medium),A,1217
22191,41,7,B-Group (Medium),A,1218
22374,42,6,B-Group (Medium),A,1219
22222,43,5,B-Group (Medium),A,1220
20703,44,4,B-Group (Medium),B,1221
21737,45,3,B-Group (Medium),A,1222
21667,46,2,B-Group (Medium),A,1223
85067,47,1,B-Group (Medium),A,1224
79160,48,0,B-Group (Medium),B,1225
22120,0,49,B-Group (Medium),A,1226
21529,1,48,B-Group (Medium),B,1227
22192,2,47,B-Group (Medium),A,1228
21768,3,46,B-Group (Medium),A,1229
21556,4,45,B-Group (Medium),B,1230
21625,5,44,B-Group (Medium),A,1231
21466,6,43,B-Group (Medium),A,1232
21735,7,42,B-Group (Medium),A,1233
22107,8,41,B-Group (Medium),A,1234
84837,9,40,B-Group (Medium),A,1235
21410,10,39,B-Group (Medium),B,1236
85232D,11,38,B-Group (Medium),A,1237
82613D,12,37,B-Group (Medium),B,1238
21867,13,36,B-Group (Medium),B,1239
21765,14,35,B-Group (Medium),A,1240
21153,15,34,B-Group (Medium),A,1241
15044C,16,33,B-Group (Medium),B,1242
85184C,17,32,B-Group (Medium),B,1243
21157,18,31,B-Group (Medium),B,1244
37500,19,30,B-Group (Medium),A,1245
21463,20,29,B-Group (Medium),A,1246
21528,21,28,B-Group (Medium),A,1247
21773,22,27,B-Group (Medium),B,1248
84985A,23,26,B-Group (Medium),B,1249
84968B,24,25,B-Group (Medium),A,1250
22118,25,24,B-Group (Medium),A,1251
21054,26,23,B-Group (Medium),A,1252
84795C,27,22,B-Group (Medium),A,1253
84581,28,21,B-Group (Medium),B,1254
72802C,29,20,B-Group (Medium),A,1255
21609,30,19,B-Group (Medium),B,1256
21557,31,18,B-Group (Medium),B,1257
22167,32,17,B-Group (Medium),A,1258
22208,33,16,B-Group (Medium),B,1259
22177,34,15,B-Group (Medium),A,1260
21784,35,14,B-Group (Medium),A,1261
47597,36,13,B-Group (Medium),B,1262
21775,37,12,B-Group (Medium),C,1263
21448,38,11,B-Group (Medium),B,1264
22325,39,10,B-Group (Medium),B,1265
22476,40,9,B-Group (Medium),A,1266
21924,41,8,B-Group (Medium),A,1267
21741,42,7,B-Group (Medium),B,1268
21730,43,6,B-Group (Medium),A,1269
22193,44,5,B-Group (Medium),A,1270
22322,45,4,B-Group (Medium),B,1271
84913A,46,3,B-Group (Medium),B,1272
22228,47,2,B-Group (Medium),B,1273
20684,48,1,B-Group (Medium),B,1274
22060,49,0,B-Group (Medium),A,1275
21923,0,50,B-Group (Medium),A,1276
22626,1,49,B-Group (Medium),A,1277
22099,2,48,B-Group (Medium),B,1278
22176,3,47,B-Group (Medium),B,1279
22187,4,46,B-Group (Medium),A,1280
85132A,5,45,B-Group (Medium),A,1281
22495,6,44,B-Group (Medium),B,1282
84459B,7,43,B-Group (Medium),B,1283
22526,8,42,B-Group (Medium),A,1284
84969,9,41,B-Group (Medium),B,1285
21364,10,40,B-Group (Medium),A,1286
22117,11,39,B-Group (Medium),B,1287
22162,12,38,B-Group (Medium),B,1288
84559B,13,37,B-Group (Medium),B,1289
21612,14,36,B-Group (Medium),B,1290
37501,15,35,B-Group (Medium),A,1291
20770,16,34,B-Group (Medium),B,1292
21446,17,33,B-Group (Medium),B,1293
22372,18,32,B-Group (Medium),B,1294
84578,19,31,B-Group (Medium),B,1295
85098B,20,30,B-Group (Medium),B,1296
84509B,21,29,B-Group (Medium),B,1297
21576,22,28,B-Group (Medium),B,1298
84659A,23,27,B-Group (Medium),B,1299
22323,24,26,B-Group (Medium),B,1300
21647,25,25,B-Group (Medium),B,1301
22425,26,24,B-Group (Medium),B,1302
84818,27,23,B-Group (Medium),B,1303
72800E,28,22,B-Group (Medium),B,1304
35809A,29,21,B-Group (Medium),B,1305
21408,30,20,B-Group (Medium),B,1306
85214,31,19,B-Group (Medium),B,1307
22068,32,18,B-Group (Medium),B,1308
82605,33,17,B-Group (Medium),C,1309
21725,34,16,B-Group (Medium),B,1310
21827,35,15,B-Group (Medium),B,1311
21904,36,14,B-Group (Medium),B,1312
84596E,37,13,B-Group (Medium),B,1313
79072,38,12,B-Group (Medium),A,1314
84791,39,11,B-Group (Medium),B,1315
22362,40,10,B-Group (Medium),B,1316
21348,41,9,B-Group (Medium),B,1317
22194,42,8,B-Group (Medium),A,1318
21726,43,7,B-Group (Medium),B,1319
21340,44,6,B-Group (Medium),A,1320
21548,45,5,B-Group (Medium),B,1321
22311,46,4,B-Group (Medium),B,1322
82613B,47,3,B-Group (Medium),C,1323
72802B,48,2,B-Group (Medium),B,1324
84840,49,1,B-Group (Medium),B,1325
21349,0,51,B-Group (Medium),A,1326
22165,1,50,B-Group (Medium),A,1327
22069,2,49,B-Group (Medium),B,1328
21070,3,48,B-Group (Medium),B,1329
21246,4,47,B-Group (Medium),A,1330
21111,5,46,B-Group (Medium),B,1331
85015,6,45,B-Group (Medium),B,1332
85124A,7,44,B-Group (Medium),B,1333
84558A,8,43,B-Group (Medium),A,1334
21274,9,42,B-Group (Medium),A,1335
84968A,10,41,B-Group (Medium),A,1336
21465,11,40,B-Group (Medium),B,1337
84763,12,39,B-Group (Medium),B,1338
22250,13,38,B-Group (Medium),B,1339
22320,14,37,B-Group (Medium),A,1340
22093,15,36,B-Group (Medium),C,1341
22496,16,35,B-Group (Medium),B,1342
21056,17,34,B-Group (Medium),A,1343
21358,18,33,B-Group (Medium),B,1344
22282,19,32,B-Group (Medium),A,1345
22474,20,31,B-Group (Medium),A,1346
85031C,21,30,B-Group (Medium),B,1347
84031A,22,29,B-Group (Medium),B,1348
84854,23,28,B-Group (Medium),B,1349
21580,24,27,B-Group (Medium),B,1350
47592A,25,26,B-Group (Medium),B,1351
85232A,26,25,B-Group (Medium),B,1352
21687,27,24,B-Group (Medium),B,1353
85086A,28,23,B-Group (Medium),C,1354
22450,29,22,B-Group (Medium),B,1355
22058,30,21,B-Group (Medium),B,1356
20669,31,20,B-Group (Medium),C,1357
21626,32,19,B-Group (Medium),B,1358
21106,33,18,B-Group (Medium),B,1359
84519A,34,17,B-Group (Medium),B,1360
72807B,35,16,B-Group (Medium),A,1361
20764,36,15,B-Group (Medium),B,1362
22312,37,14,B-Group (Medium),B,1363
22376,38,13,B-Group (Medium),B,1364
21990,39,12,B-Group (Medium),B,1365
21002,40,11,B-Group (Medium),B,1366
21897,41,10,B-Group (Medium),B,1367
84913B,42,9,B-Group (Medium),B,1368
21841,43,8,B-Group (Medium),B,1369
C2,44,7,B-Group (Medium),A,1370
22270,45,6,B-Group (Medium),B,1371
21190,46,5,B-Group (Medium),B,1372
21163,47,4,B-Group (Medium),B,1373
84459A,48,3,B-Group (Medium),B,1374
84750A,49,2,B-Group (Medium),B,1375
35471D,0,52,B-Group (Medium),C,1376
21972,1,51,B-Group (Medium),B,1377
22308,2,50,B-Group (Medium),B,1378
22221,3,49,B-Group (Medium),A,1379
21440,4,48,B-Group (Medium),B,1380
22475,5,47,B-Group (Medium),B,1381
21721,6,46,B-Group (Medium),B,1382
21288,7,45,B-Group (Medium),B,1383
16236,8,44,B-Group (Medium),C,1384
85202,9,43,B-Group (Medium),C,1385
35810A,10,42,B-Group (Medium),B,1386
22342,11,41,B-Group (Medium),B,1387
22516,12,40,B-Group (Medium),B,1388
72802A,13,39,B-Group (Medium),A,1389
82613A,14,38,B-Group (Medium),C,1390
21474,15,37,B-Group (Medium),A,1391
21351,16,36,B-Group (Medium),A,1392
21109,17,35,B-Group (Medium),B,1393
21055,18,34,B-Group (Medium),B,1394
21638,19,33,B-Group (Medium),B,1395
85185B,20,32,B-Group (Medium),B,1396
84685,21,31,B-Group (Medium),B,1397
22190,22,30,B-Group (Medium),B,1398
22249,23,29,B-Group (Medium),B,1399
21478,24,28,B-Group (Medium),B,1400
21439,25,27,B-Group (Medium),B,1401
22689,26,26,B-Group (Medium),A,1402
35962,27,25,B-Group (Medium),B,1403
21644,28,24,B-Group (Medium),B,1404
21905,29,23,B-Group (Medium),B,1405
21657,30,22,B-Group (Medium),B,1406
22719,31,21,B-Group (Medium),B,1407
85129D,32,20,B-Group (Medium),B,1408
84872a,33,19,B-Group (Medium),B,1409
21162,34,18,B-Group (Medium),B,1410
20871,35,17,B-Group (Medium),B,1411
21112,36,16,B-Group (Medium),B,1412
85203,37,15,B-Group (Medium),C,1413
20615,38,14,B-Group (Medium),C,1414
22691,39,13,B-Group (Medium),A,1415
21837,40,12,B-Group (Medium),B,1416
22375,41,11,B-Group (Medium),B,1417
21464,42,10,B-Group (Medium),B,1418
85031A,43,9,B-Group (Medium),B,1419
47504K,44,8,B-Group (Medium),B,1420
22223,45,7,B-Group (Medium),B,1421
21610,46,6,B-Group (Medium),B,1422
20686,47,5,B-Group (Medium),B,1423
47593B,48,4,B-Group (Medium),C,1424
84596K,49,3,B-Group (Medium),C,1425
21613,0,53,B-Group (Medium),B,1426
21943,1,52,B-Group (Medium),C,1427
84031B,2,51,B-Group (Medium),B,1428
21661,3,50,B-Group (Medium),B,1429
22184,4,49,B-Group (Medium),B,1430
21547,5,48,B-Group (Medium),B,1431
82613C,6,47,B-Group (Medium),C,1432
22310,7,46,B-Group (Medium),B,1433
21462,8,45,B-Group (Medium),B,1434
21692,9,44,B-Group (Medium),B,1435
21927,10,43,B-Group (Medium),B,1436
21284,11,42,B-Group (Medium),B,1437
82615,12,41,B-Group (Medium),B,1438
22314,13,40,B-Group (Medium),B,1439
22500,14,39,B-Group (Medium),B,1440
21894,15,38,B-Group (Medium),B,1441
20866,16,37,B-Group (Medium),C,1442
84596G,17,36,B-Group (Medium),C,1443
84509G,18,35,B-Group (Medium),B,1444
37461,19,34,B-Group (Medium),B,1445
22452,20,33,B-Group (Medium),B,1446
48195,21,32,B-Group (Medium),B,1447
22230,22,31,B-Group (Medium),B,1448
20619,23,30,B-Group (Medium),C,1449
21676,24,29,B-Group (Medium),C,1450
21742,25,28,B-Group (Medium),B,1451
72807A,26,27,B-Group (Medium),B,1452
22204,27,26,B-Group (Medium),B,1453
84247L,28,25,B-Group (Medium),C,1454
21682,29,24,B-Group (Medium),B,1455
22097,30,23,B-Group (Medium),C,1456
21898,31,22,B-Group (Medium),B,1457
21720,32,21,B-Group (Medium),B,1458
85008,33,20,B-Group (Medium),B,1459
20941,34,19,B-Group (Medium),B,1460
22513,35,18,B-Group (Medium),B,1461
22343,36,17,B-Group (Medium),B,1462
35811A,37,16,B-Group (Medium),B,1463
20771,38,15,B-Group (Medium),B,1464
84569C,39,14,B-Group (Medium),C,1465
22442,40,13,B-Group (Medium),A,1466
20768,41,12,B-Group (Medium),B,1467
22461,42,11,B-Group (Medium),B,1468
79191C,43,10,B-Group (Medium),C,1469
85036A,44,9,B-Group (Medium),B,1470
22281,45,8,B-Group (Medium),A,1471
85116,46,7,B-Group (Medium),B,1472
21707,47,6,B-Group (Medium),A,1473
20772,48,5,B-Group (Medium),B,1474
85031B,49,4,B-Group (Medium),B,1475
79323GR,0,54,B-Group (Medium),A,1476
21738,1,53,B-Group (Medium),B,1477
22509,2,52,B-Group (Medium),A,1478
84795D,3,51,B-Group (Medium),B,1479
22363,4,50,B-Group (Medium),B,1480
17129F,5,49,B-Group (Medium),B,1481
84467,6,48,B-Group (Medium),A,1482
84905,7,47,B-Group (Medium),B,1483
20661,8,46,B-Group (Medium),B,1484
21010,9,45,B-Group (Medium),B,1485
22517,10,44,B-Group (Medium),B,1486
22210,11,43,B-Group (Medium),B,1487
21637,12,42,B-Group (Medium),B,1488
21656,13,41,B-Group (Medium),B,1489
20734,14,40,B-Group (Medium),B,1490
21545,15,39,B-Group (Medium),B,1491
21743,16,38,B-Group (Medium),B,1492
21724,17,37,B-Group (Medium),C,1493
40018E,18,36,B-Group (Medium),B,1494
21247,19,35,B-Group (Medium),B,1495
21926,20,34,B-Group (Medium),B,1496
21839,21,33,B-Group (Medium),B,1497
22246,22,32,B-Group (Medium),B,1498
85055,23,31,B-Group (Medium),B,1499
71038,24,30,B-Group (Medium),A,1500
35965,25,29,B-Group (Medium),B,1501
20767,26,28,B-Group (Medium),B,1502
21823,27,27,B-Group (Medium),B,1503
20867,28,26,B-Group (Medium),B,1504
10133,29,25,B-Group (Medium),B,1505
79066K,30,24,B-Group (Medium),C,1506
84944,31,23,B-Group (Medium),B,1507
21795,32,22,B-Group (Medium),A,1508
85025C,33,21,B-Group (Medium),B,1509
84986B,34,20,B-Group (Medium),B,1510
85054,35,19,B-Group (Medium),B,1511
21836,36,18,B-Group (Medium),B,1512
21323,37,17,B-Group (Medium),A,1513
37343,38,16,B-Group (Medium),B,1514
21192,39,15,B-Group (Medium),B,1515
20931,40,14,B-Group (Medium),B,1516
21819,41,13,B-Group (Medium),B,1517
85186A,42,12,B-Group (Medium),C,1518
47502,43,11,B-Group (Medium),A,1519
84912B,44,10,B-Group (Medium),B,1520
22286,45,9,B-Group (Medium),B,1521
85035A,46,8,B-Group (Medium),B,1522
35241,47,7,B-Group (Medium),B,1523
47593A,48,6,B-Group (Medium),C,1524
62096B,49,5,B-Group (Medium),C,1525
85132C,0,55,B-Group (Medium),A,1526
22254,1,54,B-Group (Medium),B,1527
84030E,2,53,B-Group (Medium),B,1528
21011,3,52,B-Group (Medium),B,1529
21579,4,51,B-Group (Medium),B,1530
47570,5,50,B-Group (Medium),A,1531
21652,6,49,B-Group (Medium),B,1532
62096A,7,48,B-Group (Medium),C,1533
21421,8,47,B-Group (Medium),B,1534
22229,9,46,B-Group (Medium),C,1535
20766,10,45,B-Group (Medium),B,1536
85226C,11,44,B-Group (Medium),C,1537
21173,12,43,B-Group (Medium),B,1538
21801,13,42,B-Group (Medium),C,1539
84968C,14,41,B-Group (Medium),A,1540
84006,15,40,B-Group (Medium),B,1541
21683,16,39,B-Group (Medium),B,1542
20655,17,38,B-Group (Medium),C,1543
22481,18,37,B-Group (Medium),C,1544
21880,19,36,B-Group (Medium),C,1545
35471A,20,35,B-Group (Medium),C,1546
21818,21,34,B-Group (Medium),B,1547
84856L,22,33,B-Group (Medium),B,1548
22074,23,32,B-Group (Medium),B,1549
21248,24,31,B-Group (Medium),B,1550
21851,25,30,B-Group (Medium),B,1551
22660,26,29,B-Group (Medium),A,1552
20976,27,28,B-Group (Medium),C,1553
84993B,28,27,B-Group (Medium),C,1554
85129A,29,26,B-Group (Medium),C,1555
22211,30,25,B-Group (Medium),B,1556
21251,31,24,B-Group (Medium),B,1557
22268,32,23,B-Group (Medium),C,1558
85039A,33,22,B-Group (Medium),C,1559
22473,34,21,B-Group (Medium),B,1560
16238,35,20,B-Group (Medium),C,1561
85059,36,19,B-Group (Medium),B,1562
21883,37,18,B-Group (Medium),C,1563
84796A,38,17,B-Group (Medium),B,1564
72799E,39,16,B-Group (Medium),B,1565
84901,40,15,B-Group (Medium),C,1566
20846,41,14,B-Group (Medium),B,1567
20798,42,13,B-Group (Medium),B,1568
84519B,43,12,B-Group (Medium),B,1569
85039B,44,11,B-Group (Medium),B,1570
21422,45,10,B-Group (Medium),B,1571
22054,46,9,B-Group (Medium),B,1572
21283,47,8,B-Group (Medium),B,1573
84596L,48,7,B-Group (Medium),C,1574
21828,49,6,B-Group (Medium),B,1575
37422,0,56,B-Group (Medium),C,1576
22687,1,55,B-Group (Medium),B,1577
21662,2,54,B-Group (Medium),B,1578
84709B,3,53,B-Group (Medium),B,1579
84873a,4,52,B-Group (Medium),B,1580
22317,5,51,B-Group (Medium),B,1581
22209,6,50,B-Group (Medium),B,1582
85130A,7,49,B-Group (Medium),B,1583
21442,8,48,B-Group (Medium),C,1584
70007,9,47,B-Group (Medium),C,1585
22201,10,46,B-Group (Medium),B,1586
84247G,11,45,B-Group (Medium),C,1587
85186C,12,44,B-Group (Medium),C,1588
85124C,13,43,B-Group (Medium),B,1589
21691,14,42,B-Group (Medium),B,1590
85014C,15,41,B-Group (Medium),A,1591
21012,16,40,B-Group (Medium),B,1592
22324,17,39,B-Group (Medium),B,1593
47589,18,38,B-Group (Medium),B,1594
47503J,19,37,B-Group (Medium),A,1595
21188,20,36,B-Group (Medium),B,1596
85194L,21,35,B-Group (Medium),B,1597
21061,22,34,B-Group (Medium),C,1598
22157,23,33,B-Group (Medium),B,1599
22269,24,32,B-Group (Medium),B,1600
22403,25,31,B-Group (Medium),C,1601
20765,26,30,B-Group (Medium),B,1602
20943,27,29,B-Group (Medium),C,1603
85114C,28,28,B-Group (Medium),B,1604
21803,29,27,B-Group (Medium),C,1605
90062,30,26,B-Group (Medium),B,1606
20738,31,25,B-Group (Medium),B,1607
85170A,32,24,B-Group (Medium),B,1608
20761,33,23,B-Group (Medium),B,1609
22547,34,22,B-Group (Medium),C,1610
22664,35,21,B-Group (Medium),B,1611
84795A,36,20,B-Group (Medium),B,1612
22034,37,19,B-Group (Medium),C,1613
35647,38,18,B-Group (Medium),B,1614
22232,39,17,B-Group (Medium),B,1615
21051,40,16,B-Group (Medium),B,1616
21895,41,15,B-Group (Medium),B,1617
21821,42,14,B-Group (Medium),B,1618
21468,43,13,B-Group (Medium),B,1619
47591A,44,12,B-Group (Medium),C,1620
21681,45,11,B-Group (Medium),B,1621
22143,46,10,B-Group (Medium),B,1622
20950,47,9,B-Group (Medium),C,1623
21360,48,8,B-Group (Medium),A,1624
21060,49,7,B-Group (Medium),C,1625
22279,0,57,B-Group (Medium),B,1626
51014L,1,56,B-Group (Medium),B,1627
21199,2,55,B-Group (Medium),B,1628
21873,3,54,B-Group (Medium),C,1629
20762,4,53,B-Group (Medium),B,1630
22266,5,52,B-Group (Medium),C,1631
22420,6,51,B-Group (Medium),C,1632
21719,7,50,B-Group (Medium),C,1633
21219,8,49,B-Group (Medium),B,1634
21518,9,48,B-Group (Medium),C,1635
17165D,10,47,B-Group (Medium),C,1636
21845,11,46,B-Group (Medium),B,1637
17084N,12,45,B-Group (Medium),C,1638
21016,13,44,B-Group (Medium),C,1639
35972,14,43,B-Group (Medium),C,1640
21812,15,42,B-Group (Medium),B,1641
21066,16,41,B-Group (Medium),B,1642
21688,17,40,B-Group (Medium),B,1643
21004,18,39,B-Group (Medium),B,1644
22256,19,38,B-Group (Medium),B,1645
79190B,20,37,B-Group (Medium),C,1646
21424,21,36,B-Group (Medium),B,1647
35001G,22,35,B-Group (Medium),B,1648
22428,23,34,B-Group (Medium),B,1649
21473,24,33,B-Group (Medium),A,1650
35981C,25,32,B-Group (Medium),C,1651
21796,26,31,B-Group (Medium),A,1652
22264,27,30,B-Group (Medium),C,1653
21723,28,29,B-Group (Medium),C,1654
20832,29,28,B-Group (Medium),C,1655
21427,30,27,B-Group (Medium),B,1656
85164B,31,26,B-Group (Medium),B,1657
22642,32,25,B-Group (Medium),B,1658
21286,33,24,B-Group (Medium),B,1659
21794,34,23,B-Group (Medium),B,1660
21205,35,22,B-Group (Medium),B,1661
21740,36,21,B-Group (Medium),B,1662
84352,37,20,B-Group (Medium),B,1663
84789,38,19,B-Group (Medium),B,1664
21256,39,18,B-Group (Medium),C,1665
21659,40,17,B-Group (Medium),B,1666
20659,41,16,B-Group (Medium),C,1667
85177,42,15,B-Group (Medium),B,1668
21191,43,14,B-Group (Medium),B,1669
22247,44,13,B-Group (Medium),C,1670
22400,45,12,B-Group (Medium),B,1671
75013B,46,11,B-Group (Medium),C,1672
21441,47,10,B-Group (Medium),C,1673
17181,48,9,B-Group (Medium),B,1674
35958,49,8,B-Group (Medium),B,1675
21379,0,58,B-Group (Medium),C,1676
22695,1,57,B-Group (Medium),B,1677
21808,2,56,B-Group (Medium),B,1678
20986,3,55,B-Group (Medium),C,1679
84596J,4,54,B-Group (Medium),C,1680
84562A,5,53,B-Group (Medium),B,1681
85093,6,52,B-Group (Medium),B,1682
84686,7,51,B-Group (Medium),B,1683
84569D,8,50,B-Group (Medium),C,1684
85188B,9,49,B-Group (Medium),C,1685
84249D,10,48,B-Group (Medium),C,1686
10125,11,47,B-Group (Medium),B,1687
85189,12,46,B-Group (Medium),B,1688
21187,13,45,B-Group (Medium),B,1689
21550,14,44,B-Group (Medium),B,1690
84989B,15,43,B-Group (Medium),C,1691
20780,16,42,B-Group (Medium),B,1692
21991,17,41,B-Group (Medium),B,1693
21824,18,40,B-Group (Medium),B,1694
85188A,19,39,B-Group (Medium),C,1695
21391,20,38,B-Group (Medium),B,1696
21825,21,37,B-Group (Medium),B,1697
84918,22,36,B-Group (Medium),B,1698
21884,23,35,B-Group (Medium),C,1699
21282,24,34,B-Group (Medium),B,1700
22438,25,33,B-Group (Medium),B,1701
35095B,26,32,B-Group (Medium),C,1702
84968F,27,31,B-Group (Medium),B,1703
21425,28,30,B-Group (Medium),B,1704
72800F,29,29,B-Group (Medium),B,1705
20654,30,28,B-Group (Medium),C,1706
84678,31,27,B-Group (Medium),B,1707
77101A,32,26,B-Group (Medium),B,1708
22181,33,25,B-Group (Medium),B,1709
22248,34,24,B-Group (Medium),C,1710
85124B,35,23,B-Group (Medium),B,1711
21690,36,22,B-Group (Medium),B,1712
21629,37,21,B-Group (Medium),B,1713
21696,38,20,B-Group (Medium),B,1714
21536,39,19,B-Group (Medium),C,1715
20735,40,18,B-Group (Medium),B,1716
47585A,41,17,B-Group (Medium),B,1717
84797A,42,16,B-Group (Medium),A,1718
21792,43,15,B-Group (Medium),B,1719
37464,44,14,B-Group (Medium),C,1720
21017,45,13,B-Group (Medium),C,1721
79323G,46,12,B-Group (Medium),B,1722
84761,47,11,B-Group (Medium),B,1723
22679,48,10,B-Group (Medium),C,1724
22448,49,9,B-Group (Medium),B,1725
84688,0,59,B-Group (Medium),B,1726
20804,1,58,B-Group (Medium),C,1727
85131A,2,57,B-Group (Medium),C,1728
21555,3,56,B-Group (Medium),B,1729
22255,4,55,B-Group (Medium),C,1730
85117,5,54,B-Group (Medium),C,1731
85136C,6,53,B-Group (Medium),B,1732
84016,7,52,B-Group (Medium),A,1733
22042,8,51,B-Group (Medium),C,1734
20733,9,50,B-Group (Medium),C,1735
21476,10,49,B-Group (Medium),B,1736
21820,11,48,B-Group (Medium),B,1737
21627,12,47,B-Group (Medium),A,1738
90200C,13,46,B-Group (Medium),C,1739
21398,14,45,B-Group (Medium),B,1740
22031,15,44,B-Group (Medium),C,1741
15058A,16,43,B-Group (Medium),B,1742
21040,17,42,B-Group (Medium),B,1743
22288,18,41,B-Group (Medium),B,1744
22183,19,40,B-Group (Medium),B,1745
22683,20,39,B-Group (Medium),C,1746
21617,21,38,B-Group (Medium),B,1747
22166,22,37,B-Group (Medium),B,1748
40001,23,36,B-Group (Medium),B,1749
84675,24,35,B-Group (Medium),C,1750
17164B,25,34,B-Group (Medium),C,1751
22651,26,33,B-Group (Medium),C,1752
22316,27,32,B-Group (Medium),B,1753
21220,28,31,B-Group (Medium),C,1754
85118,29,30,B-Group (Medium),B,1755
21294,30,29,B-Group (Medium),B,1756
21732,31,28,B-Group (Medium),A,1757
84971L,32,27,B-Group (Medium),B,1758
90200D,33,26,B-Group (Medium),C,1759
47594B,34,25,B-Group (Medium),C,1760
84813,35,24,B-Group (Medium),B,1761
21849,36,23,B-Group (Medium),B,1762
46776F,37,22,B-Group (Medium),B,1763
21292,38,21,B-Group (Medium),B,1764
35969,39,20,B-Group (Medium),C,1765
85165,40,19,B-Group (Medium),B,1766
22338,41,18,B-Group (Medium),B,1767
22049,42,17,B-Group (Medium),C,1768
22471,43,16,B-Group (Medium),B,1769
22847,44,15,B-Group (Medium),A,1770
21705,45,14,B-Group (Medium),B,1771
22053,46,13,B-Group (Medium),C,1772
21160,47,12,B-Group (Medium),C,1773
22408,48,11,B-Group (Medium),B,1774
35095A,49,10,B-Group (Medium),C,1775
21810,0,60,B-Group (Medium),B,1776
20894,1,59,B-Group (Medium),B,1777
20854,2,58,B-Group (Medium),C,1778
21146,3,57,B-Group (Medium),B,1779
21195,4,56,B-Group (Medium),B,1780
21710,5,55,B-Group (Medium),B,1781
21454,6,54,B-Group (Medium),C,1782
79323B,7,53,B-Group (Medium),B,1783
20902,8,52,B-Group (Medium),B,1784
22313,9,51,B-Group (Medium),B,1785
21650,10,50,B-Group (Medium),C,1786
21693,11,49,B-Group (Medium),B,1787
20989,12,48,B-Group (Medium),B,1788
20622,13,47,B-Group (Medium),C,1789
17165B,14,46,B-Group (Medium),B,1790
47504G,15,45,B-Group (Medium),C,1791
22100,16,44,B-Group (Medium),C,1792
79323S,17,43,B-Group (Medium),A,1793
40046A,18,42,B-Group (Medium),C,1794
22899,19,41,B-Group (Medium),B,1795
21708,20,40,B-Group (Medium),B,1796
21809,21,39,B-Group (Medium),B,1797
84843,22,38,B-Group (Medium),B,1798
84968E,23,37,B-Group (Medium),A,1799
15058B,24,36,B-Group (Medium),B,1800
85194S,25,35,B-Group (Medium),C,1801
20857,26,34,B-Group (Medium),C,1802
62094B,27,33,B-Group (Medium),B,1803
20753,28,32,B-Group (Medium),C,1804
21090,29,31,B-Group (Medium),C,1805
21293,30,30,B-Group (Medium),C,1806
84796B,31,29,B-Group (Medium),A,1807
46776B,32,28,B-Group (Medium),B,1808
84218,33,27,B-Group (Medium),C,1809
22725,34,26,B-Group (Medium),B,1810
20783,35,25,B-Group (Medium),B,1811
21744,36,24,B-Group (Medium),B,1812
22280,37,23,B-Group (Medium),B,1813
84673B,38,22,B-Group (Medium),C,1814
84750B,39,21,B-Group (Medium),B,1815
85035C,40,20,B-Group (Medium),B,1816
16225,41,19,B-Group (Medium),C,1817
21490,42,18,B-Group (Medium),B,1818
22682,43,17,B-Group (Medium),C,1819
21307,44,16,B-Group (Medium),B,1820
47579,45,15,B-Group (Medium),C,1821
21739,46,14,B-Group (Medium),B,1822
37494A,47,13,B-Group (Medium),B,1823
21064,48,12,B-Group (Medium),A,1824
85197,49,11,B-Group (Medium),B,1825
47480,0,61,B-Group (Medium),B,1826
16168M,1,60,B-Group (Medium),C,1827
10123C,2,59,B-Group (Medium),C,1828
20618,3,58,B-Group (Medium),C,1829
22163,4,57,B-Group (Medium),B,1830
21253,5,56,B-Group (Medium),C,1831
21684,6,55,B-Group (Medium),B,1832
37441,7,54,B-Group (Medium),B,1833
72728,8,53,B-Group (Medium),C,1834
84674,9,52,B-Group (Medium),B,1835
21698,10,51,B-Group (Medium),C,1836
22742,11,50,B-Group (Medium),B,1837
22453,12,49,B-Group (Medium),B,1838
79190D,13,48,B-Group (Medium),C,1839
22233,14,47,B-Group (Medium),C,1840
20856,15,46,B-Group (Medium),C,1841
85018D,16,45,B-Group (Medium),B,1842
22258,17,44,B-Group (Medium),C,1843
22684,18,43,B-Group (Medium),C,1844
84902,19,42,B-Group (Medium),C,1845
22681,20,41,B-Group (Medium),C,1846
21402,21,40,B-Group (Medium),C,1847
20695,22,39,B-Group (Medium),C,1848
85053,23,38,B-Group (Medium),B,1849
44230,24,37,B-Group (Medium),A,1850
16011,25,36,B-Group (Medium),C,1851
16169N,26,35,B-Group (Medium),C,1852
84012,27,34,B-Group (Medium),B,1853
84815,28,33,B-Group (Medium),B,1854
21630,29,32,B-Group (Medium),B,1855
85185D,30,31,B-Group (Medium),C,1856
85035B,31,30,B-Group (Medium),B,1857
85173,32,29,B-Group (Medium),B,1858
21458,33,28,B-Group (Medium),C,1859
82616A,34,27,B-Group (Medium),B,1860
85121C,35,26,B-Group (Medium),B,1861
84797B,36,25,B-Group (Medium),A,1862
20901,37,24,B-Group (Medium),B,1863
84509c,38,23,B-Group (Medium),B,1864
72801D,39,22,B-Group (Medium),C,1865
21386,40,21,B-Group (Medium),C,1866
85045,41,20,B-Group (Medium),B,1867
22062,42,19,B-Group (Medium),C,1868
85183B,43,18,B-Group (Medium),B,1869
22673,44,17,B-Group (Medium),C,1870
85183A,45,16,B-Group (Medium),B,1871
21062,46,15,B-Group (Medium),C,1872
84673A,47,14,B-Group (Medium),C,1873
17091B,48,13,B-Group (Medium),C,1874
46775E,49,12,B-Group (Medium),B,1875
21144,0,62,B-Group (Medium),C,1876
21377,1,61,B-Group (Medium),C,1877
22905,2,60,B-Group (Medium),B,1878
84664,3,59,B-Group (Medium),B,1879
84510C,4,58,B-Group (Medium),C,1880
21709,5,57,B-Group (Medium),A,1881
22838,6,56,B-Group (Medium),B,1882
22685,7,55,B-Group (Medium),C,1883
72598,8,54,B-Group (Medium),C,1884
21412,9,53,B-Group (Medium),C,1885
21549,10,52,B-Group (Medium),B,1886
85169A,11,51,B-Group (Medium),C,1887
85103,12,50,B-Group (Medium),B,1888
22032,13,49,B-Group (Medium),C,1889
20782,14,48,B-Group (Medium),C,1890
21814,15,47,B-Group (Medium),C,1891
20617,16,46,B-Group (Medium),C,1892
20878,17,45,B-Group (Medium),B,1893
85025B,18,44,B-Group (Medium),C,1894
85222,19,43,B-Group (Medium),B,1895
18094C,20,42,B-Group (Medium),C,1896
22345,21,41,B-Group (Medium),C,1897
85090,22,40,B-Group (Medium),C,1898
20863,23,39,B-Group (Medium),B,1899
35004G,24,38,B-Group (Medium),B,1900
85084,25,37,B-Group (Medium),C,1901
84405A,26,36,B-Group (Medium),B,1902
22108,27,35,B-Group (Medium),C,1903
21628,28,34,B-Group (Medium),B,1904
71143,29,33,B-Group (Medium),C,1905
35096A,30,32,B-Group (Medium),C,1906
21620,31,31,B-Group (Medium),B,1907
46775D,32,30,B-Group (Medium),B,1908
84251F,33,29,B-Group (Medium),C,1909
22263,34,28,B-Group (Medium),C,1910
84682,35,27,B-Group (Medium),C,1911
21426,36,26,B-Group (Medium),B,1912
21641,37,25,B-Group (Medium),C,1913
21879,38,24,B-Group (Medium),C,1914
84341B,39,23,B-Group (Medium),C,1915
85170D,40,22,B-Group (Medium),C,1916
72023F,41,21,B-Group (Medium),B,1917
21130,42,20,B-Group (Medium),B,1918
72122,43,19,B-Group (Medium),C,1919
72815,44,18,B-Group (Medium),B,1920
15058C,45,17,B-Group (Medium),B,1921
20700,46,16,B-Group (Medium),B,1922
21695,47,15,B-Group (Medium),B,1923
84396,48,14,B-Group (Medium),B,1924
84029C,49,13,B-Group (Medium),B,1925
21222,0,63,B-Group (Medium),C,1926
79190A,1,62,B-Group (Medium),C,1927
21285,2,61,B-Group (Medium),B,1928
82011C,3,60,B-Group (Medium),C,1929
21850,4,59,B-Group (Medium),C,1930
20997,5,58,B-Group (Medium),C,1931
84762B,6,57,B-Group (Medium),B,1932
21455,7,56,B-Group (Medium),C,1933
85135A,8,55,B-Group (Medium),C,1934
21530,9,54,B-Group (Medium),C,1935
85113,10,53,B-Group (Medium),C,1936
79030G,11,52,B-Group (Medium),B,1937
21127,12,51,B-Group (Medium),B,1938
10134,13,50,B-Group (Medium),B,1939
90129A,14,49,B-Group (Medium),C,1940
22511,15,48,B-Group (Medium),C,1941
21538,16,47,B-Group (Medium),B,1942
85033S,17,46,B-Group (Medium),C,1943
85034A,18,45,B-Group (Medium),B,1944
72529W,19,44,B-Group (Medium),B,1945
20802,20,43,B-Group (Medium),C,1946
84795B,21,42,B-Group (Medium),B,1947
72803A,22,41,B-Group (Medium),B,1948
84356,23,40,B-Group (Medium),B,1949
35599D,24,39,B-Group (Medium),C,1950
22344,25,38,B-Group (Medium),C,1951
82616C,26,37,B-Group (Medium),C,1952
22096,27,36,B-Group (Medium),C,1953
85121B,28,35,B-Group (Medium),B,1954
84899F,29,34,B-Group (Medium),C,1955
22896,30,33,B-Group (Medium),B,1956
21378,31,32,B-Group (Medium),C,1957
21007,32,31,B-Group (Medium),B,1958
21352,33,30,B-Group (Medium),B,1959
22894,34,29,B-Group (Medium),B,1960
22116,35,28,B-Group (Medium),C,1961
21403,36,27,B-Group (Medium),C,1962
20855,37,26,B-Group (Medium),C,1963
75131,38,25,B-Group (Medium),B,1964
84660C,39,24,B-Group (Medium),C,1965
22446,40,23,B-Group (Medium),C,1966
47594A,41,22,B-Group (Medium),C,1967
21520,42,21,B-Group (Medium),C,1968
20707,43,20,B-Group (Medium),B,1969
22807,44,19,B-Group (Medium),B,1970
51008,45,18,B-Group (Medium),A,1971
85167B,46,17,B-Group (Medium),B,1972
79071B,47,16,B-Group (Medium),C,1973
21817,48,15,B-Group (Medium),C,1974
82585,49,14,B-Group (Medium),C,1975
72799F,0,64,B-Group (Medium),B,1976
21842,1,63,B-Group (Medium),B,1977
84968D,2,62,B-Group (Medium),A,1978
22890,3,61,B-Group (Medium),A,1979
21678,4,60,B-Group (Medium),C,1980
85162C,5,59,B-Group (Medium),B,1981
35991,6,58,B-Group (Medium),C,1982
22407,7,57,B-Group (Medium),C,1983
37508,8,56,B-Group (Medium),C,1984
84972L,9,55,B-Group (Medium),C,1985
21026,10,54,B-Group (Medium),C,1986
35653,11,53,B-Group (Medium),C,1987
21198,12,52,B-Group (Medium),C,1988
21813,13,51,B-Group (Medium),B,1989
72800A,14,50,B-Group (Medium),B,1990
84620,15,49,B-Group (Medium),B,1991
85096,16,48,B-Group (Medium),C,1992
72789,17,47,B-Group (Medium),C,1993
21134,18,46,B-Group (Medium),B,1994
35923,19,45,B-Group (Medium),C,1995
22043,20,44,B-Group (Medium),C,1996
16169P,21,43,B-Group (Medium),C,1997
90134,22,42,B-Group (Medium),C,1998
21417,23,41,B-Group (Medium),C,1999
85230F,24,40,B-Group (Medium),B,2000
21043,25,39,B-Group (Medium),B,2001
22686,26,38,B-Group (Medium),C,2002
22854,27,37,B-Group (Medium),B,2003
21664,28,36,B-Group (Medium),B,2004
85211,29,35,B-Group (Medium),C,2005
21477,30,34,B-Group (Medium),A,2006
72267,31,33,B-Group (Medium),C,2007
85204,32,32,B-Group (Medium),C,2008
90005A,33,31,B-Group (Medium),C,2009
22124,34,30,B-Group (Medium),C,2010
37476,35,29,B-Group (Medium),B,2011
21289,36,28,B-Group (Medium),B,2012
22337,37,27,B-Group (Medium),B,2013
20897,38,26,B-Group (Medium),C,2014
85179B,39,25,B-Group (Medium),B,2015
72801C,40,24,B-Group (Medium),C,2016
22609,41,23,B-Group (Medium),B,2017
84469,42,22,B-Group (Medium),A,2018
22389,43,21,B-Group (Medium),C,2019
37492B,44,20,B-Group (Medium),B,2020
22396,45,19,B-Group (Medium),B,2021
47310M,46,18,B-Group (Medium),C,2022
21185,47,17,B-Group (Medium),B,2023
35968,48,16,B-Group (Medium),C,2024
35951,49,15,B-Group (Medium),B,2025
20616,0,65,B-Group (Medium),C,2026
82616B,1,64,B-Group (Medium),C,2027
84762C,2,63,B-Group (Medium),B,2028
22393,3,62,B-Group (Medium),B,2029
21200,4,61,B-Group (Medium),C,2030
21223,5,60,B-Group (Medium),C,2031
20933,6,59,B-Group (Medium),B,2032
20913,7,58,B-Group (Medium),B,2033
79302m,8,57,B-Group (Medium),B,2034
84849A,9,56,B-Group (Medium),C,2035
82607C,10,55,B-Group (Medium),C,2036
84535A,11,54,B-Group (Medium),C,2037
85135B,12,53,B-Group (Medium),C,2038
20893,13,52,B-Group (Medium),B,2039
21804,14,51,B-Group (Medium),B,2040
20906,15,50,B-Group (Medium),C,2041
46776A,16,49,B-Group (Medium),C,2042
84773,17,48,B-Group (Medium),C,2043
90200E,18,47,B-Group (Medium),C,2044
21758,19,46,B-Group (Medium),C,2045
72800B,20,45,B-Group (Medium),B,2046
35004P,21,44,B-Group (Medium),B,2047
20998,22,43,B-Group (Medium),C,2048
72800D,23,42,B-Group (Medium),B,2049
22339,24,41,B-Group (Medium),C,2050
85213,25,40,B-Group (Medium),C,2051
21014,26,39,B-Group (Medium),C,2052
16207A,27,38,B-Group (Medium),C,2053
90129E,28,37,B-Group (Medium),C,2054
20653,29,36,B-Group (Medium),C,2055
82553,30,35,B-Group (Medium),C,2056
21616,31,34,B-Group (Medium),B,2057
21269,32,33,B-Group (Medium),B,2058
21133,33,32,B-Group (Medium),B,2059
84923,34,31,B-Group (Medium),C,2060
21882,35,30,B-Group (Medium),C,2061
85132B,36,29,B-Group (Medium),B,2062
72128,37,28,B-Group (Medium),C,2063
47367B,38,27,B-Group (Medium),C,2064
72232,39,26,B-Group (Medium),C,2065
72819,40,25,B-Group (Medium),B,2066
72814,41,24,B-Group (Medium),B,2067
90161C,42,23,B-Group (Medium),C,2068
22092,43,22,B-Group (Medium),C,2069
22216,44,21,B-Group (Medium),C,2070
84977,45,20,B-Group (Medium),C,2071
20763,46,19,B-Group (Medium),C,2072
20910,47,18,B-Group (Medium),B,2073
84033,48,17,B-Group (Medium),B,2074
47562,49,16,B-Group (Medium),C,2075
21399,0,66,B-Group (Medium),C,2076
37444C,1,65,B-Group (Medium),B,2077
90098,2,64,B-Group (Medium),C,2078
20689,3,63,B-Group (Medium),B,2079
16169K,4,62,B-Group (Medium),C,2080
22287,5,61,B-Group (Medium),B,2081
85136B,6,60,B-Group (Medium),C,2082
21209,7,59,B-Group (Medium),C,2083
20699,8,58,B-Group (Medium),C,2084
21503,9,57,B-Group (Medium),C,2085
21815,10,56,B-Group (Medium),C,2086
84951B,11,55,B-Group (Medium),C,2087
22504,12,54,B-Group (Medium),A,2088
85036C,13,53,B-Group (Medium),C,2089
21619,14,52,B-Group (Medium),C,2090
40003,15,51,B-Group (Medium),B,2091
21319,16,50,B-Group (Medium),C,2092
21350,17,49,B-Group (Medium),B,2093
84508B,18,48,B-Group (Medium),C,2094
85215,19,47,B-Group (Medium),C,2095
84684,20,46,B-Group (Medium),B,2096
21728,21,45,B-Group (Medium),A,2097
21084,22,44,B-Group (Medium),C,2098
21268,23,43,B-Group (Medium),C,2099
85097B,24,42,B-Group (Medium),C,2100
84715,25,41,B-Group (Medium),B,2101
22103,26,40,B-Group (Medium),B,2102
90209B,27,39,B-Group (Medium),C,2103
22842,28,38,B-Group (Medium),B,2104
46000P,29,37,B-Group (Medium),B,2105
72801G,30,36,B-Group (Medium),B,2106
72816,31,35,B-Group (Medium),C,2107
22947,32,34,B-Group (Medium),A,2108
21167,33,33,B-Group (Medium),C,2109
22289,34,32,B-Group (Medium),C,2110
21359,35,31,B-Group (Medium),B,2111
20932,36,30,B-Group (Medium),C,2112
85129C,37,29,B-Group (Medium),C,2113
84625D,38,28,B-Group (Medium),B,2114
21221,39,27,B-Group (Medium),C,2115
21456,40,26,B-Group (Medium),C,2116
90013A,41,25,B-Group (Medium),C,2117
85136A,42,24,B-Group (Medium),C,2118
82587,43,23,B-Group (Medium),C,2119
90200A,44,22,B-Group (Medium),C,2120
21275,45,21,B-Group (Medium),B,2121
22863,46,20,B-Group (Medium),B,2122
84687,47,19,B-Group (Medium),B,2123
84951A,48,18,B-Group (Medium),C,2124
21000,49,17,B-Group (Medium),B,2125
47021G,0,67,B-Group (Medium),C,2126
84569B,1,66,B-Group (Medium),C,2127
20936,2,65,B-Group (Medium),C,2128
22814,3,64,B-Group (Medium),C,2129
90161D,4,63,B-Group (Medium),C,2130
22252,5,62,B-Group (Medium),C,2131
84846A,6,61,B-Group (Medium),C,2132
90082D,7,60,B-Group (Medium),C,2133
21457,8,59,B-Group (Medium),C,2134
84507C,9,58,B-Group (Medium),C,2135
21722,10,57,B-Group (Medium),C,2136
22841,11,56,B-Group (Medium),B,2137
16016,12,55,B-Group (Medium),B,2138
85130D,13,54,B-Group (Medium),C,2139
35594,14,53,B-Group (Medium),C,2140
37467,15,52,B-Group (Medium),C,2141
85212,16,51,B-Group (Medium),C,2142
21553,17,50,B-Group (Medium),C,2143
22538,18,49,B-Group (Medium),C,2144
51020B,19,48,B-Group (Medium),C,2145
20769,20,47,B-Group (Medium),C,2146
84007,21,46,B-Group (Medium),C,2147
22700,22,45,B-Group (Medium),C,2148
21318,23,44,B-Group (Medium),C,2149
16169C,24,43,B-Group (Medium),C,2150
35015,25,42,B-Group (Medium),C,2151
35810B,26,41,B-Group (Medium),C,2152
90129B,27,40,B-Group (Medium),C,2153
35598D,28,39,B-Group (Medium),C,2154
85044,29,38,B-Group (Medium),B,2155
84510F,30,37,B-Group (Medium),C,2156
22796,31,36,B-Group (Medium),B,2157
84712B,32,35,B-Group (Medium),C,2158
84457,33,34,B-Group (Medium),C,2159
21618,34,33,B-Group (Medium),B,2160
22795,35,32,B-Group (Medium),B,2161
22123,36,31,B-Group (Medium),C,2162
22390,37,30,B-Group (Medium),B,2163
90214K,38,29,B-Group (Medium),C,2164
22510,39,28,B-Group (Medium),C,2165
21666,40,27,B-Group (Medium),B,2166
85187,41,26,B-Group (Medium),C,2167
20934,42,25,B-Group (Medium),B,2168
20935,43,24,B-Group (Medium),C,2169
85039C,44,23,B-Group (Medium),C,2170
20784,45,22,B-Group (Medium),A,2171
21750,46,21,B-Group (Medium),C,2172
20830,47,20,B-Group (Medium),C,2173
21946,48,19,B-Group (Medium),C,2174
22768,49,18,B-Group (Medium),B,2175
21694,0,68,B-Group (Medium),B,2176
22902,1,67,B-Group (Medium),B,2177
84529C,2,66,B-Group (Medium),C,2178
21752,3,65,B-Group (Medium),B,2179
72750B,4,64,B-Group (Medium),B,2180
21634,5,63,B-Group (Medium),B,2181
21418,6,62,B-Group (Medium),C,2182
84741C,7,61,B-Group (Medium),C,2183
85107,8,60,B-Group (Medium),B,2184
20862,9,59,B-Group (Medium),B,2185
22346,10,58,B-Group (Medium),C,2186
90120A,11,57,B-Group (Medium),C,2187
16015,12,56,B-Group (Medium),C,2188
84658,13,55,B-Group (Medium),B,2189
20819,14,54,B-Group (Medium),C,2190
85071B,15,53,B-Group (Medium),C,2191
84584,16,52,B-Group (Medium),C,2192
21311,17,51,B-Group (Medium),C,2193
22821,18,50,B-Group (Medium),C,2194
84689,19,49,B-Group (Medium),B,2195
22688,20,48,B-Group (Medium),B,2196
20694,21,47,B-Group (Medium),C,2197
16012,22,46,B-Group (Medium),C,2198
35954,23,45,B-Group (Medium),C,2199
21438,24,44,B-Group (Medium),B,2200
21562,25,43,B-Group (Medium),C,2201
21320,26,42,B-Group (Medium),C,2202
21757,27,41,B-Group (Medium),C,2203
47581B,28,40,B-Group (Medium),B,2204
84948,29,39,B-Group (Medium),C,2205
72051S,30,38,B-Group (Medium),C,2206
22340,31,37,B-Group (Medium),C,2207
20803,32,36,B-Group (Medium),C,2208
20672,33,35,B-Group (Medium),C,2209
20670,34,34,B-Group (Medium),C,2210
21189,35,33,B-Group (Medium),C,2211
16212,36,32,B-Group (Medium),C,2212
84313B,37,31,B-Group (Medium),C,2213
22044,38,30,B-Group (Medium),C,2214
90170,39,29,B-Group (Medium),C,2215
46776D,40,28,B-Group (Medium),C,2216
21444,41,27,B-Group (Medium),B,2217
71279,42,26,B-Group (Medium),C,2218
46776E,43,25,B-Group (Medium),C,2219
21332,44,24,B-Group (Medium),B,2220
85208,45,23,B-Group (Medium),C,2221
90198A,46,22,B-Group (Medium),C,2222
20831,47,21,B-Group (Medium),C,2223
22214,48,20,B-Group (Medium),B,2224
21552,49,19,B-Group (Medium),B,2225
20898,0,69,B-Group (Medium),C,2226
85131D,1,68,B-Group (Medium),C,2227
84569A,2,67,B-Group (Medium),C,2228
79342B,3,66,B-Group (Medium),B,2229
22182,4,65,B-Group (Medium),C,2230
46126A,5,64,B-Group (Medium),C,2231
22702,6,63,B-Group (Medium),C,2232
22142,7,62,B-Group (Medium),C,2233
72800C,8,61,B-Group (Medium),B,2234
21769,9,60,B-Group (Medium),A,2235
21317,10,59,B-Group (Medium),B,2236
84450B,11,58,B-Group (Medium),C,2237
72803B,12,57,B-Group (Medium),C,2238
85169D,13,56,B-Group (Medium),C,2239
85230E,14,55,B-Group (Medium),C,2240
84920,15,54,B-Group (Medium),C,2241
47503G,16,53,B-Group (Medium),C,2242
72127,17,52,B-Group (Medium),C,2243
22939,18,51,B-Group (Medium),B,2244
16256B,19,50,B-Group (Medium),C,2245
21250,20,49,B-Group (Medium),B,2246
84251G,21,48,B-Group (Medium),C,2247
85119,22,47,B-Group (Medium),C,2248
22391,23,46,B-Group (Medium),C,2249
22101,24,45,B-Group (Medium),C,2250
79191D,25,44,B-Group (Medium),C,2251
90175A,26,43,B-Group (Medium),B,2252
21822,27,42,B-Group (Medium),C,2253
21414,28,41,B-Group (Medium),B,2254
85112,29,40,B-Group (Medium),C,2255
85166B,30,39,B-Group (Medium),B,2256
16169F,31,38,B-Group (Medium),C,2257
22447,32,37,B-Group (Medium),C,2258
90203,33,36,B-Group (Medium),C,2259
22056,34,35,B-Group (Medium),B,2260
16169M,35,34,B-Group (Medium),C,2261
22267,36,33,B-Group (Medium),B,2262
16048,37,32,B-Group (Medium),C,2263
79144C,38,31,B-Group (Medium),C,2264
35967,39,30,B-Group (Medium),C,2265
22819,40,29,B-Group (Medium),C,2266
84847,41,28,B-Group (Medium),B,2267
79191B,42,27,B-Group (Medium),C,2268
45008C,43,26,B-Group (Medium),B,2269
22599,44,25,B-Group (Medium),C,2270
85170C,45,24,B-Group (Medium),C,2271
21202,46,23,B-Group (Medium),C,2272
84932C,47,22,B-Group (Medium),B,2273
84499,48,21,B-Group (Medium),C,2274
21299,49,20,B-Group (Medium),B,2275
22911,0,70,B-Group (Medium),B,2276
84908A,1,69,B-Group (Medium),B,2277
85142,2,68,B-Group (Medium),C,2278
37482P,3,67,B-Group (Medium),C,2279
71403,4,66,B-Group (Medium),C,2280
84247N,5,65,B-Group (Medium),C,2281
21615,6,64,B-Group (Medium),B,2282
85078,7,63,B-Group (Medium),C,2283
16161M,8,62,B-Group (Medium),C,2284
85034C,9,61,B-Group (Medium),B,2285
21413,10,60,B-Group (Medium),B,2286
21336,11,59,B-Group (Medium),C,2287
85020,12,58,B-Group (Medium),C,2288
90209C,13,57,B-Group (Medium),C,2289
20980,14,56,B-Group (Medium),C,2290
79030A,15,55,B-Group (Medium),C,2291
21145,16,54,B-Group (Medium),B,2292
22306,17,53,B-Group (Medium),C,2293
16216,18,52,B-Group (Medium),C,2294
20621,19,51,B-Group (Medium),C,2295
46307,20,50,B-Group (Medium),C,2296
22643,21,49,B-Group (Medium),C,2297
20865,22,48,B-Group (Medium),C,2298
85106,23,47,B-Group (Medium),B,2299
85180A,24,46,B-Group (Medium),C,2300
22307,25,45,B-Group (Medium),B,2301
20781,26,44,B-Group (Medium),C,2302
77081,27,43,B-Group (Medium),C,2303
90214A,28,42,B-Group (Medium),C,2304
10120,29,41,B-Group (Medium),C,2305
84671B,30,40,B-Group (Medium),C,2306
47598,31,39,B-Group (Medium),C,2307
84482,32,38,B-Group (Medium),C,2308
85071C,33,37,B-Group (Medium),C,2309
21881,34,36,B-Group (Medium),C,2310
21847,35,35,B-Group (Medium),C,2311
37462B,36,34,B-Group (Medium),C,2312
20704,37,33,B-Group (Medium),B,2313
90200B,38,32,B-Group (Medium),C,2314
85104,39,31,B-Group (Medium),C,2315
21780,40,30,B-Group (Medium),B,2316
46775A,41,29,B-Group (Medium),B,2317
84856S,42,28,B-Group (Medium),B,2318
85114A,43,27,B-Group (Medium),B,2319
21663,44,26,B-Group (Medium),C,2320
35240,45,25,B-Group (Medium),C,2321
85033G,46,24,B-Group (Medium),C,2322
22701,47,23,B-Group (Medium),C,2323
20892,48,22,B-Group (Medium),B,2324
90120D,49,21,B-Group (Medium),C,2325
46776C,0,71,B-Group (Medium),C,2326
21816,1,70,B-Group (Medium),C,2327
37333,2,69,B-Group (Medium),B,2328
85036B,3,68,B-Group (Medium),B,2329
21689,4,67,B-Group (Medium),B,2330
22767,5,66,B-Group (Medium),B,2331
84526,6,65,B-Group (Medium),B,2332
22817,7,64,B-Group (Medium),C,2333
72131,8,63,B-Group (Medium),C,2334
20701,9,62,B-Group (Medium),B,2335
84926C,10,61,B-Group (Medium),C,2336
85205B,11,60,B-Group (Medium),C,2337
84597C,12,59,B-Group (Medium),C,2338
20786,13,58,B-Group (Medium),A,2339
21287,14,57,B-Group (Medium),B,2340
21415,15,56,B-Group (Medium),C,2341
84532B,16,55,B-Group (Medium),C,2342
20785,17,54,B-Group (Medium),A,2343
84472,18,53,B-Group (Medium),A,2344
22846,19,52,B-Group (Medium),B,2345
84748,20,51,B-Group (Medium),B,2346
21401,21,50,B-Group (Medium),C,2347
22709,22,49,B-Group (Medium),C,2348
85071A,23,48,B-Group (Medium),C,2349
84231,24,47,B-Group (Medium),C,2350
35809B,25,46,B-Group (Medium),C,2351
84708B,26,45,B-Group (Medium),C,2352
22512,27,44,B-Group (Medium),B,2353
21375,28,43,B-Group (Medium),C,2354
84683,29,42,B-Group (Medium),C,2355
21729,30,41,B-Group (Medium),C,2356
21303,31,40,B-Group (Medium),B,2357
84909A,32,39,B-Group (Medium),A,2358
84908B,33,38,B-Group (Medium),B,2359
84910A,34,37,B-Group (Medium),B,2360
20787,35,36,B-Group (Medium),A,2361
16258A,36,35,B-Group (Medium),C,2362
84619,37,34,B-Group (Medium),B,2363
17109D,38,33,B-Group (Medium),C,2364
21341,39,32,B-Group (Medium),C,2365
22104,40,31,B-Group (Medium),C,2366
21276,41,30,B-Group (Medium),B,2367
79144B,42,29,B-Group (Medium),C,2368
21493,43,28,B-Group (Medium),C,2369
22703,44,27,B-Group (Medium),C,2370
22844,45,26,B-Group (Medium),B,2371
21734,46,25,B-Group (Medium),C,2372
21366,47,24,B-Group (Medium),B,2373
22984,48,23,B-Group (Medium),C,2374
84663A,49,22,B-Group (Medium),C,2375
17107D,0,72,B-Group (Medium),C,2376
84666,1,71,B-Group (Medium),B,2377
21388,2,70,B-Group (Medium),C,2378
84199,3,69,B-Group (Medium),C,2379
21208,4,68,B-Group (Medium),C,2380
85024C,5,67,B-Group (Medium),C,2381
21027,6,66,B-Group (Medium),C,2382
84762A,7,65,B-Group (Medium),C,2383
20864,8,64,B-Group (Medium),C,2384
35980C,9,63,B-Group (Medium),C,2385
84638,10,62,B-Group (Medium),B,2386
47592B,11,61,B-Group (Medium),C,2387
21649,12,60,B-Group (Medium),B,2388
22839,13,59,B-Group (Medium),B,2389
21711,14,58,B-Group (Medium),B,2390
72739B,15,57,B-Group (Medium),C,2391
84219,16,56,B-Group (Medium),C,2392
84931B,17,55,B-Group (Medium),C,2393
84497,18,54,B-Group (Medium),C,2394
84452,19,53,B-Group (Medium),C,2395
20696,20,52,B-Group (Medium),C,2396
20801,21,51,B-Group (Medium),C,2397
22647,22,50,B-Group (Medium),C,2398
17164D,23,49,B-Group (Medium),C,2399
22789,24,48,B-Group (Medium),C,2400
72801E,25,47,B-Group (Medium),C,2401
21028,26,46,B-Group (Medium),C,2402
84898F,27,45,B-Group (Medium),C,2403
82093,28,44,B-Group (Medium),C,2404
85126,29,43,B-Group (Medium),B,2405
16244A,30,42,B-Group (Medium),C,2406
21335,31,41,B-Group (Medium),B,2407
84559D,32,40,B-Group (Medium),C,2408
71270,33,39,B-Group (Medium),C,2409
51020A,34,38,B-Group (Medium),C,2410
79192A,35,37,B-Group (Medium),C,2411
20903,36,36,B-Group (Medium),C,2412
21262,37,35,B-Group (Medium),B,2413
51012C,38,34,B-Group (Medium),C,2414
84821,39,33,B-Group (Medium),C,2415
22771,40,32,B-Group (Medium),C,2416
84637,41,31,B-Group (Medium),B,2417
16218,42,30,B-Group (Medium),C,2418
22845,43,29,B-Group (Medium),C,2419
84625A,44,28,B-Group (Medium),C,2420
22259,45,27,B-Group (Medium),C,2421
35979,46,26,B-Group (Medium),C,2422
22707,47,25,B-Group (Medium),C,2423
85034B,48,24,B-Group (Medium),B,2424
20662,49,23,B-Group (Medium),C,2425
84875D,0,73,B-Group (Medium),C,2426
35833P,1,72,B-Group (Medium),C,2427
21316,2,71,B-Group (Medium),B,2428
16207B,3,70,B-Group (Medium),C,2429
84665,4,69,B-Group (Medium),B,2430
22394,5,68,B-Group (Medium),C,2431
22164,6,67,B-Group (Medium),C,2432
90171,7,66,B-Group (Medium),C,2433
18096C,8,65,B-Group (Medium),C,2434
37492D,9,64,B-Group (Medium),B,2435
20799,10,63,B-Group (Medium),C,2436
35921,11,62,B-Group (Medium),C,2437
22785,12,61,B-Group (Medium),B,2438
22102,13,60,B-Group (Medium),C,2439
21095,14,59,B-Group (Medium),C,2440
84461,15,58,B-Group (Medium),C,2441
22641,16,57,B-Group (Medium),C,2442
47587A,17,56,B-Group (Medium),B,2443
18007,18,55,B-Group (Medium),C,2444
84625C,19,54,B-Group (Medium),C,2445
22820,20,53,B-Group (Medium),C,2446
84247E,21,52,B-Group (Medium),C,2447
22891,22,51,B-Group (Medium),C,2448
85230A,23,50,B-Group (Medium),C,2449
72818,24,49,B-Group (Medium),C,2450
20660,25,48,B-Group (Medium),C,2451
35922,26,47,B-Group (Medium),C,2452
84782A,27,46,B-Group (Medium),B,2453
84869,28,45,B-Group (Medium),B,2454
21443,29,44,B-Group (Medium),B,2455
21312,30,43,B-Group (Medium),B,2456
16244B,31,42,B-Group (Medium),B,2457
75149N,32,41,B-Group (Medium),C,2458
82607E,33,40,B-Group (Medium),C,2459
22137,34,39,B-Group (Medium),B,2460
45016,35,38,B-Group (Medium),C,2461
81950B,36,37,B-Group (Medium),C,2462
72801F,37,36,B-Group (Medium),C,2463
35096B,38,35,B-Group (Medium),C,2464
85071D,39,34,B-Group (Medium),C,2465
20666,40,33,B-Group (Medium),C,2466
37330,41,32,B-Group (Medium),B,2467
35004s,42,31,B-Group (Medium),C,2468
85028S,43,30,B-Group (Medium),B,2469
16049,44,29,B-Group (Medium),C,2470
90104,45,28,B-Group (Medium),C,2471
90208,46,27,B-Group (Medium),C,2472
21147,47,26,B-Group (Medium),C,2473
72817,48,25,B-Group (Medium),C,2474
22608,49,24,B-Group (Medium),C,2475
21018,0,74,B-Group (Medium),C,2476
22948,1,73,B-Group (Medium),C,2477
21459,2,72,B-Group (Medium),C,2478
84985B,3,71,B-Group (Medium),C,2479
84952C,4,70,B-Group (Medium),C,2480
16219,5,69,B-Group (Medium),C,2481
84661A,6,68,B-Group (Medium),C,2482
84842,7,67,B-Group (Medium),B,2483
37492C,8,66,B-Group (Medium),C,2484
22106,9,65,B-Group (Medium),B,2485
84288B,10,64,B-Group (Medium),C,2486
22640,11,63,B-Group (Medium),C,2487
17178,12,62,B-Group (Medium),C,2488
17021,13,61,B-Group (Medium),C,2489
22772,14,60,B-Group (Medium),C,2490
21376,15,59,B-Group (Medium),B,2491
22598,16,58,B-Group (Medium),C,2492
22038,17,57,B-Group (Medium),C,2493
21543,18,56,B-Group (Medium),C,2494
84533B,19,55,B-Group (Medium),C,2495
85006,20,54,B-Group (Medium),B,2496
21635,21,53,B-Group (Medium),C,2497
84932A,22,52,B-Group (Medium),B,2498
84929,23,51,B-Group (Medium),C,2499
84760S,24,50,B-Group (Medium),C,2500
21395,25,49,B-Group (Medium),C,2501
84753A,26,48,B-Group (Medium),C,2502
72130,27,47,B-Group (Medium),C,2503
17108D,28,46,B-Group (Medium),C,2504
22541,29,45,B-Group (Medium),C,2505
85089,30,44,B-Group (Medium),C,2506
79163,31,43,B-Group (Medium),C,2507
37444A,32,42,B-Group (Medium),C,2508
71101E,33,41,B-Group (Medium),C,2509
72739C,34,40,B-Group (Medium),C,2510
90087,35,39,B-Group (Medium),C,2511
84859A,36,38,B-Group (Medium),C,2512
85125,37,37,B-Group (Medium),B,2513
85032A,38,36,B-Group (Medium),C,2514
35838B,39,35,B-Group (Medium),C,2515
46000U,40,34,B-Group (Medium),C,2516
35598B,41,33,B-Group (Medium),C,2517
20849,42,32,B-Group (Medium),C,2518
46118,43,31,B-Group (Medium),C,2519
82081,44,30,B-Group (Medium),C,2520
72799C,45,29,B-Group (Medium),C,2521
22849,46,28,B-Group (Medium),B,2522
85028L,47,27,B-Group (Medium),B,2523
17084P,48,26,B-Group (Medium),C,2524
35607A,49,25,B-Group (Medium),C,2525
22798,0,75,B-Group (Medium),C,2526
20987,1,74,B-Group (Medium),C,2527
21252,2,73,B-Group (Medium),C,2528
21554,3,72,B-Group (Medium),B,2529
84802A,4,71,B-Group (Medium),C,2530
85030,5,70,B-Group (Medium),C,2531
85131B,6,69,B-Group (Medium),C,2532
35966,7,68,B-Group (Medium),C,2533
21551,8,67,B-Group (Medium),B,2534
84597B,9,66,B-Group (Medium),C,2535
35637A,10,65,B-Group (Medium),B,2536
85023B,11,64,B-Group (Medium),C,2537
22039,12,63,B-Group (Medium),C,2538
47471,13,62,B-Group (Medium),C,2539
84051,14,61,B-Group (Medium),C,2540
21193,15,60,B-Group (Medium),C,2541
22769,16,59,B-Group (Medium),A,2542
20868,17,58,B-Group (Medium),C,2543
21015,18,57,B-Group (Medium),C,2544
22843,19,56,B-Group (Medium),C,2545
20850,20,55,B-Group (Medium),B,2546
84631,21,54,B-Group (Medium),B,2547
20940,22,53,B-Group (Medium),C,2548
21779,23,52,B-Group (Medium),B,2549
16259,24,51,B-Group (Medium),C,2550
22330,25,50,B-Group (Medium),C,2551
85080,26,49,B-Group (Medium),C,2552
85205A,27,48,B-Group (Medium),C,2553
85032D,28,47,B-Group (Medium),C,2554
22774,29,46,B-Group (Medium),C,2555
84932D,30,45,B-Group (Medium),C,2556
85092,31,44,B-Group (Medium),C,2557
21654,32,43,B-Group (Medium),C,2558
84858C,33,42,B-Group (Medium),C,2559
72780,34,41,B-Group (Medium),C,2560
20663,35,40,B-Group (Medium),C,2561
35915C,36,39,B-Group (Medium),C,2562
10138,37,38,B-Group (Medium),C,2563
16254,38,37,B-Group (Medium),C,2564
85007,39,36,B-Group (Medium),C,2565
85160B,40,35,B-Group (Medium),B,2566
16239,41,34,B-Group (Medium),C,2567
44234,42,33,B-Group (Medium),C,2568
22781,43,32,B-Group (Medium),C,2569
84615,44,31,B-Group (Medium),B,2570
21893,45,30,B-Group (Medium),C,2571
21102,46,29,B-Group (Medium),C,2572
84455,47,28,B-Group (Medium),C,2573
85091,48,27,B-Group (Medium),C,2574
72225C,49,26,B-Group (Medium),C,2575
84661B,0,76,B-Group (Medium),C,2576
35838A,1,75,B-Group (Medium),C,2577
21382,2,74,B-Group (Medium),C,2578
20705,3,73,B-Group (Medium),C,2579
62095B,4,72,B-Group (Medium),C,2580
84081,5,71,B-Group (Medium),C,2581
84657,6,70,B-Group (Medium),C,2582
20869,7,69,B-Group (Medium),C,2583
84458,8,68,B-Group (Medium),C,2584
85162A,9,67,B-Group (Medium),B,2585
22773,10,66,B-Group (Medium),C,2586
84875B,11,65,B-Group (Medium),C,2587
20794,12,64,B-Group (Medium),C,2588
85027L,13,63,B-Group (Medium),C,2589
20888,14,62,B-Group (Medium),C,2590
17001,15,61,B-Group (Medium),C,2591
85130C,16,60,B-Group (Medium),C,2592
84877B,17,59,B-Group (Medium),C,2593
21306,18,58,B-Group (Medium),C,2594
47422,19,57,B-Group (Medium),C,2595
85109,20,56,B-Group (Medium),C,2596
22760,21,55,B-Group (Medium),C,2597
82076,22,54,B-Group (Medium),C,2598
85230B,23,53,B-Group (Medium),C,2599
90090,24,52,B-Group (Medium),C,2600
17012A,25,51,B-Group (Medium),C,2601
16052,26,50,B-Group (Medium),C,2602
84030c,27,49,B-Group (Medium),C,2603
84799,28,48,B-Group (Medium),C,2604
20968,29,47,B-Group (Medium),C,2605
84422,30,46,B-Group (Medium),C,2606
21131,31,45,B-Group (Medium),B,2607
22775,32,44,B-Group (Medium),C,2608
21419,33,43,B-Group (Medium),C,2609
84595E,34,42,B-Group (Medium),C,2610
20840,35,41,B-Group (Medium),B,2611
20851,36,40,B-Group (Medium),C,2612
20736,37,39,B-Group (Medium),C,2613
84447,38,38,B-Group (Medium),C,2614
16202B,39,37,B-Group (Medium),C,2615
22693,40,36,B-Group (Medium),B,2616
47586A,41,35,B-Group (Medium),C,2617
84437A,42,34,B-Group (Medium),C,2618
85131C,43,33,B-Group (Medium),C,2619
79336,44,32,B-Group (Medium),C,2620
17012C,45,31,B-Group (Medium),C,2621
72799A,46,30,B-Group (Medium),B,2622
21321,47,29,B-Group (Medium),C,2623
84826,48,28,B-Group (Medium),C,2624
21394,49,27,B-Group (Medium),C,2625
21950,0,77,B-Group (Medium),C,2626
21416,1,76,B-Group (Medium),C,2627
21344,2,75,B-Group (Medium),C,2628
16202A,3,74,B-Group (Medium),C,2629
37444B,4,73,B-Group (Medium),C,2630
22786,5,72,B-Group (Medium),C,2631
22797,6,71,B-Group (Medium),C,2632
21304,7,70,B-Group (Medium),C,2633
84255B,8,69,B-Group (Medium),C,2634
84976,9,68,B-Group (Medium),C,2635
72606A,10,67,B-Group (Medium),C,2636
17038,11,66,B-Group (Medium),C,2637
22765,12,65,B-Group (Medium),B,2638
84454,13,64,B-Group (Medium),C,2639
79532,14,63,B-Group (Medium),C,2640
72140E,15,62,B-Group (Medium),C,2641
47421,16,61,B-Group (Medium),C,2642
35609A,17,60,B-Group (Medium),C,2643
84932B,18,59,B-Group (Medium),C,2644
85190,19,58,B-Group (Medium),C,2645
84228,20,57,B-Group (Medium),C,2646
79328,21,56,B-Group (Medium),C,2647
35937,22,55,B-Group (Medium),C,2648
22638,23,54,B-Group (Medium),C,2649
22805,24,53,B-Group (Medium),C,2650
85032C,25,52,B-Group (Medium),C,2651
16156L,26,51,B-Group (Medium),C,2652
84925A,27,50,B-Group (Medium),C,2653
21197,28,49,B-Group (Medium),C,2654
35649,29,48,B-Group (Medium),B,2655
22852,30,47,B-Group (Medium),C,2656
46115B,31,46,B-Group (Medium),C,2657
84625B,32,45,B-Group (Medium),C,2658
20793,33,44,B-Group (Medium),C,2659
35915B,34,43,B-Group (Medium),C,2660
22801,35,42,B-Group (Medium),C,2661
72750A,36,41,B-Group (Medium),B,2662
85032B,37,40,B-Group (Medium),C,2663
21582,38,39,B-Group (Medium),C,2664
21460,39,38,B-Group (Medium),C,2665
17013D,40,37,B-Group (Medium),C,2666
84770,41,36,B-Group (Medium),C,2667
84802B,42,35,B-Group (Medium),C,2668
22784,43,34,B-Group (Medium),C,2669
72799B,44,33,B-Group (Medium),C,2670
35964,45,32,B-Group (Medium),C,2671
84925F,46,31,B-Group (Medium),B,2672
84595B,47,30,B-Group (Medium),C,2673
72750C,48,29,B-Group (Medium),C,2674
84859C,49,28,B-Group (Medium),C,2675
84601A,0,78,B-Group (Medium),B,2676
84925D,1,77,B-Group (Medium),B,2677
85230G,2,76,B-Group (Medium),C,2678
85026B,3,75,B-Group (Medium),C,2679
37485,4,74,B-Group (Medium),C,2680
22778,5,73,B-Group (Medium),C,2681
22800,6,72,B-Group (Medium),C,2682
17109C,7,71,B-Group (Medium),B,2683
21639,8,70,B-Group (Medium),C,2684
84029D,9,69,B-Group (Medium),C,2685
35793,10,68,B-Group (Medium),C,2686
22780,11,67,B-Group (Medium),C,2687
85019A,12,66,B-Group (Medium),C,2688
85167A,13,65,B-Group (Medium),C,2689
84800L,14,64,B-Group (Medium),C,2690
17012E,15,63,B-Group (Medium),C,2691
22853,16,62,B-Group (Medium),C,2692
84919,17,61,B-Group (Medium),B,2693
47504F,18,60,B-Group (Medium),C,2694
84984C,19,59,B-Group (Medium),C,2695
85195,20,58,B-Group (Medium),C,2696
17136A,21,57,B-Group (Medium),C,2697
72753A,22,56,B-Group (Medium),B,2698
90058B,23,55,B-Group (Medium),C,2699
72487,24,54,B-Group (Medium),C,2700
84984D,25,53,B-Group (Medium),C,2701
84876D,26,52,B-Group (Medium),C,2702
90057,27,51,B-Group (Medium),B,2703
22763,28,50,B-Group (Medium),A,2704
72755C,29,49,B-Group (Medium),B,2705
84924D,30,48,B-Group (Medium),C,2706
21322,31,47,B-Group (Medium),C,2707
85111,32,46,B-Group (Medium),C,2708
72753B,33,45,B-Group (Medium),B,2709
22903,34,44,B-Group (Medium),B,2710
72134,35,43,B-Group (Medium),C,2711
22764,36,42,B-Group (Medium),B,2712
20889,37,41,B-Group (Medium),C,2713
84809A,38,40,B-Group (Medium),C,2714
84804B,39,39,B-Group (Medium),C,2715
90085,40,38,B-Group (Medium),C,2716
79315W,41,37,B-Group (Medium),B,2717
84927A,42,36,B-Group (Medium),C,2718
84927E,43,35,B-Group (Medium),C,2719
85162B,44,34,B-Group (Medium),B,2720
71028B,45,33,B-Group (Medium),C,2721
84934,46,32,B-Group (Medium),C,2722
22893,47,31,B-Group (Medium),C,2723
17109A,48,30,B-Group (Medium),C,2724
21338,49,29,B-Group (Medium),B,2725
22848,0,79,B-Group (Medium),C,2726
72811,1,78,B-Group (Medium),C,2727
79338,2,77,B-Group (Medium),C,2728
20814,3,76,B-Group (Medium),C,2729
72755D,4,75,B-Group (Medium),B,2730
84402D,5,74,B-Group (Medium),C,2731
84927D,6,73,B-Group (Medium),C,2732
22806,7,72,B-Group (Medium),C,2733
72740A,8,71,B-Group (Medium),C,2734
85166A,9,70,B-Group (Medium),C,2735
17011A,10,69,B-Group (Medium),C,2736
84706D,11,68,B-Group (Medium),C,2737
20994,12,67,B-Group (Medium),C,2738
22141,13,66,B-Group (Medium),C,2739
84827,14,65,B-Group (Medium),C,2740
84227,15,64,B-Group (Medium),C,2741
84907,16,63,B-Group (Medium),B,2742
35840,17,62,B-Group (Medium),C,2743
84340,18,61,B-Group (Medium),C,2744
72750D,19,60,B-Group (Medium),C,2745
84984A,20,59,B-Group (Medium),C,2746
47469,21,58,B-Group (Medium),C,2747
72225D,22,57,B-Group (Medium),C,2748
47503F,23,56,B-Group (Medium),B,2749
79030D,24,55,B-Group (Medium),C,2750
16043,25,54,B-Group (Medium),C,2751
78124,26,53,B-Group (Medium),B,2752
84537B,27,52,B-Group (Medium),C,2753
35271S,28,51,B-Group (Medium),C,2754
84464,29,50,B-Group (Medium),C,2755
22791,30,49,B-Group (Medium),C,2756
17011F,31,48,B-Group (Medium),C,2757
84984B,32,47,B-Group (Medium),C,2758
16168S,33,46,B-Group (Medium),C,2759
20688,34,45,B-Group (Medium),C,2760
48179,35,44,B-Group (Medium),C,2761
22811,36,43,B-Group (Medium),C,2762
20879,37,42,B-Group (Medium),C,2763
37492A,38,41,B-Group (Medium),C,2764
47347B,39,40,B-Group (Medium),C,2765
85019B,40,39,B-Group (Medium),C,2766
16256C,41,38,B-Group (Medium),C,2767
37483,42,37,B-Group (Medium),C,2768
72132,43,36,B-Group (Medium),C,2769
16161G,44,35,B-Group (Medium),C,2770
79337,45,34,B-Group (Medium),C,2771
84800S,46,33,B-Group (Medium),C,2772
37482B,47,32,B-Group (Medium),B,2773
84596I,48,31,B-Group (Medium),C,2774
84801A,49,30,B-Group (Medium),C,2775
21267,0,80,B-Group (Medium),C,2776
22792,1,79,B-Group (Medium),C,2777
72724,2,78,B-Group (Medium),C,2778
16169D,3,77,B-Group (Medium),C,2779
35920,4,76,B-Group (Medium),C,2780
18010,5,75,B-Group (Medium),C,2781
72038P,6,74,B-Group (Medium),C,2782
37345,7,73,B-Group (Medium),C,2783
16161E,8,72,B-Group (Medium),C,2784
72753D,9,71,B-Group (Medium),C,2785
84806B,10,70,B-Group (Medium),C,2786
22779,11,69,B-Group (Medium),C,2787
72772,12,68,B-Group (Medium),B,2788
84922,13,67,B-Group (Medium),B,2789
84858B,14,66,B-Group (Medium),C,2790
37479B,15,65,B-Group (Medium),B,2791
16050,16,64,B-Group (Medium),C,2792
72754B,17,63,B-Group (Medium),C,2793
85151,18,62,B-Group (Medium),C,2794
10123G,19,61,B-Group (Medium),C,2795
35817P,20,60,B-Group (Medium),C,2796
16243B,21,59,B-Group (Medium),C,2797
35824C,22,58,B-Group (Medium),C,2798
16119,23,57,B-Group (Medium),C,2799
21702,24,56,B-Group (Medium),B,2800
17014D,25,55,B-Group (Medium),C,2801
37351,26,54,B-Group (Medium),C,2802
44235,27,53,B-Group (Medium),C,2803
84462,28,52,B-Group (Medium),C,2804
16053,29,51,B-Group (Medium),C,2805
21263,30,50,B-Group (Medium),C,2806
72771B,31,49,B-Group (Medium),C,2807
37471,32,48,B-Group (Medium),C,2808
84924F,33,47,B-Group (Medium),C,2809
35071,34,46,B-Group (Medium),C,2810
21118,35,45,B-Group (Medium),C,2811
22788,36,44,B-Group (Medium),B,2812
21697,37,43,B-Group (Medium),C,2813
37352,38,42,B-Group (Medium),C,2814
84798B,39,41,B-Group (Medium),C,2815
84706A,40,40,B-Group (Medium),C,2816
84857C,41,39,B-Group (Medium),C,2817
84807,42,38,B-Group (Medium),C,2818
35824B,43,37,B-Group (Medium),C,2819
84933B,44,36,B-Group (Medium),C,2820
84767,45,35,B-Group (Medium),B,2821
21308,46,34,B-Group (Medium),B,2822
84933C,47,33,B-Group (Medium),C,2823
72771C,48,32,B-Group (Medium),C,2824
84933A,49,31,B-Group (Medium),C,2825
37399,0,81,B-Group (Medium),C,2826
72045D,1,80,B-Group (Medium),B,2827
20800,2,79,B-Group (Medium),C,2828
84705b,3,78,B-Group (Medium),C,2829
72754A,4,77,B-Group (Medium),C,2830
35818P,5,76,B-Group (Medium),C,2831
84493,6,75,B-Group (Medium),C,2832
20890,7,74,B-Group (Medium),C,2833
15059A,8,73,B-Group (Medium),B,2834
85128,9,72,B-Group (Medium),C,2835
16051,10,71,B-Group (Medium),C,2836
16044,11,70,B-Group (Medium),C,2837
35824P,12,69,B-Group (Medium),C,2838
17013B,13,68,B-Group (Medium),C,2839
35815B,14,67,B-Group (Medium),C,2840
20891,15,66,B-Group (Medium),C,2841
37379B,16,65,B-Group (Medium),C,2842
22864,17,64,B-Group (Medium),C,2843
85218,18,63,B-Group (Medium),B,2844
79308B,19,62,B-Group (Medium),C,2845
17027A,20,61,B-Group (Medium),C,2846
17011C,21,60,B-Group (Medium),C,2847
16161C,22,59,B-Group (Medium),C,2848
22790,23,58,B-Group (Medium),A,2849
35822B,24,57,B-Group (Medium),C,2850
84760L,25,56,B-Group (Medium),B,2851
20715,26,55,B-Group (Medium),C,2852
35915A,27,54,B-Group (Medium),C,2853
90013B,28,53,C-Group (Slow),C,2854
90071,29,52,C-Group (Slow),C,2855
37474,30,51,C-Group (Slow),C,2856
47563A,31,50,C-Group (Slow),C,2857
85159A,32,49,C-Group (Slow),C,2858
90120C,33,48,C-Group (Slow),C,2859
90173,34,47,C-Group (Slow),C,2860
21001,35,46,C-Group (Slow),C,2861
84707B,36,45,C-Group (Slow),C,2862
90214S,37,44,C-Group (Slow),C,2863
90161B,38,43,C-Group (Slow),C,2864
90195A,39,42,C-Group (Slow),C,2865
DCGS0058,40,41,C-Group (Slow),C,2866
90214J,41,40,C-Group (Slow),C,2867
84824,42,39,C-Group (Slow),B,2868
90129C,43,38,C-Group (Slow),C,2869
85135C,44,37,C-Group (Slow),C,2870
85141,45,36,C-Group (Slow),B,2871
85159B,46,35,C-Group (Slow),C,2872
84974,47,34,C-Group (Slow),C,2873
85163B,48,33,C-Group (Slow),C,2874
90201B,49,32,C-Group (Slow),C,2875
22144,0,82,C-Group (Slow),C,2876
21632,1,81,C-Group (Slow),C,2877
21633,2,80,C-Group (Slow),B,2878
84865,3,79,C-Group (Slow),C,2879
84086C,4,78,C-Group (Slow),C,2880
21129,5,77,C-Group (Slow),C,2881
85185C,6,76,C-Group (Slow),C,2882
85144,7,75,C-Group (Slow),C,2883
90147,8,74,C-Group (Slow),C,2884
84819,9,73,C-Group (Slow),C,2885
90214E,10,72,C-Group (Slow),C,2886
37506,11,71,C-Group (Slow),C,2887
90013C,12,70,C-Group (Slow),C,2888
79026B,13,69,C-Group (Slow),C,2889
90198B,14,68,C-Group (Slow),C,2890
90214M,15,67,C-Group (Slow),C,2891
21631,16,66,C-Group (Slow),B,2892
20818,17,65,C-Group (Slow),C,2893
82011B,18,64,C-Group (Slow),C,2894
21194,19,63,C-Group (Slow),C,2895
90040D,20,62,C-Group (Slow),C,2896
47503A,21,61,C-Group (Slow),C,2897
90129D,22,60,C-Group (Slow),C,2898
90042A,23,59,C-Group (Slow),C,2899
90120B,24,58,C-Group (Slow),C,2900
85127,25,57,C-Group (Slow),C,2901
84313C,26,56,C-Group (Slow),C,2902
90158,27,55,C-Group (Slow),C,2903
21065,28,54,C-Group (Slow),C,2904
85088,29,53,C-Group (Slow),C,2905
90214L,30,52,C-Group (Slow),C,2906
84600,31,51,C-Group (Slow),C,2907
21793,32,50,C-Group (Slow),C,2908
84931A,33,49,C-Group (Slow),C,2909
35645,34,48,C-Group (Slow),C,2910
90040A,35,47,C-Group (Slow),C,2911
21277,36,46,C-Group (Slow),B,2912
35911A,37,45,C-Group (Slow),C,2913
90010B,38,44,C-Group (Slow),C,2914
37475,39,43,C-Group (Slow),C,2915
90145,40,42,C-Group (Slow),C,2916
90201A,41,41,C-Group (Slow),C,2917
84563A,42,40,C-Group (Slow),C,2918
17012B,43,39,C-Group (Slow),C,2919
90201D,44,38,C-Group (Slow),C,2920
84877D,45,37,C-Group (Slow),C,2921
85169C,46,36,C-Group (Slow),C,2922
84917,47,35,C-Group (Slow),C,2923
90184C,48,34,C-Group (Slow),C,2924
84916,49,33,C-Group (Slow),C,2925
21132,0,83,C-Group (Slow),C,2926
21228,1,82,C-Group (Slow),C,2927
90214C,2,81,C-Group (Slow),C,2928
21038,3,80,C-Group (Slow),C,2929
90184B,4,79,C-Group (Slow),C,2930
90040B,5,78,C-Group (Slow),C,2931
85163A,6,77,C-Group (Slow),C,2932
82011A,7,76,C-Group (Slow),C,2933
84306,8,75,C-Group (Slow),C,2934
90133,9,74,C-Group (Slow),C,2935
47578A,10,73,C-Group (Slow),C,2936
21636,11,72,C-Group (Slow),C,2937
85169B,12,71,C-Group (Slow),C,2938
84660B,13,70,C-Group (Slow),C,2939
90201C,14,69,C-Group (Slow),C,2940
47574B,15,68,C-Group (Slow),C,2941
21371,16,67,C-Group (Slow),C,2942
81952V,17,66,C-Group (Slow),C,2943
21365,18,65,C-Group (Slow),C,2944
84899E,19,64,C-Group (Slow),C,2945
85129B,20,63,C-Group (Slow),C,2946
35603C,21,62,C-Group (Slow),C,2947
35833G,22,61,C-Group (Slow),C,2948
90129F,23,60,C-Group (Slow),C,2949
85081,24,59,C-Group (Slow),C,2950
84924A,25,58,C-Group (Slow),C,2951
90197B,26,57,C-Group (Slow),C,2952
90199B,27,56,C-Group (Slow),C,2953
90002D,28,55,C-Group (Slow),C,2954
90070,29,54,C-Group (Slow),C,2955
72812,30,53,C-Group (Slow),C,2956
47504H,31,52,C-Group (Slow),C,2957
47503H,32,51,C-Group (Slow),C,2958
90019A,33,50,C-Group (Slow),C,2959
90211B,34,49,C-Group (Slow),C,2960
84247H,35,48,C-Group (Slow),C,2961
84820,36,47,C-Group (Slow),C,2962
90161A,37,46,C-Group (Slow),C,2963
90192,38,45,C-Group (Slow),C,2964
90019C,39,44,C-Group (Slow),C,2965
90096,40,43,C-Group (Slow),C,2966
90206C,41,42,C-Group (Slow),C,2967
16020C,42,41,C-Group (Slow),C,2968
35916C,43,40,C-Group (Slow),C,2969
90190A,44,39,C-Group (Slow),C,2970
BANK CHARGES,45,38,C-Group (Slow),C,2971
90059D,46,37,C-Group (Slow),C,2972
90214R,47,36,C-Group (Slow),C,2973
90175D,48,35,C-Group (Slow),C,2974
47481,49,34,C-Group (Slow),C,2975
85185F,0,84,C-Group (Slow),C,2976
90185C,1,83,C-Group (Slow),C,2977
85180B,2,82,C-Group (Slow),C,2978
90199C,3,81,C-Group (Slow),C,2979
21128,4,80,C-Group (Slow),C,2980
20952,5,79,C-Group (Slow),C,2981
90010E,6,78,C-Group (Slow),C,2982
79303D,7,77,C-Group (Slow),C,2983
90002C,8,76,C-Group (Slow),C,2984
90143,9,75,C-Group (Slow),C,2985
84529A,10,74,C-Group (Slow),C,2986
90186A,11,73,C-Group (Slow),C,2987
90164B,12,72,C-Group (Slow),C,2988
22503,13,71,C-Group (Slow),B,2989
84313A,14,70,C-Group (Slow),C,2990
84627,15,69,C-Group (Slow),C,2991
21374,16,68,C-Group (Slow),C,2992
90212B,17,67,C-Group (Slow),C,2993
72799D,18,66,C-Group (Slow),C,2994
84707A,19,65,C-Group (Slow),C,2995
22105,20,64,C-Group (Slow),C,2996
90144,21,63,C-Group (Slow),C,2997
84592,22,62,C-Group (Slow),C,2998
21261,23,61,C-Group (Slow),C,2999
20693,24,60,C-Group (Slow),C,3000
90112,25,59,C-Group (Slow),C,3001
84782C,26,58,C-Group (Slow),C,3002
21331,27,57,C-Group (Slow),B,3003
90195B,28,56,C-Group (Slow),C,3004
90139,29,55,C-Group (Slow),C,3005
90059A,30,54,C-Group (Slow),C,3006
90081C,31,53,C-Group (Slow),C,3007
85087,32,52,C-Group (Slow),C,3008
90204,33,51,C-Group (Slow),C,3009
90160C,34,50,C-Group (Slow),C,3010
21031,35,49,C-Group (Slow),C,3011
90124B,36,48,C-Group (Slow),C,3012
84874B,37,47,C-Group (Slow),C,3013
72129,38,46,C-Group (Slow),C,3014
20821,39,45,C-Group (Slow),C,3015
84247K,40,44,C-Group (Slow),C,3016
90000D,41,43,C-Group (Slow),C,3017
85094,42,42,C-Group (Slow),C,3018
90122B,43,41,C-Group (Slow),C,3019
90185B,44,40,C-Group (Slow),C,3020
90214H,45,39,C-Group (Slow),C,3021
84508C,46,38,C-Group (Slow),C,3022
21461,47,37,C-Group (Slow),C,3023
90185D,48,36,C-Group (Slow),C,3024
90175B,49,35,C-Group (Slow),C,3025
84680,1,84,C-Group (Slow),C,3026
44091C,2,83,C-Group (Slow),C,3027
84251J,3,82,C-Group (Slow),C,3028
21025,4,81,C-Group (Slow),C,3029
21032,5,80,C-Group (Slow),C,3030
85130B,6,79,C-Group (Slow),C,3031
90157,7,78,C-Group (Slow),C,3032
21003,8,77,C-Group (Slow),C,3033
22395,9,76,C-Group (Slow),C,3034
84360,10,75,C-Group (Slow),C,3035
84882,11,74,C-Group (Slow),C,3036
90089,12,73,C-Group (Slow),C,3037
84817,13,72,C-Group (Slow),C,3038
21736,14,71,C-Group (Slow),C,3039
46000R,15,70,C-Group (Slow),C,3040
37342,16,69,C-Group (Slow),C,3041
21226,17,68,C-Group (Slow),C,3042
85147,18,67,C-Group (Slow),C,3043
gift_0001_20,19,66,C-Group (Slow),C,3044
84563B,20,65,C-Group (Slow),C,3045
90003D,21,64,C-Group (Slow),C,3046
85168B,22,63,C-Group (Slow),C,3047
21087,23,62,C-Group (Slow),C,3048
22656,24,61,C-Group (Slow),A,3049
84555A,25,60,C-Group (Slow),C,3050
35599B,26,59,C-Group (Slow),C,3051
90073,27,58,C-Group (Slow),C,3052
85145,28,57,C-Group (Slow),C,3053
84609,29,56,C-Group (Slow),C,3054
90160B,30,55,C-Group (Slow),C,3055
79403,31,54,C-Group (Slow),C,3056
84456,32,53,C-Group (Slow),C,3057
gift_0001_30,33,52,C-Group (Slow),C,3058
84465,34,51,C-Group (Slow),C,3059
79534,35,50,C-Group (Slow),C,3060
90166,36,49,C-Group (Slow),C,3061
84926A,37,48,C-Group (Slow),C,3062
84531A,38,47,C-Group (Slow),C,3063
90186B,39,46,C-Group (Slow),C,3064
84881,40,45,C-Group (Slow),C,3065
84510e,41,44,C-Group (Slow),C,3066
90059E,42,43,C-Group (Slow),C,3067
84855,43,42,C-Group (Slow),C,3068
22257,44,41,C-Group (Slow),C,3069
90018A,45,40,C-Group (Slow),C,3070
72779,46,39,C-Group (Slow),C,3071
90214G,47,38,C-Group (Slow),C,3072
90214N,48,37,C-Group (Slow),C,3073
90214B,49,36,C-Group (Slow),C,3074
84358,2,84,C-Group (Slow),B,3075
47013A,3,83,C-Group (Slow),C,3076
84893,4,82,C-Group (Slow),C,3077
85168A,5,81,C-Group (Slow),C,3078
90190C,6,80,C-Group (Slow),C,3079
21372,7,79,C-Group (Slow),C,3080
47420,8,78,C-Group (Slow),C,3081
72781,9,77,C-Group (Slow),C,3082
84621,10,76,C-Group (Slow),C,3083
20795,11,75,C-Group (Slow),C,3084
84711B,12,74,C-Group (Slow),C,3085
90122C,13,73,C-Group (Slow),C,3086
37379A,14,72,C-Group (Slow),C,3087
90081A,15,71,C-Group (Slow),C,3088
82095,16,70,C-Group (Slow),C,3089
90214P,17,69,C-Group (Slow),C,3090
84616,18,68,C-Group (Slow),B,3091
90024B,19,67,C-Group (Slow),C,3092
84800M,20,66,C-Group (Slow),C,3093
37462E,21,65,C-Group (Slow),C,3094
90214D,22,64,C-Group (Slow),C,3095
21298,23,63,C-Group (Slow),B,3096
17090A,24,62,C-Group (Slow),C,3097
90072,25,61,C-Group (Slow),C,3098
84623,26,60,C-Group (Slow),C,3099
90122A,27,59,C-Group (Slow),C,3100
84803A,28,58,C-Group (Slow),C,3101
84870B,29,57,C-Group (Slow),C,3102
21489,30,56,C-Group (Slow),C,3103
21089,31,55,C-Group (Slow),C,3104
20896,32,54,C-Group (Slow),C,3105
90163A,33,53,C-Group (Slow),C,3106
84247C,34,52,C-Group (Slow),C,3107
90159,35,51,C-Group (Slow),C,3108
90082B,36,50,C-Group (Slow),C,3109
90039D,37,49,C-Group (Slow),C,3110
84522,38,48,C-Group (Slow),C,3111
90184A,39,47,C-Group (Slow),C,3112
35953,40,46,C-Group (Slow),C,3113
21030,41,45,C-Group (Slow),C,3114
90125D,42,44,C-Group (Slow),C,3115
90014A,43,43,C-Group (Slow),C,3116
20620,44,42,C-Group (Slow),C,3117
90014C,45,41,C-Group (Slow),C,3118
90210D,46,40,C-Group (Slow),C,3119
84429A,47,39,C-Group (Slow),C,3120
90036E,48,38,C-Group (Slow),C,3121
21270,49,37,C-Group (Slow),C,3122
90175C,3,84,C-Group (Slow),C,3123
84690,4,83,C-Group (Slow),C,3124
84388,5,82,C-Group (Slow),C,3125
15030,6,81,C-Group (Slow),C,3126
35931,7,80,C-Group (Slow),C,3127
22655,8,79,C-Group (Slow),A,3128
84845C,9,78,C-Group (Slow),C,3129
84292,10,77,C-Group (Slow),C,3130
84705D,11,76,C-Group (Slow),C,3131
35916A,12,75,C-Group (Slow),C,3132
90210B,13,74,C-Group (Slow),C,3133
35914,14,73,C-Group (Slow),C,3134
17090D,15,72,C-Group (Slow),C,3135
84927F,16,71,C-Group (Slow),C,3136
90103,17,70,C-Group (Slow),C,3137
90018B,18,69,C-Group (Slow),C,3138
35973,19,68,C-Group (Slow),C,3139
90180A,20,67,C-Group (Slow),C,3140
90211A,21,66,C-Group (Slow),C,3141
90130B,22,65,C-Group (Slow),C,3142
35916B,23,64,C-Group (Slow),C,3143
21400,24,63,C-Group (Slow),C,3144
85170B,25,62,C-Group (Slow),C,3145
84250M,26,61,C-Group (Slow),C,3146
72715,27,60,C-Group (Slow),C,3147
90036A,28,59,C-Group (Slow),C,3148
21759,29,58,C-Group (Slow),B,3149
90065B,30,57,C-Group (Slow),C,3150
21367,31,56,C-Group (Slow),C,3151
84709A,32,55,C-Group (Slow),C,3152
90042C,33,54,C-Group (Slow),C,3153
90115,34,53,C-Group (Slow),C,3154
84527,35,52,C-Group (Slow),C,3155
90094,36,51,C-Group (Slow),C,3156
90010A,37,50,C-Group (Slow),C,3157
90013D,38,49,C-Group (Slow),C,3158
84656,39,48,C-Group (Slow),C,3159
35648,40,47,C-Group (Slow),C,3160
47574A,41,46,C-Group (Slow),C,3161
90002A,42,45,C-Group (Slow),C,3162
21368,43,44,C-Group (Slow),C,3163
84801B,44,43,C-Group (Slow),C,3164
90165B,45,42,C-Group (Slow),C,3165
90160D,46,41,C-Group (Slow),C,3166
90003B,47,40,C-Group (Slow),C,3167
47013C,48,39,C-Group (Slow),C,3168
84926F,49,38,C-Group (Slow),C,3169
84531B,4,84,C-Group (Slow),C,3170
20845,5,83,C-Group (Slow),C,3171
90178A,6,82,C-Group (Slow),C,3172
35600D,7,81,C-Group (Slow),C,3173
79161A,8,80,C-Group (Slow),C,3174
22486,9,79,C-Group (Slow),C,3175
21763,10,78,C-Group (Slow),B,3176
20796,11,77,C-Group (Slow),C,3177
79406,12,76,C-Group (Slow),C,3178
21370,13,75,C-Group (Slow),C,3179
21300,14,74,C-Group (Slow),B,3180
20664,15,73,C-Group (Slow),C,3181
90093,16,72,C-Group (Slow),C,3182
90059F,17,71,C-Group (Slow),C,3183
84952A,18,70,C-Group (Slow),C,3184
16202C,19,69,C-Group (Slow),C,3185
21339,20,68,C-Group (Slow),C,3186
84952B,21,67,C-Group (Slow),C,3187
72796B,22,66,C-Group (Slow),C,3188
21373,23,65,C-Group (Slow),C,3189
85146,24,64,C-Group (Slow),C,3190
90177E,25,63,C-Group (Slow),C,3191
20899,26,62,C-Group (Slow),C,3192
90065A,27,61,C-Group (Slow),C,3193
84576,28,60,C-Group (Slow),C,3194
84745B,29,59,C-Group (Slow),C,3195
21760,30,58,C-Group (Slow),B,3196
46138B,31,57,C-Group (Slow),C,3197
90165A,32,56,C-Group (Slow),C,3198
90060F,33,55,C-Group (Slow),C,3199
71406C,34,54,C-Group (Slow),C,3200
90082A,35,53,C-Group (Slow),C,3201
20698,36,52,C-Group (Slow),C,3202
72133,37,51,C-Group (Slow),C,3203
90155,38,50,C-Group (Slow),C,3204
90000B,39,49,C-Group (Slow),C,3205
90086,40,48,C-Group (Slow),C,3206
90032,41,47,C-Group (Slow),C,3207
84653,42,46,C-Group (Slow),B,3208
90088,43,45,C-Group (Slow),C,3209
84915,44,44,C-Group (Slow),C,3210
84661C,45,43,C-Group (Slow),C,3211
44089C,46,42,C-Group (Slow),C,3212
DCGS0076,47,41,C-Group (Slow),C,3213
84192,48,40,C-Group (Slow),C,3214
77079,49,39,C-Group (Slow),C,3215
90016C,5,84,C-Group (Slow),C,3216
84564,6,83,C-Group (Slow),C,3217
85023C,7,82,C-Group (Slow),C,3218
37509,8,81,C-Group (Slow),C,3219
20957,9,80,C-Group (Slow),C,3220
84845D,10,79,C-Group (Slow),C,3221
90030B,11,78,C-Group (Slow),C,3222
79051A,12,77,C-Group (Slow),C,3223
84582,13,76,C-Group (Slow),C,3224
90000A,14,75,C-Group (Slow),C,3225
82545A,15,74,C-Group (Slow),C,3226
90202D,16,73,C-Group (Slow),C,3227
82069,17,72,C-Group (Slow),C,3228
90022,18,71,C-Group (Slow),C,3229
81952B,19,70,C-Group (Slow),C,3230
90002E,20,69,C-Group (Slow),C,3231
90174,21,68,C-Group (Slow),C,3232
84251C,22,67,C-Group (Slow),C,3233
35963,23,66,C-Group (Slow),C,3234
20839,24,65,C-Group (Slow),C,3235
90169,25,64,C-Group (Slow),C,3236
21117,26,63,C-Group (Slow),C,3237
84926D,27,62,C-Group (Slow),C,3238
10124A,28,61,C-Group (Slow),C,3239
21764,29,60,C-Group (Slow),B,3240
90038A,30,59,C-Group (Slow),C,3241
90148,31,58,C-Group (Slow),C,3242
90168,32,57,C-Group (Slow),C,3243
90188,33,56,C-Group (Slow),C,3244
90214T,34,55,C-Group (Slow),C,3245
90002B,35,54,C-Group (Slow),C,3246
47552A,36,53,C-Group (Slow),C,3247
21761,37,52,C-Group (Slow),B,3248
90177B,38,51,C-Group (Slow),C,3249
90116,39,50,C-Group (Slow),C,3250
90018C,40,49,C-Group (Slow),C,3251
20861,41,48,C-Group (Slow),C,3252
90059C,42,47,C-Group (Slow),C,3253
17129C,43,46,C-Group (Slow),C,3254
35913B,44,45,C-Group (Slow),C,3255
90035A,45,44,C-Group (Slow),C,3256
85018A,46,43,C-Group (Slow),C,3257
21420,47,42,C-Group (Slow),C,3258
90162A,48,41,C-Group (Slow),C,3259
75178,49,40,C-Group (Slow),C,3260
84424A,6,84,C-Group (Slow),C,3261
84660A,7,83,C-Group (Slow),C,3262
90202C,8,82,C-Group (Slow),C,3263
90056,9,81,C-Group (Slow),C,3264
84925C,10,80,C-Group (Slow),C,3265
90177C,11,79,C-Group (Slow),C,3266
90194,12,78,C-Group (Slow),C,3267
72793,13,77,C-Group (Slow),C,3268
90214I,14,76,C-Group (Slow),C,3269
90185A,15,75,C-Group (Slow),C,3270
90016B,16,74,C-Group (Slow),C,3271
84870C,17,73,C-Group (Slow),C,3272
90100,18,72,C-Group (Slow),C,3273
90137,19,71,C-Group (Slow),C,3274
90199A,20,70,C-Group (Slow),C,3275
79303B,21,69,C-Group (Slow),C,3276
90037A,22,68,C-Group (Slow),C,3277
84745A,23,67,C-Group (Slow),C,3278
90181B,24,66,C-Group (Slow),C,3279
90160A,25,65,C-Group (Slow),C,3280
85023A,26,64,C-Group (Slow),C,3281
85161,27,63,C-Group (Slow),C,3282
16202E,28,62,C-Group (Slow),C,3283
21686,29,61,C-Group (Slow),B,3284
35610B,30,60,C-Group (Slow),C,3285
84967B,31,59,C-Group (Slow),B,3286
72798C,32,58,C-Group (Slow),C,3287
84804A,33,57,C-Group (Slow),C,3288
90024D,34,56,C-Group (Slow),C,3289
48103,35,55,C-Group (Slow),C,3290
21265,36,54,C-Group (Slow),C,3291
90214O,37,53,C-Group (Slow),C,3292
90014B,38,52,C-Group (Slow),C,3293
90114,39,51,C-Group (Slow),C,3294
84926B,40,50,C-Group (Slow),C,3295
90162B,41,49,C-Group (Slow),C,3296
72140F,42,48,C-Group (Slow),C,3297
90003C,43,47,C-Group (Slow),C,3298
90164A,44,46,C-Group (Slow),C,3299
47518f,45,45,C-Group (Slow),C,3300
17084J,46,44,C-Group (Slow),C,3301
90024E,47,43,C-Group (Slow),C,3302
20988,48,42,C-Group (Slow),C,3303
90130C,49,41,C-Group (Slow),C,3304
35936,7,84,C-Group (Slow),C,3305
TEST001,8,83,C-Group (Slow),C,3306
35085E,9,82,C-Group (Slow),C,3307
90178B,10,81,C-Group (Slow),C,3308
90177D,11,80,C-Group (Slow),C,3309
20697,12,79,C-Group (Slow),C,3310
35910A,13,78,C-Group (Slow),C,3311
84725,14,77,C-Group (Slow),C,3312
21264,15,76,C-Group (Slow),C,3313
84886,16,75,C-Group (Slow),C,3314
84622,17,74,C-Group (Slow),C,3315
84751B,18,73,C-Group (Slow),C,3316
21674,19,72,C-Group (Slow),B,3317
44089A,20,71,C-Group (Slow),C,3318
90092,21,70,C-Group (Slow),C,3319
21196,22,69,C-Group (Slow),C,3320
35646,23,68,C-Group (Slow),C,3321
16201A,24,67,C-Group (Slow),C,3322
84247J,25,66,C-Group (Slow),C,3323
84425A,26,65,C-Group (Slow),C,3324
90156,27,64,C-Group (Slow),C,3325
90138,28,63,C-Group (Slow),C,3326
84921,29,62,C-Group (Slow),C,3327
85018B,30,61,C-Group (Slow),C,3328
84706B,31,60,C-Group (Slow),C,3329
21266,32,59,C-Group (Slow),C,3330
90121B,33,58,C-Group (Slow),C,3331
17084A,34,57,C-Group (Slow),C,3332
90124A,35,56,C-Group (Slow),C,3333
35911B,36,55,C-Group (Slow),C,3334
37491C,37,54,C-Group (Slow),C,3335
90067A,38,53,C-Group (Slow),C,3336
84806A,39,52,C-Group (Slow),C,3337
71215,40,51,C-Group (Slow),C,3338
84744,41,50,C-Group (Slow),C,3339
90101,42,49,C-Group (Slow),C,3340
85019C,43,48,C-Group (Slow),C,3341
90023,44,47,C-Group (Slow),C,3342
21337,45,46,C-Group (Slow),C,3343
84875A,46,45,C-Group (Slow),C,3344
90214F,47,44,C-Group (Slow),C,3345
17012D,48,43,C-Group (Slow),C,3346
37491D,49,42,C-Group (Slow),C,3347
84414B,8,84,C-Group (Slow),C,3348
84906,9,83,C-Group (Slow),C,3349
35607B,10,82,C-Group (Slow),C,3350
84586L,11,81,C-Group (Slow),C,3351
62086A,12,80,C-Group (Slow),C,3352
90162D,13,79,C-Group (Slow),C,3353
20860,14,78,C-Group (Slow),C,3354
79413,15,77,C-Group (Slow),C,3355
90123A,16,76,C-Group (Slow),C,3356
90196B,17,75,C-Group (Slow),C,3357
21353,18,74,C-Group (Slow),C,3358
84613C,19,73,C-Group (Slow),C,3359
90036D,20,72,C-Group (Slow),C,3360
90028,21,71,C-Group (Slow),C,3361
90190B,22,70,C-Group (Slow),C,3362
85179A,23,69,C-Group (Slow),C,3363
84509e,24,68,C-Group (Slow),C,3364
84816,25,67,C-Group (Slow),B,3365
90036F,26,66,C-Group (Slow),C,3366
90179C,27,65,C-Group (Slow),C,3367
37489A,28,64,C-Group (Slow),C,3368
85024B,29,63,C-Group (Slow),C,3369
90162C,30,62,C-Group (Slow),C,3370
78033,31,61,C-Group (Slow),C,3371
22794,32,60,C-Group (Slow),C,3372
90033,33,59,C-Group (Slow),C,3373
90199D,34,58,C-Group (Slow),C,3374
20953,35,57,C-Group (Slow),C,3375
90026A,36,56,C-Group (Slow),C,3376
90150,37,55,C-Group (Slow),C,3377
90036C,38,54,C-Group (Slow),C,3378
90130A,39,53,C-Group (Slow),C,3379
84877A,40,52,C-Group (Slow),C,3380
90084,41,51,C-Group (Slow),C,3381
71495B,42,50,C-Group (Slow),C,3382
35233,43,49,C-Group (Slow),C,3383
90079,44,48,C-Group (Slow),C,3384
90146,45,47,C-Group (Slow),C,3385
22762,46,46,C-Group (Slow),C,3386
90191,47,45,C-Group (Slow),C,3387
84548,48,44,C-Group (Slow),C,3388
20847,49,43,C-Group (Slow),C,3389
44241C,9,84,C-Group (Slow),C,3390
90019B,10,83,C-Group (Slow),C,3391
84858A,11,82,C-Group (Slow),C,3392
71495A,12,81,C-Group (Slow),C,3393
35637C,13,80,C-Group (Slow),C,3394
17012F,14,79,C-Group (Slow),C,3395
90123B,15,78,C-Group (Slow),C,3396
84367,16,77,C-Group (Slow),C,3397
72369A,17,76,C-Group (Slow),C,3398
84226,18,75,C-Group (Slow),C,3399
90205C,19,74,C-Group (Slow),C,3400
90016A,20,73,C-Group (Slow),C,3401
16206B,21,72,C-Group (Slow),C,3402
20667,22,71,C-Group (Slow),C,3403
90037D,23,70,C-Group (Slow),C,3404
84926E,24,69,C-Group (Slow),C,3405
35633B,25,68,C-Group (Slow),C,3406
90210A,26,67,C-Group (Slow),C,3407
72821,27,66,C-Group (Slow),C,3408
37491A,28,65,C-Group (Slow),C,3409
90040C,29,64,C-Group (Slow),C,3410
35610A,30,63,C-Group (Slow),C,3411
90037C,31,62,C-Group (Slow),C,3412
62074B,32,61,C-Group (Slow),C,3413
90011B,33,60,C-Group (Slow),C,3414
84251B,34,59,C-Group (Slow),C,3415
40005B,35,58,C-Group (Slow),C,3416
20887,36,57,C-Group (Slow),C,3417
85225,37,56,C-Group (Slow),C,3418
35912B,38,55,C-Group (Slow),C,3419
90054,39,54,C-Group (Slow),C,3420
17091F,40,53,C-Group (Slow),C,3421
71510,41,52,C-Group (Slow),C,3422
85079,42,51,C-Group (Slow),C,3423
21596,43,50,C-Group (Slow),C,3424
84614A,44,49,C-Group (Slow),C,3425
81985A,45,48,C-Group (Slow),C,3426
90202A,46,47,C-Group (Slow),C,3427
84562B,47,46,C-Group (Slow),C,3428
90123D,48,45,C-Group (Slow),C,3429
37477B,49,44,C-Group (Slow),C,3430
84705A,10,84,C-Group (Slow),C,3431
22869,11,83,C-Group (Slow),C,3432
90036B,12,82,C-Group (Slow),C,3433
84859B,13,81,C-Group (Slow),C,3434
16008,14,80,C-Group (Slow),C,3435
84249A,15,79,C-Group (Slow),C,3436
37348,16,78,C-Group (Slow),C,3437
84830,17,77,C-Group (Slow),B,3438
90048,18,76,C-Group (Slow),C,3439
35932,19,75,C-Group (Slow),C,3440
16245A,20,74,C-Group (Slow),C,3441
85184B,21,73,C-Group (Slow),C,3442
20958,22,72,C-Group (Slow),C,3443
37491B,23,71,C-Group (Slow),C,3444
84549,24,70,C-Group (Slow),C,3445
84711A,25,69,C-Group (Slow),C,3446
90027B,26,68,C-Group (Slow),C,3447
90027D,27,67,C-Group (Slow),C,3448
17191A,28,66,C-Group (Slow),C,3449
84809B,29,65,C-Group (Slow),C,3450
84766,30,64,C-Group (Slow),C,3451
72083A,31,63,C-Group (Slow),C,3452
20870,32,62,C-Group (Slow),C,3453
84746,33,61,C-Group (Slow),C,3454
84963A,34,60,C-Group (Slow),C,3455
84803B,35,59,C-Group (Slow),C,3456
22657,36,58,C-Group (Slow),C,3457
84705C,37,57,C-Group (Slow),C,3458
84539,38,56,C-Group (Slow),C,3459
90180B,39,55,C-Group (Slow),C,3460
21097,40,54,C-Group (Slow),C,3461
35816P,41,53,C-Group (Slow),C,3462
72024U,42,52,C-Group (Slow),C,3463
90183B,43,51,C-Group (Slow),C,3464
84723,44,50,C-Group (Slow),C,3465
84876B,45,49,C-Group (Slow),C,3466
90196A,46,48,C-Group (Slow),C,3467
84798A,47,47,C-Group (Slow),C,3468
10124G,48,46,C-Group (Slow),C,3469
47369B,49,45,C-Group (Slow),C,3470
90205A,11,84,C-Group (Slow),C,3471
90063B,12,83,C-Group (Slow),C,3472
35644,13,82,C-Group (Slow),C,3473
20825,14,81,C-Group (Slow),B,3474
90209A,15,80,C-Group (Slow),C,3475
90179B,16,79,C-Group (Slow),C,3476
45013,17,78,C-Group (Slow),C,3477
84613A,18,77,C-Group (Slow),C,3478
DCGS0003,19,76,C-Group (Slow),C,3479
72783,20,75,C-Group (Slow),C,3480
17014E,21,74,C-Group (Slow),C,3481
47583A,22,73,C-Group (Slow),B,3482
90001B,23,72,C-Group (Slow),C,3483
37327,24,71,C-Group (Slow),C,3484
90123C,25,70,C-Group (Slow),C,3485
90053,26,69,C-Group (Slow),C,3486
90003E,27,68,C-Group (Slow),C,3487
22799,28,67,C-Group (Slow),C,3488
90125E,29,66,C-Group (Slow),C,3489
84575A,30,65,C-Group (Slow),C,3490
22827,31,64,C-Group (Slow),B,3491
90001A,32,63,C-Group (Slow),C,3492
84201B,33,62,C-Group (Slow),C,3493
90064A,34,61,C-Group (Slow),C,3494
51012L,35,60,C-Group (Slow),C,3495
90011A,36,59,C-Group (Slow),C,3496
90058A,37,58,C-Group (Slow),C,3497
84599,38,57,C-Group (Slow),C,3498
84371,39,56,C-Group (Slow),C,3499
84206A,40,55,C-Group (Slow),C,3500
17014A,41,54,C-Group (Slow),C,3501
22777,42,53,C-Group (Slow),C,3502
90024C,43,52,C-Group (Slow),C,3503
90202B,44,51,C-Group (Slow),C,3504
84765,45,50,C-Group (Slow),C,3505
35610C,46,49,C-Group (Slow),C,3506
47583B,47,48,C-Group (Slow),C,3507
90046,48,47,C-Group (Slow),C,3508
90111,49,46,C-Group (Slow),C,3509
90001D,12,84,C-Group (Slow),C,3510
84805B,13,83,C-Group (Slow),C,3511
20823,14,82,C-Group (Slow),C,3512
90025C,15,81,C-Group (Slow),C,3513
20838,16,80,C-Group (Slow),C,3514
47343A,17,79,C-Group (Slow),C,3515
90125A,18,78,C-Group (Slow),C,3516
84706F,19,77,C-Group (Slow),C,3517
84782B,20,76,C-Group (Slow),C,3518
90029,21,75,C-Group (Slow),C,3519
72753C,22,74,C-Group (Slow),C,3520
90183A,23,73,C-Group (Slow),C,3521
35819B,24,72,C-Group (Slow),C,3522
90128A,25,71,C-Group (Slow),C,3523
16054,26,70,C-Group (Slow),C,3524
44236,27,69,C-Group (Slow),C,3525
90039C,28,68,C-Group (Slow),C,3526
35001B,29,67,C-Group (Slow),C,3527
84914A,30,66,C-Group (Slow),C,3528
16201B,31,65,C-Group (Slow),C,3529
21919,32,64,C-Group (Slow),C,3530
84867A,33,63,C-Group (Slow),C,3531
21595,34,62,C-Group (Slow),C,3532
90187A,35,61,C-Group (Slow),C,3533
90083,36,60,C-Group (Slow),C,3534
90030C,37,59,C-Group (Slow),C,3535
37112,38,58,C-Group (Slow),C,3536
35654,39,57,C-Group (Slow),C,3537
35638B,40,56,C-Group (Slow),C,3538
35933,41,55,C-Group (Slow),C,3539
90189A,42,54,C-Group (Slow),C,3540
20816,43,53,C-Group (Slow),C,3541
90108,44,52,C-Group (Slow),C,3542
20820,45,51,C-Group (Slow),C,3543
90124C,46,50,C-Group (Slow),C,3544
16045,47,49,C-Group (Slow),C,3545
90037B,48,48,C-Group (Slow),C,3546
84450A,49,47,C-Group (Slow),C,3547
22882,13,84,C-Group (Slow),C,3548
90025E,14,83,C-Group (Slow),C,3549
90039B,15,82,C-Group (Slow),C,3550
62043B,16,81,C-Group (Slow),C,3551
79329,17,80,C-Group (Slow),C,3552
21309,18,79,C-Group (Slow),C,3553
84705F,19,78,C-Group (Slow),C,3554
17013F,20,77,C-Group (Slow),C,3555
84427B,21,76,C-Group (Slow),C,3556
20836,22,75,C-Group (Slow),C,3557
90141A,23,74,C-Group (Slow),C,3558
72709,24,73,C-Group (Slow),C,3559
35910B,25,72,C-Group (Slow),C,3560
90059B,26,71,C-Group (Slow),C,3561
90038C,27,70,C-Group (Slow),C,3562
35918B,28,69,C-Group (Slow),C,3563
90214V,29,68,C-Group (Slow),C,3564
35597B,30,67,C-Group (Slow),C,3565
47351B,31,66,C-Group (Slow),C,3566
90181A,32,65,C-Group (Slow),C,3567
84795E,33,64,C-Group (Slow),C,3568
35995,34,63,C-Group (Slow),C,3569
gift_0001_10,35,62,C-Group (Slow),C,3570
90176A,36,61,C-Group (Slow),C,3571
84292B,37,60,C-Group (Slow),C,3572
72708,38,59,C-Group (Slow),C,3573
21369,39,58,C-Group (Slow),C,3574
78027,40,57,C-Group (Slow),C,3575
90027C,41,56,C-Group (Slow),C,3576
72796A,42,55,C-Group (Slow),C,3577
79331,43,54,C-Group (Slow),C,3578
84529B,44,53,C-Group (Slow),C,3579
44242B,45,52,C-Group (Slow),C,3580
90187B,46,51,C-Group (Slow),C,3581
84891B,47,50,C-Group (Slow),C,3582
90063A,48,49,C-Group (Slow),C,3583
84593,49,48,C-Group (Slow),C,3584
37489B,14,84,C-Group (Slow),C,3585
90130D,15,83,C-Group (Slow),C,3586
90042B,16,82,C-Group (Slow),C,3587
90038B,17,81,C-Group (Slow),C,3588
90011C,18,80,C-Group (Slow),C,3589
90177A,19,79,C-Group (Slow),C,3590
20833,20,78,C-Group (Slow),B,3591
20877,21,77,C-Group (Slow),C,3592
84726,22,76,C-Group (Slow),C,3593
35596,23,75,C-Group (Slow),C,3594
22968,24,74,C-Group (Slow),C,3595
47504J,25,73,C-Group (Slow),C,3596
84805A,26,72,C-Group (Slow),C,3597
35651,27,71,C-Group (Slow),C,3598
81950V,28,70,C-Group (Slow),C,3599
90182C,29,69,C-Group (Slow),C,3600
90126C,30,68,C-Group (Slow),C,3601
22783,31,67,C-Group (Slow),C,3602
46775B,32,66,C-Group (Slow),C,3603
84876C,33,65,C-Group (Slow),C,3604
20848,34,64,C-Group (Slow),C,3605
90141B,35,63,C-Group (Slow),C,3606
90075,36,62,C-Group (Slow),C,3607
22830,37,61,C-Group (Slow),C,3608
35955,38,60,C-Group (Slow),C,3609
84963B,39,59,C-Group (Slow),C,3610
84608,40,58,C-Group (Slow),C,3611
90060D,41,57,C-Group (Slow),C,3612
84864A,42,56,C-Group (Slow),C,3613
90151,43,55,C-Group (Slow),C,3614
22808,44,54,C-Group (Slow),C,3615
90119,45,53,C-Group (Slow),C,3616
90055,46,52,C-Group (Slow),C,3617
90141C,47,51,C-Group (Slow),C,3618
90197D,48,50,C-Group (Slow),C,3619
17014F,49,49,C-Group (Slow),C,3620
72785A,15,84,C-Group (Slow),C,3621
22856,16,83,C-Group (Slow),C,3622
90043,17,82,C-Group (Slow),C,3623
84838,18,81,C-Group (Slow),C,3624
84732D,19,80,C-Group (Slow),C,3625
90179A,20,79,C-Group (Slow),C,3626
35265,21,78,C-Group (Slow),C,3627
90183C,22,77,C-Group (Slow),C,3628
90214Z,23,76,C-Group (Slow),C,3629
90181C,24,75,C-Group (Slow),C,3630
21387,25,74,C-Group (Slow),C,3631
79172D,26,73,C-Group (Slow),C,3632
84415A,27,72,C-Group (Slow),C,3633
22987,28,71,C-Group (Slow),C,3634
21560,29,70,C-Group (Slow),C,3635
90026D,30,69,C-Group (Slow),C,3636
20826,31,68,C-Group (Slow),C,3637
84868B,32,67,C-Group (Slow),C,3638
35591T,33,66,C-Group (Slow),C,3639
84743C,34,65,C-Group (Slow),C,3640
35818B,35,64,C-Group (Slow),C,3641
90128D,36,63,C-Group (Slow),C,3642
37489C,37,62,C-Group (Slow),C,3643
90125B,38,61,C-Group (Slow),C,3644
90035C,39,60,C-Group (Slow),C,3645
84030B,40,59,C-Group (Slow),C,3646
17011D,41,58,C-Group (Slow),C,3647
17174,42,57,C-Group (Slow),C,3648
90011E,43,56,C-Group (Slow),C,3649
10080,44,55,C-Group (Slow),C,3650
20895,45,54,C-Group (Slow),C,3651
90099,46,53,C-Group (Slow),C,3652
20942,47,52,C-Group (Slow),C,3653
90064B,48,51,C-Group (Slow),C,3654
17007B,49,50,C-Group (Slow),C,3655
21081,16,84,C-Group (Slow),C,3656
90163B,17,83,C-Group (Slow),C,3657
35443,18,82,C-Group (Slow),C,3658
84551,19,81,C-Group (Slow),C,3659
16162M,20,80,C-Group (Slow),C,3660
22761,21,79,C-Group (Slow),C,3661
20680,22,78,C-Group (Slow),C,3662
84757,23,77,C-Group (Slow),C,3663
90001C,24,76,C-Group (Slow),C,3664
84967C,25,75,C-Group (Slow),C,3665
47369A,26,74,C-Group (Slow),C,3666
90035B,27,73,C-Group (Slow),C,3667
21347,28,72,C-Group (Slow),C,3668
84086B,29,71,C-Group (Slow),C,3669
90149,30,70,C-Group (Slow),C,3670
20905,31,69,C-Group (Slow),C,3671
90210C,32,68,C-Group (Slow),C,3672
84415B,33,67,C-Group (Slow),C,3673
84612B,34,66,C-Group (Slow),C,3674
90176C,35,65,C-Group (Slow),C,3675
90140,36,64,C-Group (Slow),C,3676
90067B,37,63,C-Group (Slow),C,3677
90126A,38,62,C-Group (Slow),C,3678
DCGS0069,39,61,C-Group (Slow),C,3679
46137D,40,60,C-Group (Slow),C,3680
84706C,41,59,C-Group (Slow),C,3681
84942,42,58,C-Group (Slow),C,3682
90020,43,57,C-Group (Slow),C,3683
84720,44,56,C-Group (Slow),C,3684
90069,45,55,C-Group (Slow),C,3685
84965B,46,54,C-Group (Slow),B,3686
90051,47,53,C-Group (Slow),C,3687
84550,48,52,C-Group (Slow),C,3688
22825,49,51,C-Group (Slow),C,3689
79149B,17,84,C-Group (Slow),C,3690
90076,18,83,C-Group (Slow),C,3691
84632,19,82,C-Group (Slow),C,3692
84857A,20,81,C-Group (Slow),C,3693
47016,21,80,C-Group (Slow),C,3694
84823,22,79,C-Group (Slow),C,3695
90128B,23,78,C-Group (Slow),C,3696
84967A,24,77,C-Group (Slow),C,3697
90095,25,76,C-Group (Slow),C,3698
84366,26,75,C-Group (Slow),C,3699
47341B,27,74,C-Group (Slow),C,3700
35817B,28,73,C-Group (Slow),C,3701
47344B,29,72,C-Group (Slow),C,3702
18097B,30,71,C-Group (Slow),C,3703
21853,31,70,C-Group (Slow),C,3704
35909B,32,69,C-Group (Slow),C,3705
21119,33,68,C-Group (Slow),C,3706
90135A,34,67,C-Group (Slow),C,3707
90078,35,66,C-Group (Slow),C,3708
90030A,36,65,C-Group (Slow),C,3709
90152C,37,64,C-Group (Slow),C,3710
90118,38,63,C-Group (Slow),C,3711
84925E,39,62,C-Group (Slow),C,3712
90082C,40,61,C-Group (Slow),C,3713
84546,41,60,C-Group (Slow),C,3714
21450,42,59,C-Group (Slow),C,3715
21699,43,58,C-Group (Slow),C,3716
84798C,44,57,C-Group (Slow),C,3717
72805,45,56,C-Group (Slow),C,3718
40046C,46,55,C-Group (Slow),C,3719
84575B,47,54,C-Group (Slow),C,3720
72785B,48,53,C-Group (Slow),C,3721
21310,49,52,C-Group (Slow),C,3722
18098B,18,84,C-Group (Slow),C,3723
84617,19,83,C-Group (Slow),C,3724
37409,20,82,C-Group (Slow),C,3725
90131,21,81,C-Group (Slow),C,3726
10002R,22,80,C-Group (Slow),C,3727
84966B,23,79,C-Group (Slow),C,3728
84732B,24,78,C-Group (Slow),C,3729
85018C,25,77,C-Group (Slow),C,3730
81953P,26,76,C-Group (Slow),C,3731
84814B,27,75,C-Group (Slow),C,3732
90027A,28,74,C-Group (Slow),C,3733
47563B,29,73,C-Group (Slow),C,3734
22885,30,72,C-Group (Slow),C,3735
62097A,31,71,C-Group (Slow),C,3736
90060C,32,70,C-Group (Slow),C,3737
90052,33,69,C-Group (Slow),C,3738
22878,34,68,C-Group (Slow),C,3739
90126B,35,67,C-Group (Slow),C,3740
44091A,36,66,C-Group (Slow),C,3741
90024A,37,65,C-Group (Slow),C,3742
90012B,38,64,C-Group (Slow),C,3743
20827,39,63,C-Group (Slow),C,3744
90026B,40,62,C-Group (Slow),C,3745
90206A,41,61,C-Group (Slow),C,3746
75172,42,60,C-Group (Slow),C,3747
22206,43,59,C-Group (Slow),C,3748
35816B,44,58,C-Group (Slow),C,3749
90025F,45,57,C-Group (Slow),C,3750
44265,46,56,C-Group (Slow),C,3751
ADJUST2,47,55,C-Group (Slow),B,3752
90128C,48,54,C-Group (Slow),C,3753
20812,49,53,C-Group (Slow),C,3754
90060B,19,84,C-Group (Slow),C,3755
DCGS0004,20,83,C-Group (Slow),C,3756
35537,21,82,C-Group (Slow),C,3757
35821B,22,81,C-Group (Slow),C,3758
84611B,23,80,C-Group (Slow),C,3759
DCGS0072,24,79,C-Group (Slow),C,3760
90141E,25,78,C-Group (Slow),C,3761
20964,26,77,C-Group (Slow),C,3762
84629,27,76,C-Group (Slow),C,3763
21343,28,75,C-Group (Slow),C,3764
18097A,29,74,C-Group (Slow),C,3765
85070,30,73,C-Group (Slow),C,3766
16215,31,72,C-Group (Slow),C,3767
71496A,32,71,C-Group (Slow),C,3768
20884,33,70,C-Group (Slow),C,3769
84966A,34,69,C-Group (Slow),C,3770
81953B,35,68,C-Group (Slow),C,3771
44217M,36,67,C-Group (Slow),C,3772
37489D,37,66,C-Group (Slow),C,3773
82072,38,65,C-Group (Slow),C,3774
90034,39,64,C-Group (Slow),C,3775
78034B,40,63,C-Group (Slow),C,3776
90141D,41,62,C-Group (Slow),C,3777
90132,42,61,C-Group (Slow),C,3778
90212C,43,60,C-Group (Slow),C,3779
85192S,44,59,C-Group (Slow),C,3780
22887,45,58,C-Group (Slow),C,3781
90154,46,57,C-Group (Slow),C,3782
82011E,47,56,C-Group (Slow),C,3783
22857,48,55,C-Group (Slow),C,3784
90152B,49,54,C-Group (Slow),C,3785
35980B,20,84,C-Group (Slow),C,3786
21857,21,83,C-Group (Slow),C,3787
22883,22,82,C-Group (Slow),C,3788
44092C,23,81,C-Group (Slow),C,3789
22859,24,80,C-Group (Slow),C,3790
17013C,25,79,C-Group (Slow),C,3791
20835,26,78,C-Group (Slow),C,3792
20837,27,77,C-Group (Slow),C,3793
22872,28,76,C-Group (Slow),C,3794
84868A,29,75,C-Group (Slow),C,3795
90102,30,74,C-Group (Slow),C,3796
85179C,31,73,C-Group (Slow),C,3797
35823P,32,72,C-Group (Slow),C,3798
84965A,33,71,C-Group (Slow),B,3799
90091,34,70,C-Group (Slow),C,3800
90012A,35,69,C-Group (Slow),C,3801
21511,36,68,C-Group (Slow),C,3802
90041,37,67,C-Group (Slow),C,3803
35821P,38,66,C-Group (Slow),C,3804
35909A,39,65,C-Group (Slow),C,3805
90049,40,64,C-Group (Slow),C,3806
22782,41,63,C-Group (Slow),C,3807
DCGS0068,42,62,C-Group (Slow),C,3808
22875,43,61,C-Group (Slow),C,3809
22770,44,60,C-Group (Slow),C,3810
85186B,45,59,C-Group (Slow),C,3811
84206C,46,58,C-Group (Slow),C,3812
35611B,47,57,C-Group (Slow),C,3813
21858,48,56,C-Group (Slow),C,3814
20882,49,55,C-Group (Slow),C,3815
71496B,21,84,C-Group (Slow),C,3816
90024F,22,83,C-Group (Slow),C,3817
17014C,23,82,C-Group (Slow),C,3818
71434B,24,81,C-Group (Slow),C,3819
90189B,25,80,C-Group (Slow),C,3820
90176D,26,79,C-Group (Slow),C,3821
gift_0001_40,27,78,C-Group (Slow),C,3822
21852,28,77,C-Group (Slow),C,3823
85083,29,76,C-Group (Slow),C,3824
71050,30,75,C-Group (Slow),C,3825
90011D,31,74,C-Group (Slow),C,3826
37326,32,73,C-Group (Slow),C,3827
90142A,33,72,C-Group (Slow),C,3828
20881,34,71,C-Group (Slow),C,3829
21594,35,70,C-Group (Slow),C,3830
35652,36,69,C-Group (Slow),C,3831
90000C,37,68,C-Group (Slow),C,3832
90077,38,67,C-Group (Slow),C,3833
20673,39,66,C-Group (Slow),C,3834
22803,40,65,C-Group (Slow),C,3835
90125C,41,64,C-Group (Slow),C,3836
37488A,42,63,C-Group (Slow),C,3837
78056,43,62,C-Group (Slow),C,3838
90074,44,61,C-Group (Slow),C,3839
84570B,45,60,C-Group (Slow),C,3840
90152A,46,59,C-Group (Slow),C,3841
16151A,47,58,C-Group (Slow),C,3842
84201C,48,57,C-Group (Slow),C,3843
SP1002,49,56,C-Group (Slow),C,3844
90039A,22,84,C-Group (Slow),C,3845
22879,23,83,C-Group (Slow),C,3846
35051B,24,82,C-Group (Slow),C,3847
90025B,25,81,C-Group (Slow),C,3848
21525,26,80,C-Group (Slow),C,3849
35751C,27,79,C-Group (Slow),C,3850
90066A,28,78,C-Group (Slow),C,3851
35001P,29,77,C-Group (Slow),C,3852
22884,30,76,C-Group (Slow),C,3853
85185E,31,75,C-Group (Slow),C,3854
75011,32,74,C-Group (Slow),C,3855
16248B,33,73,C-Group (Slow),C,3856
90013E,34,72,C-Group (Slow),C,3857
17011B,35,71,C-Group (Slow),C,3858
18098A,36,70,C-Group (Slow),C,3859
79140,37,69,C-Group (Slow),C,3860
22874,38,68,C-Group (Slow),C,3861
37479P,39,67,C-Group (Slow),C,3862
17084G,40,66,C-Group (Slow),C,3863
46037A,41,65,C-Group (Slow),C,3864
72752B,42,64,C-Group (Slow),C,3865
90031,43,63,C-Group (Slow),C,3866
78026,44,62,C-Group (Slow),C,3867
90050,45,61,C-Group (Slow),C,3868
48175,46,60,C-Group (Slow),C,3869
21225,47,59,C-Group (Slow),C,3870
22873,48,58,C-Group (Slow),C,3871
35603B,49,57,C-Group (Slow),C,3872
21685,23,84,C-Group (Slow),C,3873
DCGS0066N,24,83,C-Group (Slow),C,3874
90026C,25,82,C-Group (Slow),C,3875
gift_0001_50,26,81,C-Group (Slow),C,3876
84721,27,80,C-Group (Slow),C,3877
90025D,28,79,C-Group (Slow),C,3878
90127B,29,78,C-Group (Slow),C,3879
84679,30,77,C-Group (Slow),C,3880
22823,31,76,C-Group (Slow),C,3881
35597D,32,75,C-Group (Slow),C,3882
84962,33,74,C-Group (Slow),C,3883
84255A,34,73,C-Group (Slow),C,3884
20858,35,72,C-Group (Slow),C,3885
62097B,36,71,C-Group (Slow),C,3886
21854,37,70,C-Group (Slow),C,3887
40002,38,69,C-Group (Slow),C,3888
16192,39,68,C-Group (Slow),C,3889
22850,40,67,C-Group (Slow),C,3890
85230C,41,66,C-Group (Slow),C,3891
72751B,42,65,C-Group (Slow),C,3892
71101A,43,64,C-Group (Slow),C,3893
17011E,44,63,C-Group (Slow),C,3894
gift_0001_70,45,62,C-Group (Slow),C,3895
84964A,46,61,C-Group (Slow),B,3896
84966C,47,60,C-Group (Slow),C,3897
85069,48,59,C-Group (Slow),C,3898
47569,49,58,C-Group (Slow),C,3899
45014,24,84,C-Group (Slow),C,3900
21496,25,83,C-Group (Slow),C,3901
37451,26,82,C-Group (Slow),C,3902
35974,27,81,C-Group (Slow),C,3903
DCGS0070,28,80,C-Group (Slow),C,3904
84206B,29,79,C-Group (Slow),C,3905
84814A,30,78,C-Group (Slow),C,3906
47341A,31,77,C-Group (Slow),C,3907
37468,32,76,C-Group (Slow),C,3908
gift_0001_80,33,75,C-Group (Slow),C,3909
79301,34,74,C-Group (Slow),C,3910
84964B,35,73,C-Group (Slow),B,3911
22880,36,72,C-Group (Slow),C,3912
84205C,37,71,C-Group (Slow),C,3913
21585,38,70,C-Group (Slow),C,3914
35598C,39,69,C-Group (Slow),C,3915
85095,40,68,C-Group (Slow),C,3916
37432,41,67,C-Group (Slow),C,3917
47554,42,66,C-Group (Slow),C,3918
48173A,43,65,C-Group (Slow),C,3919
90081B,44,64,C-Group (Slow),C,3920
44242A,45,63,C-Group (Slow),C,3921
20721,46,62,C-Group (Slow),C,3922
47556,47,61,C-Group (Slow),C,3923
84567,48,60,C-Group (Slow),C,3924
79070b,49,59,C-Group (Slow),C,3925
46138D,25,84,C-Group (Slow),C,3926
10109,26,83,C-Group (Slow),C,3927
35638A,27,82,C-Group (Slow),C,3928
85230D,28,81,C-Group (Slow),C,3929
90004A,29,80,C-Group (Slow),C,3930
35945,30,79,C-Group (Slow),C,3931
21772,31,78,C-Group (Slow),C,3932
90182B,32,77,C-Group (Slow),C,3933
84731,33,76,C-Group (Slow),C,3934
85123b,34,75,C-Group (Slow),C,3935
DCGS0062,35,74,C-Group (Slow),C,3936
30086C,36,73,C-Group (Slow),C,3937
22881,37,72,C-Group (Slow),C,3938
85024A,38,71,C-Group (Slow),C,3939
72740B,39,70,C-Group (Slow),C,3940
16169A,40,69,C-Group (Slow),C,3941
84648,41,68,C-Group (Slow),C,3942
35976B,42,67,C-Group (Slow),C,3943
35837,43,66,C-Group (Slow),C,3944
20737,44,65,C-Group (Slow),C,3945
22876,45,64,C-Group (Slow),C,3946
TEST002,46,63,C-Group (Slow),C,3947
72751A,47,62,C-Group (Slow),C,3948
85171,48,61,C-Group (Slow),C,3949
22871,49,60,C-Group (Slow),C,3950
22877,26,84,C-Group (Slow),C,3951
22961,27,83,C-Group (Slow),C,3952
85077,28,82,C-Group (Slow),C,3953
21475,29,81,C-Group (Slow),C,3954
22868,30,80,C-Group (Slow),C,3955
37438,31,79,C-Group (Slow),C,3956
37408,32,78,C-Group (Slow),C,3957
84867b,33,77,C-Group (Slow),C,3958
16010,34,76,C-Group (Slow),C,3959
79157B,35,75,C-Group (Slow),C,3960
72751C,36,74,C-Group (Slow),C,3961
85115B,37,73,C-Group (Slow),C,3962
22802,38,72,C-Group (Slow),C,3963
DCGS0044,39,71,C-Group (Slow),C,3964
21290,40,70,C-Group (Slow),C,3965
20885,41,69,C-Group (Slow),C,3966
22860,42,68,C-Group (Slow),C,3967
21838,43,67,C-Group (Slow),C,3968
47348A,44,66,C-Group (Slow),C,3969
22889,45,65,C-Group (Slow),C,3970
21008,46,64,C-Group (Slow),C,3971
20954,47,63,C-Group (Slow),C,3972
20939,48,62,C-Group (Slow),C,3973
22870,49,61,C-Group (Slow),C,3974
90021,27,84,C-Group (Slow),C,3975
35751D,28,83,C-Group (Slow),C,3976
35822P,29,82,C-Group (Slow),C,3977
85157,30,81,C-Group (Slow),C,3978
22886,31,80,C-Group (Slow),C,3979
72754D,32,79,C-Group (Slow),C,3980
20791,33,78,C-Group (Slow),C,3981
21036,34,77,C-Group (Slow),C,3982
DCGS0041,35,76,C-Group (Slow),C,3983
72752A,36,75,C-Group (Slow),C,3984
44092B,37,74,C-Group (Slow),C,3985
84572,38,73,C-Group (Slow),C,3986
21409,39,72,C-Group (Slow),C,3987
90068,40,71,C-Group (Slow),C,3988
84311,41,70,C-Group (Slow),C,3989
85232C,42,69,C-Group (Slow),C,3990
22351,43,68,C-Group (Slow),C,3991
90214W,44,67,C-Group (Slow),C,3992
17061,45,66,C-Group (Slow),C,3993
35818C,46,65,C-Group (Slow),C,3994
37481,47,64,C-Group (Slow),C,3995
21767,48,63,C-Group (Slow),C,3996
21406,49,62,C-Group (Slow),C,3997
72796C,28,84,C-Group (Slow),C,3998
84630,29,83,C-Group (Slow),C,3999
37484,30,82,C-Group (Slow),C,4000
85072,31,81,C-Group (Slow),C,4001
35950,32,80,C-Group (Slow),C,4002
35597A,33,79,C-Group (Slow),C,4003
DCGS0075,34,78,C-Group (Slow),C,4004
16169G,35,77,C-Group (Slow),C,4005
79303A,36,76,C-Group (Slow),C,4006
35815P,37,75,C-Group (Slow),C,4007
21860,38,74,C-Group (Slow),C,4008
85050,39,73,C-Group (Slow),C,4009
85043,40,72,C-Group (Slow),C,4010
22963,41,71,C-Group (Slow),C,4011
35598A,42,70,C-Group (Slow),C,4012
84614C,43,69,C-Group (Slow),C,4013
35999,44,68,C-Group (Slow),C,4014
20822,45,67,C-Group (Slow),C,4015
22828,46,66,C-Group (Slow),C,4016
84845A,47,65,C-Group (Slow),C,4017
20739,48,64,C-Group (Slow),C,4018
35930,49,63,C-Group (Slow),C,4019
84626,29,84,C-Group (Slow),C,4020
35650,30,83,C-Group (Slow),C,4021
79065A,31,82,C-Group (Slow),C,4022
72084B,32,81,C-Group (Slow),C,4023
DCGS0037,33,80,C-Group (Slow),C,4024
20683,34,79,C-Group (Slow),C,4025
